kegg_id,ncbi_gene_id
C00001,124
C00001,125
C00001,126
C00001,127
C00001,128
C00001,130
C00001,131
C00001,50814
C00001,3614
C00001,3615
C00001,7358
C00001,51478
C00001,79154
C00001,2879
C00001,10549
C00001,10935
C00001,25824
C00001,5052
C00001,7001
C00001,9588
C00001,847
C00001,137902
C00001,4025
C00001,7837
C00001,8288
C00001,7173
C00001,257202
C00001,2876
C00001,2877
C00001,2878
C00001,2880
C00001,2882
C00001,493869
C00001,4353
C00001,23474
C00001,240
C00001,55586
C00001,200424
C00001,54790
C00001,80312
C00001,57553
C00001,64780
C00001,9645
C00001,10229
C00001,1576
C00001,4842
C00001,4843
C00001,4846
C00001,2326
C00001,2327
C00001,2328
C00001,2329
C00001,2330
C00001,8564
C00001,100861540
C00001,107987478
C00001,107987479
C00001,11283
C00001,1543
C00001,1544
C00001,1545
C00001,1551
C00001,1553
C00001,1558
C00001,1562
C00001,1564
C00001,1565
C00001,1572
C00001,1573
C00001,1577
C00001,1579
C00001,1580
C00001,199974
C00001,260293
C00001,284541
C00001,29785
C00001,57834
C00001,64816
C00001,66002
C00001,1582
C00001,1588
C00001,1595
C00001,1589
C00001,6713
C00001,126410
C00001,3162
C00001,3163
C00001,1586
C00001,1581
C00001,120227
C00001,10858
C00001,51302
C00001,9420
C00001,1557
C00001,1559
C00001,4051
C00001,8529
C00001,285440
C00001,113612
C00001,1593
C00001,1591
C00001,1594
C00001,1584
C00001,1585
C00001,51004
C00001,1583
C00001,5053
C00001,7054
C00001,121278
C00001,7166
C00001,392636
C00001,1621
C00001,5066
C00001,7299
C00001,123099
C00001,8560
C00001,79152
C00001,6307
C00001,6319
C00001,79966
C00001,6309
C00001,9415
C00001,3992
C00001,339761
C00001,387521
C00001,387522
C00001,5742
C00001,5743
C00001,83475
C00001,9023
C00001,221656
C00001,23028
C00001,1356
C00001,2395
C00001,2495
C00001,341208
C00001,94033
C00001,9843
C00001,7498
C00001,50484
C00001,6240
C00001,6241
C00001,154807
C00001,79001
C00001,8309
C00001,1355
C00001,7915
C00001,217
C00001,219
C00001,223
C00001,224
C00001,501
C00001,64577
C00001,216
C00001,220
C00001,8854
C00001,218
C00001,221
C00001,222
C00001,8659
C00001,316
C00001,1371
C00001,554235
C00001,2746
C00001,2747
C00001,8528
C00001,4015
C00001,259307
C00001,314
C00001,8639
C00001,26
C00001,1610
C00001,4128
C00001,4129
C00001,55163
C00001,10840
C00001,160428
C00001,10157
C00001,51268
C00001,196743
C00001,54498
C00001,10587
C00001,114112
C00001,7296
C00001,6821
C00001,8991
C00001,51449
C00001,78991
C00001,285362
C00001,4482
C00001,22921
C00001,253827
C00001,51734
C00001,57412
C00001,6470
C00001,6472
C00001,275
C00001,2618
C00001,10243
C00001,22933
C00001,23408
C00001,23409
C00001,23410
C00001,23411
C00001,51547
C00001,51548
C00001,2194
C00001,102724197
C00001,124975
C00001,2678
C00001,2686
C00001,2687
C00001,1431
C00001,3157
C00001,3158
C00001,10720
C00001,10941
C00001,54490
C00001,54575
C00001,54576
C00001,54577
C00001,54578
C00001,54579
C00001,54600
C00001,54657
C00001,54658
C00001,54659
C00001,574537
C00001,7363
C00001,7364
C00001,7365
C00001,7366
C00001,7367
C00001,79799
C00001,5471
C00001,54187
C00001,1352
C00001,10314
C00001,119391
C00001,221357
C00001,25774
C00001,27306
C00001,2938
C00001,2939
C00001,2940
C00001,2941
C00001,2944
C00001,2946
C00001,2947
C00001,2948
C00001,2949
C00001,2950
C00001,2952
C00001,2953
C00001,373156
C00001,4257
C00001,4258
C00001,4259
C00001,653689
C00001,9446
C00001,27430
C00001,4143
C00001,4144
C00001,3145
C00001,4942
C00001,51166
C00001,56267
C00001,883
C00001,79693
C00001,22928
C00001,22929
C00001,55034
C00001,51091
C00001,1066
C00001,124641
C00001,221223
C00001,23491
C00001,8824
C00001,140733
C00001,28992
C00001,51365
C00001,285148
C00001,80821
C00001,1056
C00001,3988
C00001,9104
C00001,5444
C00001,5445
C00001,5446
C00001,11343
C00001,26090
C00001,57406
C00001,7920
C00001,138428
C00001,3396
C00001,391356
C00001,51651
C00001,119548
C00001,13
C00001,3990
C00001,5406
C00001,5407
C00001,5408
C00001,57104
C00001,80339
C00001,8513
C00001,9388
C00001,25796
C00001,9563
C00001,11145
C00001,54979
C00001,4023
C00001,100137049
C00001,100652777
C00001,123745
C00001,151056
C00001,255189
C00001,26279
C00001,283748
C00001,30814
C00001,391013
C00001,50487
C00001,5319
C00001,5320
C00001,5321
C00001,5322
C00001,64600
C00001,81579
C00001,8398
C00001,8399
C00001,84647
C00001,8605
C00001,8681
C00001,374569
C00001,5049
C00001,5050
C00001,5051
C00001,7941
C00001,10434
C00001,10908
C00001,11313
C00001,1178
C00001,23659
C00001,375775
C00001,54414
C00001,6121
C00001,43
C00001,313
C00001,3991
C00001,590
C00001,55347
C00001,92715
C00001,147111
C00001,134526
C00001,2098
C00001,10965
C00001,11332
C00001,117145
C00001,122970
C00001,153364
C00001,284486
C00001,570
C00001,641371
C00001,55301
C00001,127018
C00001,51104
C00001,5538
C00001,58489
C00001,81926
C00001,9374
C00001,10005
C00001,26275
C00001,3029
C00001,248
C00001,249
C00001,250
C00001,251
C00001,25819
C00001,2203
C00001,8789
C00001,8611
C00001,8612
C00001,8613
C00001,130367
C00001,81537
C00001,10106
C00001,10217
C00001,1033
C00001,11072
C00001,11221
C00001,11266
C00001,114971
C00001,128853
C00001,128854680
C00001,132160
C00001,134510
C00001,136157
C00001,142679
C00001,143506
C00001,147699
C00001,150290
C00001,151742
C00001,152926
C00001,160760
C00001,168448
C00001,1843
C00001,1844
C00001,1845
C00001,1846
C00001,1847
C00001,1848
C00001,1849
C00001,1850
C00001,1852
C00001,192111
C00001,196120
C00001,22843
C00001,23035
C00001,23239
C00001,23399
C00001,285193
C00001,29101
C00001,333926
C00001,338599
C00001,390031
C00001,390033
C00001,441584
C00001,51207
C00001,54434
C00001,5470
C00001,5475
C00001,54935
C00001,5494
C00001,5495
C00001,5496
C00001,54961
C00001,5499
C00001,5500
C00001,5501
C00001,5515
C00001,5516
C00001,5530
C00001,5531
C00001,55313
C00001,5532
C00001,5533
C00001,5536
C00001,5537
C00001,56940
C00001,5728
C00001,57460
C00001,58190
C00001,63904
C00001,78986
C00001,7957
C00001,79871
C00001,80824
C00001,80895
C00001,8446
C00001,8493
C00001,85464
C00001,8555
C00001,8556
C00001,9150
C00001,92235
C00001,9647
C00001,283871
C00001,51205
C00001,52
C00001,53
C00001,54
C00001,55
C00001,93650
C00001,3612
C00001,3613
C00001,140838
C00001,5723
C00001,11284
C00001,3633
C00001,4952
C00001,56623
C00001,8867
C00001,8871
C00001,196051
C00001,23175
C00001,64900
C00001,84513
C00001,9663
C00001,54704
C00001,57546
C00001,5207
C00001,5208
C00001,5209
C00001,5210
C00001,57103
C00001,100528064
C00001,10076
C00001,11099
C00001,11122
C00001,11156
C00001,145553
C00001,2070
C00001,2138
C00001,2139
C00001,2140
C00001,25930
C00001,26095
C00001,26191
C00001,26469
C00001,374462
C00001,53347
C00001,5770
C00001,5771
C00001,5774
C00001,5775
C00001,5777
C00001,5778
C00001,5780
C00001,5781
C00001,5782
C00001,5784
C00001,5786
C00001,5787
C00001,5788
C00001,5789
C00001,5791
C00001,5792
C00001,5793
C00001,5794
C00001,5795
C00001,5796
C00001,5797
C00001,5798
C00001,5799
C00001,5800
C00001,5801
C00001,5802
C00001,5803
C00001,7803
C00001,8073
C00001,84867
C00001,84959
C00001,8897
C00001,9110
C00001,993
C00001,994
C00001,995
C00001,100526794
C00001,22978
C00001,284958
C00001,30833
C00001,4907
C00001,56953
C00001,84618
C00001,93034
C00001,27124
C00001,3632
C00001,51763
C00001,3628
C00001,9562
C00001,4534
C00001,55613
C00001,64419
C00001,8776
C00001,8898
C00001,9107
C00001,9108
C00001,3631
C00001,8821
C00001,10380
C00001,54928
C00001,493911
C00001,57026
C00001,162466
C00001,2053
C00001,58478
C00001,55529
C00001,90809
C00001,3635
C00001,3636
C00001,51020
C00001,2538
C00001,57818
C00001,92579
C00001,115024
C00001,51251
C00001,8226
C00001,113026
C00001,23007
C00001,23236
C00001,51196
C00001,5330
C00001,5331
C00001,5332
C00001,5333
C00001,5335
C00001,5336
C00001,84812
C00001,89869
C00001,9651
C00001,339221
C00001,55512
C00001,55627
C00001,6609
C00001,6610
C00001,10846
C00001,50940
C00001,5136
C00001,5137
C00001,5138
C00001,5139
C00001,5140
C00001,5153
C00001,56261
C00001,81544
C00001,5145
C00001,5146
C00001,5152
C00001,5158
C00001,8654
C00001,1267
C00001,284161
C00001,5168
C00001,79153
C00001,122618
C00001,23646
C00001,5337
C00001,5338
C00001,54857
C00001,51573
C00001,51172
C00001,2822
C00001,27115
C00001,5141
C00001,5142
C00001,5143
C00001,5144
C00001,5150
C00001,5151
C00001,8622
C00001,142891
C00001,166929
C00001,259230
C00001,411
C00001,3423
C00001,2799
C00001,412
C00001,2588
C00001,410
C00001,374659
C00001,6448
C00001,10768
C00001,191
C00001,23382
C00001,276
C00001,277
C00001,278
C00001,279
C00001,280
C00001,6476
C00001,7841
C00001,80162
C00001,3938
C00001,10905
C00001,4121
C00001,57134
C00001,4122
C00001,4124
C00001,1118
C00001,27159
C00001,10855
C00001,10724
C00001,10825
C00001,129807
C00001,4758
C00001,4759
C00001,10020
C00001,2548
C00001,2595
C00001,8972
C00001,93432
C00001,23193
C00001,11253
C00001,57733
C00001,2717
C00001,2720
C00001,23324
C00001,4123
C00001,4125
C00001,4126
C00001,11181
C00001,2990
C00001,9365
C00001,178
C00001,23553
C00001,23670
C00001,3373
C00001,57214
C00001,6677
C00001,8372
C00001,8692
C00001,2629
C00001,57704
C00001,2581
C00001,4668
C00001,4669
C00001,2517
C00001,2519
C00001,284004
C00001,3073
C00001,3074
C00001,3425
C00001,141
C00001,23098
C00001,683
C00001,952
C00001,79852
C00001,144110
C00001,255043
C00001,4048
C00001,2052
C00001,51056
C00001,290
C00001,55748
C00001,84735
C00001,135293
C00001,10003
C00001,10004
C00001,2346
C00001,254827
C00001,59272
C00001,100287144
C00001,100287178
C00001,100287205
C00001,100287238
C00001,100287327
C00001,100287364
C00001,100287404
C00001,100287441
C00001,100287478
C00001,100287513
C00001,100288520
C00001,10600
C00001,10617
C00001,10868
C00001,10869
C00001,11274
C00001,124739
C00001,126119
C00001,139562
C00001,1540
C00001,158880
C00001,159195
C00001,161725
C00001,219333
C00001,220213
C00001,221302
C00001,23032
C00001,23252
C00001,23326
C00001,23358
C00001,25862
C00001,27005
C00001,29761
C00001,373509
C00001,377630
C00001,389856
C00001,392188
C00001,392197
C00001,401447
C00001,51029
C00001,51377
C00001,51633
C00001,54629
C00001,54726
C00001,54764
C00001,55031
C00001,55230
C00001,55593
C00001,55611
C00001,55793
C00001,56957
C00001,57478
C00001,57558
C00001,57559
C00001,57602
C00001,57646
C00001,57663
C00001,57695
C00001,645402
C00001,645836
C00001,646951
C00001,64854
C00001,7128
C00001,728369
C00001,728373
C00001,728379
C00001,728386
C00001,728393
C00001,728400
C00001,728405
C00001,728419
C00001,7345
C00001,7347
C00001,7375
C00001,7398
C00001,7874
C00001,78990
C00001,80013
C00001,80124
C00001,8078
C00001,8237
C00001,8239
C00001,8287
C00001,8314
C00001,83844
C00001,84101
C00001,84132
C00001,84182
C00001,84196
C00001,84640
C00001,84669
C00001,84749
C00001,85015
C00001,8975
C00001,90268
C00001,9097
C00001,9098
C00001,9099
C00001,9100
C00001,9101
C00001,9736
C00001,9929
C00001,9958
C00001,9960
C00001,8836
C00001,10269
C00001,80150
C00001,91703
C00001,686
C00001,123803
C00001,55093
C00001,11315
C00001,4817
C00001,100526760
C00001,95
C00001,443
C00001,27165
C00001,2744
C00001,125981
C00001,340485
C00001,427
C00001,56624
C00001,51005
C00001,175
C00001,56954
C00001,55768
C00001,51733
C00001,27163
C00001,64146
C00001,9487
C00001,125061
C00001,8875
C00001,8876
C00001,158584
C00001,2166
C00001,1807
C00001,790
C00001,144193
C00001,26873
C00001,383
C00001,384
C00001,11240
C00001,23569
C00001,29943
C00001,353238
C00001,51702
C00001,79814
C00001,23564
C00001,23576
C00001,55821
C00001,471
C00001,1635
C00001,2643
C00001,9615
C00001,23536
C00001,103
C00001,100
C00001,144811
C00001,51816
C00001,81602
C00001,978
C00001,270
C00001,271
C00001,272
C00001,10797
C00001,441024
C00001,4522
C00001,10247
C00001,10007
C00001,132789
C00001,27068
C00001,5464
C00001,64077
C00001,58497
C00001,79077
C00001,11164
C00001,53343
C00001,56985
C00001,7226
C00001,84284
C00001,318
C00001,25961
C00001,83594
C00001,1854
C00001,79178
C00001,2272
C00001,22875
C00001,57171
C00001,256281
C00001,84304
C00001,377841
C00001,953
C00001,956
C00001,11163
C00001,11165
C00001,170685
C00001,440672
C00001,55190
C00001,4521
C00001,55270
C00001,79873
C00001,28960
C00001,124583
C00001,955
C00001,957
C00001,9583
C00001,131870
C00001,167227
C00001,3704
C00001,97
C00001,98
C00001,283927
C00001,390916
C00001,5167
C00001,5169
C00001,150786
C00001,347517
C00001,51560
C00001,5870
C00001,7879
C00001,84084
C00001,6729
C00001,10059
C00001,1759
C00001,1785
C00001,26052
C00001,4976
C00001,2184
C00001,8942
C00001,81889
C00001,29085
C00001,2677
C00001,5805
C00001,441250
C00001,55253
C00001,11238
C00001,23632
C00001,377677
C00001,759
C00001,760
C00001,761
C00001,762
C00001,763
C00001,765
C00001,766
C00001,767
C00001,768
C00001,771
C00001,3295
C00001,51074
C00001,2023
C00001,2026
C00001,2027
C00001,387712
C00001,201562
C00001,401494
C00001,51495
C00001,9200
C00001,59344
C00001,1892
C00001,1962
C00001,3030
C00001,549
C00001,2271
C00001,102724560
C00001,875
C00001,210
C00001,48
C00001,50
C00001,23483
C00001,2762
C00001,80017
C00001,131669
C00001,55556
C00001,7390
C00001,112849
C00001,5092
C00001,84105
C00001,85007
C00001,64850
C00001,10993
C00001,113675
C00001,1491
C00001,4337
C00001,1373
C00001,1503
C00001,56474
C00001,93100
C00001,55191
C00001,8833
C00001,5198
C00001,440
C00001,283459
C00001,5188
C00001,55278
C00001,4512
C00001,506
C00001,523
C00002,47
C00002,326625
C00002,27430
C00002,4143
C00002,4144
C00002,3098
C00002,3099
C00002,3101
C00002,80201
C00002,5207
C00002,5208
C00002,5209
C00002,5210
C00002,139189
C00002,1606
C00002,1607
C00002,1608
C00002,160851
C00002,1609
C00002,8525
C00002,8526
C00002,8527
C00002,9162
C00002,5211
C00002,5213
C00002,5214
C00002,1633
C00002,1716
C00002,414328
C00002,3706
C00002,3707
C00002,80271
C00002,3705
C00002,5289
C00002,64781
C00002,23729
C00002,253430
C00002,5305
C00002,79837
C00002,8396
C00002,64080
C00002,200576
C00002,5290
C00002,5291
C00002,5293
C00002,5294
C00002,5286
C00002,5287
C00002,5288
C00002,2585
C00002,64768
C00002,118672
C00002,132158
C00002,9942
C00002,27231
C00002,54981
C00002,84197
C00002,2645
C00002,132
C00002,7083
C00002,7084
C00002,133686
C00002,65220
C00002,80347
C00002,9060
C00002,9061
C00002,55312
C00002,26007
C00002,3795
C00002,256356
C00002,2710
C00002,2712
C00002,2713
C00002,1119
C00002,1120
C00002,53354
C00002,79646
C00002,80025
C00002,8566
C00002,4598
C00002,5313
C00002,5315
C00002,55277
C00002,54963
C00002,7371
C00002,83549
C00002,197258
C00002,55577
C00002,2584
C00002,10020
C00002,5297
C00002,5298
C00002,55300
C00002,55361
C00002,138429
C00002,23396
C00002,8394
C00002,8395
C00002,10978
C00002,11284
C00002,55224
C00002,55500
C00002,56848
C00002,8877
C00002,55750
C00002,10461
C00002,114783
C00002,1436
C00002,1956
C00002,1969
C00002,2041
C00002,2042
C00002,2043
C00002,2044
C00002,2045
C00002,2046
C00002,2047
C00002,2048
C00002,2049
C00002,2050
C00002,2051
C00002,2064
C00002,2065
C00002,2066
C00002,2260
C00002,2261
C00002,2263
C00002,2264
C00002,22853
C00002,2321
C00002,2322
C00002,2324
C00002,238
C00002,284656
C00002,285220
C00002,3480
C00002,3643
C00002,3645
C00002,3791
C00002,3815
C00002,4058
C00002,4233
C00002,4486
C00002,4593
C00002,4914
C00002,4915
C00002,4916
C00002,4919
C00002,4920
C00002,4921
C00002,5156
C00002,5159
C00002,558
C00002,5754
C00002,5979
C00002,6098
C00002,6259
C00002,7010
C00002,7075
C00002,7301
C00002,780
C00002,9625
C00002,10188
C00002,157285
C00002,2185
C00002,2241
C00002,2242
C00002,2268
C00002,2444
C00002,25
C00002,2534
C00002,27
C00002,3055
C00002,3702
C00002,3716
C00002,3717
C00002,3718
C00002,3932
C00002,4067
C00002,4145
C00002,55359
C00002,5747
C00002,5753
C00002,640
C00002,660
C00002,6714
C00002,6725
C00002,6850
C00002,695
C00002,7006
C00002,7294
C00002,7297
C00002,7525
C00002,7535
C00002,79834
C00002,8711
C00002,91461
C00002,10000
C00002,100130827
C00002,100526835
C00002,100533105
C00002,10110
C00002,10114
C00002,102724428
C00002,102800317
C00002,10290
C00002,10298
C00002,10494
C00002,10595
C00002,106821730
C00002,11011
C00002,11035
C00002,11040
C00002,1111
C00002,11183
C00002,11184
C00002,11200
C00002,11213
C00002,112858
C00002,11329
C00002,120892
C00002,122011
C00002,124923
C00002,127933
C00002,138474
C00002,140469
C00002,140803
C00002,140901
C00002,1452
C00002,1453
C00002,1454
C00002,1455
C00002,1456
C00002,1457
C00002,1459
C00002,147746
C00002,149420
C00002,150094
C00002,152110
C00002,1612
C00002,1613
C00002,166614
C00002,167359
C00002,1760
C00002,197259
C00002,2011
C00002,202374
C00002,203447
C00002,204851
C00002,207
C00002,208
C00002,2081
C00002,22848
C00002,23012
C00002,23043
C00002,23049
C00002,23178
C00002,23235
C00002,23387
C00002,23604
C00002,23617
C00002,23678
C00002,2475
C00002,255239
C00002,2580
C00002,25989
C00002,26524
C00002,26576
C00002,27102
C00002,27148
C00002,27330
C00002,27347
C00002,282974
C00002,283106
C00002,283455
C00002,283629
C00002,284086
C00002,2872
C00002,28996
C00002,30811
C00002,30849
C00002,341676
C00002,3611
C00002,3654
C00002,3656
C00002,369
C00002,388228
C00002,3984
C00002,3985
C00002,4139
C00002,4140
C00002,415116
C00002,4261
C00002,4342
C00002,440275
C00002,472
C00002,4750
C00002,4751
C00002,4752
C00002,494551
C00002,50488
C00002,5058
C00002,5062
C00002,5063
C00002,51086
C00002,51135
C00002,51231
C00002,51347
C00002,5170
C00002,51765
C00002,5292
C00002,53904
C00002,53944
C00002,54101
C00002,545
C00002,54822
C00002,54861
C00002,54986
C00002,55351
C00002,55561
C00002,55589
C00002,55781
C00002,5591
C00002,5610
C00002,56164
C00002,5681
C00002,56924
C00002,56975
C00002,57144
C00002,57551
C00002,57787
C00002,5871
C00002,5894
C00002,613
C00002,6195
C00002,6196
C00002,6197
C00002,6198
C00002,6199
C00002,6446
C00002,646643
C00002,65018
C00002,65125
C00002,65266
C00002,65267
C00002,65268
C00002,65975
C00002,673
C00002,6732
C00002,6733
C00002,6787
C00002,6790
C00002,6793
C00002,6794
C00002,6795
C00002,6872
C00002,699
C00002,701
C00002,7204
C00002,7273
C00002,7443
C00002,7444
C00002,7465
C00002,7867
C00002,79705
C00002,79858
C00002,81629
C00002,81788
C00002,8317
C00002,83732
C00002,83903
C00002,83931
C00002,83942
C00002,83983
C00002,84033
C00002,8408
C00002,8428
C00002,84446
C00002,8476
C00002,8491
C00002,85443
C00002,85481
C00002,8550
C00002,8569
C00002,8573
C00002,8576
C00002,8737
C00002,8767
C00002,8780
C00002,8859
C00002,8899
C00002,8986
C00002,8997
C00002,9024
C00002,9088
C00002,9113
C00002,9201
C00002,9212
C00002,9252
C00002,9261
C00002,9262
C00002,9263
C00002,9344
C00002,9448
C00002,9451
C00002,9578
C00002,9706
C00002,9730
C00002,9748
C00002,9833
C00002,9874
C00002,9891
C00002,9943
C00002,1147
C00002,29110
C00002,3551
C00002,9641
C00002,5566
C00002,5567
C00002,5568
C00002,5613
C00002,5592
C00002,5593
C00002,23683
C00002,25865
C00002,29941
C00002,5578
C00002,5579
C00002,5580
C00002,5581
C00002,5582
C00002,5583
C00002,5584
C00002,5585
C00002,5586
C00002,5587
C00002,5588
C00002,5590
C00002,131890
C00002,6011
C00002,156
C00002,157
C00002,10645
C00002,139728
C00002,57118
C00002,57172
C00002,814
C00002,815
C00002,816
C00002,817
C00002,818
C00002,84254
C00002,8536
C00002,340156
C00002,4638
C00002,85366
C00002,91807
C00002,5260
C00002,5261
C00002,5163
C00002,5164
C00002,5165
C00002,5166
C00002,10733
C00002,10769
C00002,1263
C00002,5347
C00002,1017
C00002,1018
C00002,1019
C00002,1020
C00002,1021
C00002,1022
C00002,1024
C00002,1025
C00002,22858
C00002,23097
C00002,23552
C00002,344387
C00002,4117
C00002,51265
C00002,5127
C00002,5128
C00002,5129
C00002,51755
C00002,5218
C00002,5891
C00002,65061
C00002,6792
C00002,728642
C00002,8558
C00002,8621
C00002,8814
C00002,8999
C00002,983
C00002,984
C00002,1432
C00002,225689
C00002,51701
C00002,5594
C00002,5595
C00002,5596
C00002,5597
C00002,5598
C00002,5599
C00002,5600
C00002,5601
C00002,5602
C00002,5603
C00002,6300
C00002,10746
C00002,1326
C00002,389840
C00002,4214
C00002,4215
C00002,4216
C00002,4217
C00002,4293
C00002,4294
C00002,4296
C00002,51776
C00002,6885
C00002,7786
C00002,80122
C00002,84451
C00002,9020
C00002,9064
C00002,9175
C00002,146057
C00002,2931
C00002,2932
C00002,84630
C00002,130399
C00002,269
C00002,657
C00002,658
C00002,659
C00002,7046
C00002,7048
C00002,90
C00002,91
C00002,92
C00002,93
C00002,94
C00002,5562
C00002,5563
C00002,11113
C00002,91754
C00002,6093
C00002,9475
C00002,10295
C00002,10922
C00002,10420
C00002,1195
C00002,1196
C00002,1198
C00002,1859
C00002,25778
C00002,57396
C00002,7016
C00002,7272
C00002,8444
C00002,8445
C00002,8798
C00002,9149
C00002,55872
C00002,5604
C00002,5605
C00002,5606
C00002,5607
C00002,5608
C00002,5609
C00002,6416
C00002,5832
C00002,5230
C00002,5232
C00002,1152
C00002,1158
C00002,1159
C00002,1160
C00002,548596
C00002,129607
C00002,51727
C00002,10654
C00002,117283
C00002,51447
C00002,9807
C00002,23262
C00002,9677
C00002,102157402
C00002,122481
C00002,158067
C00002,203
C00002,204
C00002,205
C00002,221264
C00002,26289
C00002,10201
C00002,29922
C00002,4830
C00002,4831
C00002,4832
C00002,4833
C00002,654364
C00002,2987
C00002,1841
C00002,221823
C00002,5631
C00002,5634
C00002,27010
C00002,23057
C00002,349565
C00002,64802
C00002,10914
C00002,11044
C00002,167153
C00002,169966
C00002,54855
C00002,55149
C00002,56903
C00002,64282
C00002,64852
C00002,64895
C00002,80308
C00002,11128
C00002,25885
C00002,5430
C00002,5431
C00002,5442
C00002,55703
C00002,84172
C00002,51095
C00002,10243
C00002,27304
C00002,4938
C00002,4939
C00002,4940
C00002,115004
C00002,79693
C00002,11164
C00002,22928
C00002,22929
C00002,26873
C00002,84284
C00002,318
C00002,377841
C00002,953
C00002,956
C00002,5167
C00002,5169
C00002,4597
C00002,55739
C00002,107
C00002,108
C00002,109
C00002,111
C00002,112
C00002,113
C00002,114
C00002,115
C00002,196883
C00002,55811
C00002,51067
C00002,8565
C00002,4141
C00002,92935
C00002,54938
C00002,6301
C00002,1615
C00002,55157
C00002,2617
C00002,2058
C00002,25973
C00002,79587
C00002,833
C00002,124454
C00002,5859
C00002,57038
C00002,5917
C00002,10352
C00002,7453
C00002,10056
C00002,10667
C00002,2193
C00002,23438
C00002,3035
C00002,4677
C00002,79731
C00002,123283
C00002,6897
C00002,80222
C00002,23395
C00002,51520
C00002,3376
C00002,55699
C00002,3735
C00002,16
C00002,57505
C00002,57176
C00002,7407
C00002,23181
C00002,55902
C00002,84532
C00002,65985
C00002,79611
C00002,116285
C00002,123876
C00002,142827
C00002,341392
C00002,348158
C00002,54988
C00002,6296
C00002,80221
C00002,11001
C00002,2180
C00002,2181
C00002,2182
C00002,23205
C00002,23305
C00002,51703
C00002,81616
C00002,8801
C00002,8802
C00002,8803
C00002,10998
C00002,197322
C00002,89978
C00002,57494
C00002,2752
C00002,57571
C00002,2356
C00002,2729
C00002,150465
C00002,2937
C00002,284716
C00002,79717
C00002,10606
C00002,2618
C00002,100528021
C00002,10588
C00002,3141
C00002,31
C00002,32
C00002,1373
C00002,1503
C00002,56474
C00002,93100
C00002,25902
C00002,4522
C00002,445
C00002,55191
C00002,8833
C00002,5198
C00002,440
C00002,790
C00002,283459
C00002,5188
C00002,55278
C00002,5091
C00002,5095
C00002,5096
C00002,56922
C00002,64087
C00002,3978
C00002,3980
C00002,3981
C00002,8634
C00002,506
C00002,523
C00003,124
C00003,125
C00003,126
C00003,127
C00003,128
C00003,130
C00003,131
C00003,56898
C00003,195814
C00003,201140
C00003,8630
C00003,51171
C00003,6652
C00003,3248
C00003,3283
C00003,3284
C00003,1645
C00003,50814
C00003,3028
C00003,80270
C00003,3614
C00003,3615
C00003,231
C00003,441282
C00003,57016
C00003,3030
C00003,1646
C00003,340811
C00003,8644
C00003,7358
C00003,3294
C00003,7923
C00003,160287
C00003,3939
C00003,3945
C00003,3948
C00003,92483
C00003,622
C00003,11112
C00003,5959
C00003,5226
C00003,1962
C00003,3033
C00003,1109
C00003,2539
C00003,4190
C00003,4191
C00003,4200
C00003,26227
C00003,3419
C00003,3420
C00003,3421
C00003,1487
C00003,1488
C00003,207063
C00003,51084
C00003,9563
C00003,3292
C00003,51144
C00003,51478
C00003,79154
C00003,9380
C00003,23171
C00003,2819
C00003,10229
C00003,100861540
C00003,107987478
C00003,107987479
C00003,11283
C00003,1543
C00003,1544
C00003,1545
C00003,1551
C00003,1553
C00003,1558
C00003,1562
C00003,1564
C00003,1565
C00003,1572
C00003,1573
C00003,1577
C00003,1579
C00003,1580
C00003,199974
C00003,260293
C00003,284541
C00003,29785
C00003,57834
C00003,64816
C00003,66002
C00003,7299
C00003,7498
C00003,2597
C00003,26330
C00003,4329
C00003,7915
C00003,217
C00003,219
C00003,223
C00003,224
C00003,501
C00003,64577
C00003,216
C00003,220
C00003,8854
C00003,218
C00003,221
C00003,222
C00003,8659
C00003,1717
C00003,644
C00003,645
C00003,145482
C00003,22949
C00003,284273
C00003,554235
C00003,2746
C00003,2747
C00003,10797
C00003,441024
C00003,29920
C00003,5831
C00003,65263
C00003,1428
C00003,1719
C00003,200895
C00003,5860
C00003,10157
C00003,123956252
C00003,1727
C00003,51167
C00003,51700
C00003,51706
C00003,606495
C00003,50506
C00003,53905
C00003,55328
C00003,1728
C00003,1738
C00003,2936
C00003,158046
C00003,64359
C00003,22933
C00003,23408
C00003,23409
C00003,23410
C00003,23411
C00003,51547
C00003,51548
C00003,10038
C00003,142
C00003,80351
C00003,8658
C00003,116969
C00003,417
C00003,419
C00003,420
C00003,1725
C00003,133686
C00003,65220
C00003,23057
C00003,349565
C00003,64802
C00003,25819
C00003,23098
C00003,683
C00003,952
C00003,25961
C00003,83594
C00003,5167
C00003,5169
C00003,55191
C00003,3978
C00003,23530
C00003,374291
C00003,4535
C00003,4536
C00003,4537
C00003,4538
C00003,4539
C00003,4540
C00003,4541
C00003,4719
C00003,4720
C00003,4722
C00003,4723
C00003,4728
C00003,4729
C00004,124
C00004,125
C00004,126
C00004,127
C00004,128
C00004,130
C00004,131
C00004,56898
C00004,195814
C00004,201140
C00004,8630
C00004,51171
C00004,6652
C00004,3248
C00004,3283
C00004,3284
C00004,1645
C00004,50814
C00004,3028
C00004,80270
C00004,3614
C00004,3615
C00004,231
C00004,441282
C00004,57016
C00004,3030
C00004,1646
C00004,340811
C00004,8644
C00004,7358
C00004,3294
C00004,7923
C00004,160287
C00004,3939
C00004,3945
C00004,3948
C00004,92483
C00004,622
C00004,11112
C00004,5959
C00004,5226
C00004,1962
C00004,3033
C00004,1109
C00004,2539
C00004,4190
C00004,4191
C00004,4200
C00004,26227
C00004,3419
C00004,3420
C00004,3421
C00004,1487
C00004,1488
C00004,207063
C00004,51084
C00004,9563
C00004,3292
C00004,51144
C00004,51478
C00004,79154
C00004,9380
C00004,23171
C00004,2819
C00004,10229
C00004,100861540
C00004,107987478
C00004,107987479
C00004,11283
C00004,1543
C00004,1544
C00004,1545
C00004,1551
C00004,1553
C00004,1558
C00004,1562
C00004,1564
C00004,1565
C00004,1572
C00004,1573
C00004,1577
C00004,1579
C00004,1580
C00004,199974
C00004,260293
C00004,284541
C00004,29785
C00004,57834
C00004,64816
C00004,66002
C00004,7299
C00004,7498
C00004,2597
C00004,26330
C00004,4329
C00004,7915
C00004,217
C00004,219
C00004,223
C00004,224
C00004,501
C00004,64577
C00004,216
C00004,220
C00004,8854
C00004,218
C00004,221
C00004,222
C00004,8659
C00004,1717
C00004,644
C00004,645
C00004,145482
C00004,22949
C00004,284273
C00004,554235
C00004,2746
C00004,2747
C00004,10797
C00004,441024
C00004,29920
C00004,5831
C00004,65263
C00004,1428
C00004,1719
C00004,200895
C00004,5860
C00004,10157
C00004,123956252
C00004,1727
C00004,51167
C00004,51700
C00004,51706
C00004,606495
C00004,50506
C00004,53905
C00004,1728
C00004,1738
C00004,2936
C00004,158046
C00004,64359
C00004,1725
C00004,25819
C00004,25961
C00004,83594
C00004,55739
C00004,23530
C00004,374291
C00004,4535
C00004,4536
C00004,4537
C00004,4538
C00004,4539
C00004,4540
C00004,4541
C00004,4719
C00004,4720
C00004,4722
C00004,4723
C00004,4728
C00004,4729
C00005,124
C00005,125
C00005,126
C00005,127
C00005,128
C00005,130
C00005,131
C00005,51181
C00005,2531
C00005,3283
C00005,3284
C00005,3290
C00005,374875
C00005,1645
C00005,6697
C00005,50814
C00005,27294
C00005,80270
C00005,873
C00005,874
C00005,340811
C00005,8644
C00005,10327
C00005,231
C00005,441282
C00005,57016
C00005,1646
C00005,1109
C00005,83592
C00005,51478
C00005,79154
C00005,7264
C00005,112724
C00005,145226
C00005,51109
C00005,9249
C00005,51144
C00005,3156
C00005,2539
C00005,10873
C00005,4199
C00005,3417
C00005,3418
C00005,5226
C00005,207063
C00005,9563
C00005,3292
C00005,3294
C00005,7923
C00005,8630
C00005,3293
C00005,9380
C00005,57553
C00005,64780
C00005,9645
C00005,1576
C00005,4842
C00005,4843
C00005,4846
C00005,2326
C00005,2327
C00005,2328
C00005,2329
C00005,2330
C00005,8564
C00005,100861540
C00005,107987478
C00005,107987479
C00005,11283
C00005,1543
C00005,1544
C00005,1545
C00005,1551
C00005,1553
C00005,1558
C00005,1562
C00005,1564
C00005,1565
C00005,1572
C00005,1573
C00005,1577
C00005,1579
C00005,1580
C00005,199974
C00005,260293
C00005,284541
C00005,29785
C00005,57834
C00005,64816
C00005,66002
C00005,9420
C00005,6307
C00005,25974
C00005,4552
C00005,2232
C00005,4329
C00005,217
C00005,219
C00005,223
C00005,224
C00005,501
C00005,5832
C00005,218
C00005,221
C00005,222
C00005,55711
C00005,84188
C00005,8659
C00005,389434
C00005,1666
C00005,26063
C00005,1806
C00005,1717
C00005,6715
C00005,6716
C00005,79644
C00005,644
C00005,645
C00005,6718
C00005,51102
C00005,55825
C00005,145482
C00005,22949
C00005,284273
C00005,3930
C00005,7108
C00005,1718
C00005,9524
C00005,554235
C00005,2746
C00005,2747
C00005,29920
C00005,5831
C00005,65263
C00005,1428
C00005,1719
C00005,200895
C00005,5860
C00005,4522
C00005,4524
C00005,10840
C00005,160428
C00005,10157
C00005,5447
C00005,50506
C00005,53905
C00005,1728
C00005,10493
C00005,1429
C00005,57687
C00005,9540
C00005,2766
C00005,51292
C00005,2936
C00005,158046
C00005,64359
C00005,10587
C00005,114112
C00005,7296
C00005,2194
C00005,2222
C00005,25819
C00005,55739
C00005,23530
C00006,124
C00006,125
C00006,126
C00006,127
C00006,128
C00006,130
C00006,131
C00006,51181
C00006,2531
C00006,3283
C00006,3284
C00006,3290
C00006,374875
C00006,1645
C00006,6697
C00006,50814
C00006,27294
C00006,80270
C00006,873
C00006,874
C00006,340811
C00006,8644
C00006,10327
C00006,231
C00006,441282
C00006,57016
C00006,1646
C00006,1109
C00006,83592
C00006,51478
C00006,79154
C00006,7264
C00006,112724
C00006,145226
C00006,51109
C00006,9249
C00006,51144
C00006,3156
C00006,2539
C00006,10873
C00006,4199
C00006,3417
C00006,3418
C00006,5226
C00006,207063
C00006,9563
C00006,3292
C00006,3294
C00006,7923
C00006,8630
C00006,3293
C00006,9380
C00006,57553
C00006,64780
C00006,9645
C00006,1576
C00006,4842
C00006,4843
C00006,4846
C00006,2326
C00006,2327
C00006,2328
C00006,2329
C00006,2330
C00006,8564
C00006,100861540
C00006,107987478
C00006,107987479
C00006,11283
C00006,1543
C00006,1544
C00006,1545
C00006,1551
C00006,1553
C00006,1558
C00006,1562
C00006,1564
C00006,1565
C00006,1572
C00006,1573
C00006,1577
C00006,1579
C00006,1580
C00006,199974
C00006,260293
C00006,284541
C00006,29785
C00006,57834
C00006,64816
C00006,66002
C00006,9420
C00006,6307
C00006,25974
C00006,4552
C00006,2232
C00006,4329
C00006,217
C00006,219
C00006,223
C00006,224
C00006,501
C00006,5832
C00006,218
C00006,221
C00006,222
C00006,55711
C00006,84188
C00006,8659
C00006,389434
C00006,1666
C00006,26063
C00006,1806
C00006,1717
C00006,6715
C00006,6716
C00006,79644
C00006,644
C00006,645
C00006,6718
C00006,51102
C00006,55825
C00006,145482
C00006,22949
C00006,284273
C00006,3930
C00006,7108
C00006,1718
C00006,9524
C00006,554235
C00006,2746
C00006,2747
C00006,29920
C00006,5831
C00006,65263
C00006,1428
C00006,1719
C00006,200895
C00006,5860
C00006,4522
C00006,4524
C00006,10840
C00006,160428
C00006,10157
C00006,5447
C00006,50506
C00006,53905
C00006,55328
C00006,1728
C00006,10493
C00006,1429
C00006,57687
C00006,9540
C00006,2766
C00006,51292
C00006,2936
C00006,158046
C00006,64359
C00006,10587
C00006,114112
C00006,7296
C00006,2194
C00006,683
C00006,952
C00006,2222
C00006,133686
C00006,65220
C00006,25819
C00006,23530
C00007,50814
C00007,51478
C00007,79154
C00007,51179
C00007,54363
C00007,847
C00007,6999
C00007,23474
C00007,84890
C00007,1036
C00007,8544
C00007,3242
C00007,239
C00007,246
C00007,247
C00007,240
C00007,84842
C00007,3081
C00007,169355
C00007,3620
C00007,55256
C00007,23498
C00007,53630
C00007,83875
C00007,55586
C00007,8424
C00007,444
C00007,5264
C00007,283208
C00007,5033
C00007,8974
C00007,22992
C00007,84678
C00007,5351
C00007,5352
C00007,8985
C00007,129450
C00007,54784
C00007,8846
C00007,100137047
C00007,23133
C00007,51780
C00007,55806
C00007,55818
C00007,80853
C00007,100129053
C00007,23030
C00007,23081
C00007,390245
C00007,55693
C00007,84864
C00007,9682
C00007,10765
C00007,5927
C00007,79697
C00007,8242
C00007,8284
C00007,23135
C00007,7403
C00007,7404
C00007,10536
C00007,55214
C00007,64175
C00007,79831
C00007,55217
C00007,200424
C00007,54790
C00007,80312
C00007,57553
C00007,64780
C00007,9645
C00007,10229
C00007,1576
C00007,4842
C00007,4843
C00007,4846
C00007,2326
C00007,2327
C00007,2328
C00007,2329
C00007,2330
C00007,8564
C00007,100861540
C00007,107987478
C00007,107987479
C00007,11283
C00007,1543
C00007,1544
C00007,1545
C00007,1551
C00007,1553
C00007,1558
C00007,1562
C00007,1564
C00007,1565
C00007,1572
C00007,1573
C00007,1577
C00007,1579
C00007,1580
C00007,199974
C00007,260293
C00007,284541
C00007,29785
C00007,57834
C00007,64816
C00007,66002
C00007,1582
C00007,1588
C00007,1595
C00007,1589
C00007,6713
C00007,126410
C00007,3162
C00007,3163
C00007,1586
C00007,1581
C00007,120227
C00007,10858
C00007,51302
C00007,9420
C00007,1557
C00007,1559
C00007,4051
C00007,8529
C00007,285440
C00007,113612
C00007,1593
C00007,1591
C00007,1594
C00007,1584
C00007,1585
C00007,51004
C00007,1583
C00007,5053
C00007,7054
C00007,121278
C00007,7166
C00007,392636
C00007,1621
C00007,5066
C00007,7299
C00007,123099
C00007,8560
C00007,79152
C00007,6307
C00007,6319
C00007,79966
C00007,6309
C00007,9415
C00007,3992
C00007,339761
C00007,387521
C00007,387522
C00007,5742
C00007,5743
C00007,83475
C00007,9023
C00007,6647
C00007,6648
C00007,6649
C00007,1356
C00007,2395
C00007,2495
C00007,341208
C00007,94033
C00007,9843
C00007,7498
C00007,316
C00007,5498
C00007,1371
C00007,51
C00007,8310
C00007,8528
C00007,4015
C00007,259307
C00007,314
C00007,8639
C00007,26
C00007,1610
C00007,4128
C00007,4129
C00007,55163
C00007,51268
C00007,196743
C00007,54498
C00007,50506
C00007,53905
C00007,55328
C00007,6821
C00007,169714
C00007,2671
C00007,5768
C00007,8991
C00007,51449
C00007,78991
C00007,285362
C00007,2677
C00007,4512
C00008,50484
C00008,6240
C00008,6241
C00008,47
C00008,3098
C00008,3099
C00008,3101
C00008,80201
C00008,5207
C00008,5208
C00008,5209
C00008,5210
C00008,139189
C00008,1606
C00008,1607
C00008,1608
C00008,160851
C00008,1609
C00008,8525
C00008,8526
C00008,8527
C00008,9162
C00008,5211
C00008,5213
C00008,5214
C00008,1633
C00008,1716
C00008,414328
C00008,3706
C00008,3707
C00008,80271
C00008,3705
C00008,5289
C00008,64781
C00008,23729
C00008,253430
C00008,83440
C00008,5305
C00008,79837
C00008,8396
C00008,64080
C00008,200576
C00008,5290
C00008,5291
C00008,5293
C00008,5294
C00008,5286
C00008,5287
C00008,5288
C00008,2585
C00008,64768
C00008,118672
C00008,132158
C00008,9942
C00008,27231
C00008,54981
C00008,84197
C00008,2645
C00008,132
C00008,7083
C00008,7084
C00008,133686
C00008,65220
C00008,80347
C00008,9060
C00008,9061
C00008,55312
C00008,26007
C00008,3795
C00008,256356
C00008,2710
C00008,2712
C00008,2713
C00008,1119
C00008,1120
C00008,53354
C00008,79646
C00008,80025
C00008,8566
C00008,4598
C00008,5313
C00008,5315
C00008,55277
C00008,54963
C00008,7371
C00008,83549
C00008,197258
C00008,55577
C00008,2584
C00008,10020
C00008,5297
C00008,5298
C00008,55300
C00008,55361
C00008,138429
C00008,23396
C00008,8394
C00008,8395
C00008,10978
C00008,11284
C00008,55224
C00008,55500
C00008,56848
C00008,8877
C00008,55750
C00008,10461
C00008,114783
C00008,1436
C00008,1956
C00008,1969
C00008,2041
C00008,2042
C00008,2043
C00008,2044
C00008,2045
C00008,2046
C00008,2047
C00008,2048
C00008,2049
C00008,2050
C00008,2051
C00008,2064
C00008,2065
C00008,2066
C00008,2260
C00008,2261
C00008,2263
C00008,2264
C00008,22853
C00008,2321
C00008,2322
C00008,2324
C00008,238
C00008,284656
C00008,285220
C00008,3480
C00008,3643
C00008,3645
C00008,3791
C00008,3815
C00008,4058
C00008,4233
C00008,4486
C00008,4593
C00008,4914
C00008,4915
C00008,4916
C00008,4919
C00008,4920
C00008,4921
C00008,5156
C00008,5159
C00008,558
C00008,5754
C00008,5979
C00008,6098
C00008,6259
C00008,7010
C00008,7075
C00008,7301
C00008,780
C00008,9625
C00008,10188
C00008,157285
C00008,2185
C00008,2241
C00008,2242
C00008,2268
C00008,2444
C00008,25
C00008,2534
C00008,27
C00008,3055
C00008,3702
C00008,3716
C00008,3717
C00008,3718
C00008,3932
C00008,4067
C00008,4145
C00008,55359
C00008,5747
C00008,5753
C00008,640
C00008,660
C00008,6714
C00008,6725
C00008,6850
C00008,695
C00008,7006
C00008,7294
C00008,7297
C00008,7525
C00008,7535
C00008,79834
C00008,8711
C00008,91461
C00008,10000
C00008,100130827
C00008,100526835
C00008,100533105
C00008,10110
C00008,10114
C00008,102724428
C00008,102800317
C00008,10290
C00008,10298
C00008,10494
C00008,10595
C00008,106821730
C00008,11011
C00008,11035
C00008,11040
C00008,1111
C00008,11183
C00008,11184
C00008,11200
C00008,11213
C00008,112858
C00008,11329
C00008,120892
C00008,122011
C00008,124923
C00008,127933
C00008,138474
C00008,140469
C00008,140803
C00008,140901
C00008,1452
C00008,1453
C00008,1454
C00008,1455
C00008,1456
C00008,1457
C00008,1459
C00008,147746
C00008,149420
C00008,150094
C00008,152110
C00008,1612
C00008,1613
C00008,166614
C00008,167359
C00008,1760
C00008,197259
C00008,2011
C00008,202374
C00008,203447
C00008,204851
C00008,207
C00008,208
C00008,2081
C00008,22848
C00008,23012
C00008,23043
C00008,23049
C00008,23178
C00008,23235
C00008,23387
C00008,23604
C00008,23617
C00008,23678
C00008,2475
C00008,255239
C00008,2580
C00008,25989
C00008,26524
C00008,26576
C00008,27102
C00008,27148
C00008,27330
C00008,27347
C00008,282974
C00008,283106
C00008,283455
C00008,283629
C00008,284086
C00008,2872
C00008,28996
C00008,30811
C00008,30849
C00008,341676
C00008,3611
C00008,3654
C00008,3656
C00008,369
C00008,388228
C00008,3984
C00008,3985
C00008,4139
C00008,4140
C00008,415116
C00008,4261
C00008,4342
C00008,440275
C00008,472
C00008,4750
C00008,4751
C00008,4752
C00008,494551
C00008,50488
C00008,5058
C00008,5062
C00008,5063
C00008,51086
C00008,51135
C00008,51231
C00008,51347
C00008,5170
C00008,51765
C00008,5292
C00008,53904
C00008,53944
C00008,54101
C00008,545
C00008,54822
C00008,54861
C00008,54986
C00008,55351
C00008,55561
C00008,55589
C00008,55781
C00008,5591
C00008,5610
C00008,56164
C00008,5681
C00008,56924
C00008,56975
C00008,57144
C00008,57551
C00008,57787
C00008,5871
C00008,5894
C00008,613
C00008,6195
C00008,6196
C00008,6197
C00008,6198
C00008,6199
C00008,6446
C00008,646643
C00008,65018
C00008,65125
C00008,65266
C00008,65267
C00008,65268
C00008,65975
C00008,673
C00008,6732
C00008,6733
C00008,6787
C00008,6790
C00008,6793
C00008,6794
C00008,6795
C00008,6872
C00008,699
C00008,701
C00008,7204
C00008,7273
C00008,7443
C00008,7444
C00008,7465
C00008,7867
C00008,79705
C00008,79858
C00008,81629
C00008,81788
C00008,8317
C00008,83732
C00008,83903
C00008,83931
C00008,83942
C00008,83983
C00008,84033
C00008,8408
C00008,8428
C00008,84446
C00008,8476
C00008,8491
C00008,85443
C00008,85481
C00008,8550
C00008,8569
C00008,8573
C00008,8576
C00008,8737
C00008,8767
C00008,8780
C00008,8859
C00008,8899
C00008,8986
C00008,8997
C00008,9024
C00008,9088
C00008,9113
C00008,9201
C00008,9212
C00008,9252
C00008,9261
C00008,9262
C00008,9263
C00008,9344
C00008,9448
C00008,9451
C00008,9578
C00008,9706
C00008,9730
C00008,9748
C00008,9833
C00008,9874
C00008,9891
C00008,9943
C00008,1147
C00008,29110
C00008,3551
C00008,9641
C00008,5566
C00008,5567
C00008,5568
C00008,5613
C00008,5592
C00008,5593
C00008,23683
C00008,25865
C00008,29941
C00008,5578
C00008,5579
C00008,5580
C00008,5581
C00008,5582
C00008,5583
C00008,5584
C00008,5585
C00008,5586
C00008,5587
C00008,5588
C00008,5590
C00008,131890
C00008,6011
C00008,156
C00008,157
C00008,10645
C00008,139728
C00008,57118
C00008,57172
C00008,814
C00008,815
C00008,816
C00008,817
C00008,818
C00008,84254
C00008,8536
C00008,340156
C00008,4638
C00008,85366
C00008,91807
C00008,5260
C00008,5261
C00008,5163
C00008,5164
C00008,5165
C00008,5166
C00008,10733
C00008,10769
C00008,1263
C00008,5347
C00008,1017
C00008,1018
C00008,1019
C00008,1020
C00008,1021
C00008,1022
C00008,1024
C00008,1025
C00008,22858
C00008,23097
C00008,23552
C00008,344387
C00008,4117
C00008,51265
C00008,5127
C00008,5128
C00008,5129
C00008,51755
C00008,5218
C00008,5891
C00008,65061
C00008,6792
C00008,728642
C00008,8558
C00008,8621
C00008,8814
C00008,8999
C00008,983
C00008,984
C00008,1432
C00008,225689
C00008,51701
C00008,5594
C00008,5595
C00008,5596
C00008,5597
C00008,5598
C00008,5599
C00008,5600
C00008,5601
C00008,5602
C00008,5603
C00008,6300
C00008,10746
C00008,1326
C00008,389840
C00008,4214
C00008,4215
C00008,4216
C00008,4217
C00008,4293
C00008,4294
C00008,4296
C00008,51776
C00008,6885
C00008,7786
C00008,80122
C00008,84451
C00008,9020
C00008,9064
C00008,9175
C00008,146057
C00008,2931
C00008,2932
C00008,84630
C00008,130399
C00008,269
C00008,657
C00008,658
C00008,659
C00008,7046
C00008,7048
C00008,90
C00008,91
C00008,92
C00008,93
C00008,94
C00008,5562
C00008,5563
C00008,11113
C00008,91754
C00008,6093
C00008,9475
C00008,10295
C00008,10922
C00008,10420
C00008,1195
C00008,1196
C00008,1198
C00008,1859
C00008,25778
C00008,57396
C00008,7016
C00008,7272
C00008,8444
C00008,8445
C00008,8798
C00008,9149
C00008,55872
C00008,5604
C00008,5605
C00008,5606
C00008,5607
C00008,5608
C00008,5609
C00008,6416
C00008,5832
C00008,5230
C00008,5232
C00008,1152
C00008,1158
C00008,1159
C00008,1160
C00008,548596
C00008,50808
C00008,129607
C00008,51727
C00008,10654
C00008,117283
C00008,51447
C00008,9807
C00008,23262
C00008,9677
C00008,102157402
C00008,122481
C00008,158067
C00008,203
C00008,204
C00008,205
C00008,221264
C00008,26289
C00008,10201
C00008,29922
C00008,4830
C00008,4831
C00008,4832
C00008,4833
C00008,654364
C00008,2987
C00008,1841
C00008,87178
C00008,26873
C00008,84284
C00008,2272
C00008,22875
C00008,377841
C00008,953
C00008,956
C00008,4597
C00008,55739
C00008,8801
C00008,8802
C00008,8803
C00008,57494
C00008,2752
C00008,57571
C00008,2356
C00008,2729
C00008,150465
C00008,2937
C00008,284716
C00008,10606
C00008,2618
C00008,100528021
C00008,10588
C00008,31
C00008,32
C00008,1373
C00008,1503
C00008,56474
C00008,93100
C00008,25902
C00008,4522
C00008,5198
C00008,790
C00008,283459
C00008,5188
C00008,55278
C00008,5091
C00008,5095
C00008,5096
C00008,56922
C00008,64087
C00008,3978
C00008,506
C00008,523
C00009,2597
C00009,26330
C00009,5832
C00009,790
C00009,5009
C00009,47
C00009,5834
C00009,5836
C00009,5837
C00009,144811
C00009,4860
C00009,4507
C00009,151531
C00009,7378
C00009,1890
C00009,54187
C00009,27430
C00009,4143
C00009,4144
C00009,390637
C00009,87178
C00009,22928
C00009,22929
C00009,51091
C00009,248
C00009,249
C00009,250
C00009,251
C00009,25819
C00009,2203
C00009,8789
C00009,8611
C00009,8612
C00009,8613
C00009,130367
C00009,81537
C00009,10106
C00009,10217
C00009,1033
C00009,11072
C00009,11221
C00009,11266
C00009,114971
C00009,128853
C00009,128854680
C00009,132160
C00009,134510
C00009,136157
C00009,142679
C00009,143506
C00009,147699
C00009,150290
C00009,151742
C00009,152926
C00009,160760
C00009,168448
C00009,1843
C00009,1844
C00009,1845
C00009,1846
C00009,1847
C00009,1848
C00009,1849
C00009,1850
C00009,1852
C00009,192111
C00009,196120
C00009,22843
C00009,23035
C00009,23239
C00009,23399
C00009,285193
C00009,29101
C00009,333926
C00009,338599
C00009,390031
C00009,390033
C00009,441584
C00009,51207
C00009,54434
C00009,5470
C00009,5475
C00009,54935
C00009,5494
C00009,5495
C00009,5496
C00009,54961
C00009,5499
C00009,5500
C00009,5501
C00009,5515
C00009,5516
C00009,5530
C00009,5531
C00009,55313
C00009,5532
C00009,5533
C00009,5536
C00009,5537
C00009,56940
C00009,5728
C00009,57460
C00009,58190
C00009,63904
C00009,78986
C00009,7957
C00009,79871
C00009,80824
C00009,80895
C00009,8446
C00009,8493
C00009,85464
C00009,8555
C00009,8556
C00009,9150
C00009,92235
C00009,9647
C00009,283871
C00009,51205
C00009,52
C00009,53
C00009,54
C00009,55
C00009,93650
C00009,3612
C00009,3613
C00009,140838
C00009,5723
C00009,11284
C00009,3633
C00009,4952
C00009,56623
C00009,8867
C00009,8871
C00009,196051
C00009,23175
C00009,64900
C00009,84513
C00009,9663
C00009,54704
C00009,57546
C00009,5207
C00009,5208
C00009,5209
C00009,5210
C00009,57103
C00009,100528064
C00009,10076
C00009,11099
C00009,11122
C00009,11156
C00009,145553
C00009,2070
C00009,2138
C00009,2139
C00009,2140
C00009,25930
C00009,26095
C00009,26191
C00009,26469
C00009,374462
C00009,53347
C00009,5770
C00009,5771
C00009,5774
C00009,5775
C00009,5777
C00009,5778
C00009,5780
C00009,5781
C00009,5782
C00009,5784
C00009,5786
C00009,5787
C00009,5788
C00009,5789
C00009,5791
C00009,5792
C00009,5793
C00009,5794
C00009,5795
C00009,5796
C00009,5797
C00009,5798
C00009,5799
C00009,5800
C00009,5801
C00009,5802
C00009,5803
C00009,7803
C00009,8073
C00009,84867
C00009,84959
C00009,8897
C00009,9110
C00009,993
C00009,994
C00009,995
C00009,100526794
C00009,22978
C00009,284958
C00009,30833
C00009,4907
C00009,56953
C00009,84618
C00009,93034
C00009,27124
C00009,3632
C00009,51763
C00009,3628
C00009,9562
C00009,4534
C00009,55613
C00009,64419
C00009,8776
C00009,8898
C00009,9107
C00009,9108
C00009,3631
C00009,8821
C00009,10380
C00009,54928
C00009,493911
C00009,57026
C00009,162466
C00009,2053
C00009,58478
C00009,55529
C00009,90809
C00009,3635
C00009,3636
C00009,51020
C00009,2538
C00009,57818
C00009,92579
C00009,115024
C00009,51251
C00009,8226
C00009,2720
C00009,26873
C00009,27068
C00009,5464
C00009,64077
C00009,58497
C00009,79077
C00009,84284
C00009,79178
C00009,57171
C00009,377841
C00009,953
C00009,956
C00009,11163
C00009,11165
C00009,170685
C00009,440672
C00009,55190
C00009,11164
C00009,79873
C00009,124583
C00009,955
C00009,957
C00009,9583
C00009,131870
C00009,97
C00009,98
C00009,150786
C00009,347517
C00009,51560
C00009,5870
C00009,7879
C00009,84084
C00009,6729
C00009,10059
C00009,1759
C00009,1785
C00009,26052
C00009,4976
C00009,29085
C00009,4597
C00009,55739
C00009,85007
C00009,64850
C00009,8801
C00009,8802
C00009,8803
C00009,57494
C00009,2752
C00009,57571
C00009,2356
C00009,2729
C00009,150465
C00009,2937
C00009,284716
C00009,10606
C00009,2618
C00009,100528021
C00009,10588
C00009,31
C00009,32
C00009,1373
C00009,1503
C00009,56474
C00009,93100
C00009,25902
C00009,4522
C00009,122622
C00009,159
C00009,5198
C00009,283459
C00009,5188
C00009,55278
C00009,5091
C00009,5095
C00009,5096
C00009,56922
C00009,64087
C00009,3978
C00009,506
C00009,523
C00010,3156
C00010,4329
C00010,55711
C00010,84188
C00010,162417
C00010,79969
C00010,1737
C00010,10249
C00010,219970
C00010,54677
C00010,128966744
C00010,137964
C00010,150763
C00010,57678
C00010,84803
C00010,10449
C00010,30
C00010,3032
C00010,1629
C00010,339983
C00010,6342
C00010,54898
C00010,60481
C00010,64834
C00010,6785
C00010,79071
C00010,79993
C00010,83401
C00010,137695
C00010,346606
C00010,84649
C00010,8694
C00010,126129
C00010,1374
C00010,1375
C00010,1376
C00010,116255
C00010,80168
C00010,131540
C00010,158866
C00010,23390
C00010,253832
C00010,254359
C00010,254887
C00010,25921
C00010,283576
C00010,29800
C00010,29801
C00010,340481
C00010,51114
C00010,51201
C00010,51304
C00010,54503
C00010,55146
C00010,55625
C00010,64429
C00010,653082
C00010,79683
C00010,79844
C00010,84243
C00010,84287
C00010,84885
C00010,10162
C00010,254531
C00010,54947
C00010,79888
C00010,64840
C00010,6646
C00010,8435
C00010,23464
C00010,253782
C00010,91012
C00010,204219
C00010,29956
C00010,79603
C00010,10715
C00010,26151
C00010,375607
C00010,25864
C00010,84836
C00010,211
C00010,212
C00010,27349
C00010,64841
C00010,8443
C00010,64921
C00010,10524
C00010,10724
C00010,11143
C00010,124359
C00010,138474
C00010,1387
C00010,2033
C00010,203611
C00010,23522
C00010,253175
C00010,2648
C00010,6872
C00010,7994
C00010,8202
C00010,84148
C00010,8520
C00010,8648
C00010,8850
C00010,8888
C00010,9085
C00010,9329
C00010,9425
C00010,9426
C00010,9575
C00010,10
C00010,9
C00010,10558
C00010,55304
C00010,9517
C00010,10554
C00010,10555
C00010,129642
C00010,154141
C00010,253558
C00010,51099
C00010,55326
C00010,56894
C00010,56895
C00010,112483
C00010,6303
C00010,1103
C00010,1743
C00010,570
C00010,100287520
C00010,92292
C00010,1384
C00010,158833
C00010,158835
C00010,138050
C00010,9027
C00010,2194
C00010,15
C00010,38
C00010,39
C00010,4836
C00010,9397
C00010,1431
C00010,3157
C00010,3158
C00010,47
C00010,80347
C00010,134526
C00010,10965
C00010,11332
C00010,117145
C00010,122970
C00010,153364
C00010,284486
C00010,641371
C00010,127018
C00010,51104
C00010,5538
C00010,58489
C00010,81926
C00010,9374
C00010,10005
C00010,26275
C00010,283927
C00010,390916
C00010,23181
C00010,55902
C00010,84532
C00010,65985
C00010,79611
C00010,116285
C00010,123876
C00010,142827
C00010,341392
C00010,348158
C00010,54988
C00010,6296
C00010,80221
C00010,11001
C00010,2180
C00010,2181
C00010,2182
C00010,23205
C00010,23305
C00010,51703
C00010,81616
C00010,8801
C00010,8802
C00010,8803
C00010,10998
C00010,197322
C00011,50814
C00011,51478
C00011,79154
C00011,5226
C00011,4200
C00011,10873
C00011,4199
C00011,3419
C00011,3420
C00011,3421
C00011,3417
C00011,3418
C00011,3242
C00011,84842
C00011,8424
C00011,444
C00011,5264
C00011,283208
C00011,5033
C00011,8974
C00011,22992
C00011,84678
C00011,5351
C00011,5352
C00011,8985
C00011,129450
C00011,54784
C00011,8846
C00011,100137047
C00011,23133
C00011,51780
C00011,55806
C00011,55818
C00011,80853
C00011,100129053
C00011,23030
C00011,23081
C00011,390245
C00011,55693
C00011,84864
C00011,9682
C00011,10765
C00011,5927
C00011,79697
C00011,8242
C00011,8284
C00011,23135
C00011,7403
C00011,7404
C00011,10536
C00011,55214
C00011,64175
C00011,79831
C00011,55217
C00011,200424
C00011,54790
C00011,80312
C00011,6307
C00011,4329
C00011,5160
C00011,5161
C00011,5162
C00011,4967
C00011,55753
C00011,593
C00011,594
C00011,1371
C00011,2639
C00011,2731
C00011,10840
C00011,160428
C00011,54995
C00011,54898
C00011,60481
C00011,64834
C00011,6785
C00011,79071
C00011,79993
C00011,83401
C00011,9836
C00011,211
C00011,212
C00011,10558
C00011,55304
C00011,9517
C00011,2194
C00011,23475
C00011,1066
C00011,124641
C00011,221223
C00011,23491
C00011,8824
C00011,51733
C00011,1644
C00011,339896
C00011,51380
C00011,51117
C00011,2571
C00011,2572
C00011,4953
C00011,113451
C00011,10606
C00011,3067
C00011,7372
C00011,5105
C00011,5106
C00011,4597
C00011,28970
C00011,80146
C00011,60490
C00011,7389
C00011,130013
C00011,262
C00011,730249
C00011,23761
C00011,100037417
C00011,1652
C00011,23417
C00011,2677
C00011,55862
C00011,646625
C00011,441250
C00011,55253
C00011,11238
C00011,23632
C00011,377677
C00011,759
C00011,760
C00011,761
C00011,762
C00011,763
C00011,765
C00011,766
C00011,767
C00011,768
C00011,771
C00011,1373
C00012,102724197
C00012,124975
C00012,2678
C00012,2686
C00012,2687
C00012,51056
C00012,10269
C00013,7372
C00013,10135
C00013,5471
C00013,23475
C00013,353
C00013,3251
C00013,2224
C00013,9453
C00013,1352
C00013,2222
C00013,27235
C00013,100529261
C00013,2339
C00013,2342
C00013,27430
C00013,4143
C00013,4144
C00013,54802
C00013,116150
C00013,79947
C00013,23590
C00013,57107
C00013,23057
C00013,349565
C00013,64802
C00013,29925
C00013,29926
C00013,5833
C00013,5130
C00013,9468
C00013,10914
C00013,11044
C00013,167153
C00013,169966
C00013,54855
C00013,55149
C00013,56903
C00013,64282
C00013,64852
C00013,64895
C00013,80308
C00013,6675
C00013,91373
C00013,80347
C00013,8790
C00013,1791
C00013,9060
C00013,9061
C00013,729920
C00013,1040
C00013,8760
C00013,55907
C00013,7015
C00013,8732
C00013,23318
C00013,79670
C00013,11128
C00013,25885
C00013,5430
C00013,5431
C00013,5442
C00013,55703
C00013,84172
C00013,10514
C00013,10721
C00013,11201
C00013,201973
C00013,27343
C00013,27434
C00013,353497
C00013,51426
C00013,54107
C00013,5422
C00013,5423
C00013,5424
C00013,5426
C00013,5427
C00013,5428
C00013,5429
C00013,56655
C00013,5980
C00013,51095
C00013,10243
C00013,27304
C00013,4938
C00013,4939
C00013,4940
C00013,115004
C00013,79693
C00013,7360
C00013,11164
C00013,374659
C00013,27068
C00013,5464
C00013,64077
C00013,79077
C00013,1854
C00013,4521
C00013,55270
C00013,3704
C00013,5167
C00013,5169
C00013,107
C00013,108
C00013,109
C00013,111
C00013,112
C00013,113
C00013,114
C00013,115
C00013,196883
C00013,55811
C00013,4337
C00013,2977
C00013,2982
C00013,2983
C00013,2984
C00013,2986
C00013,3000
C00013,4881
C00013,4882
C00013,51067
C00013,8565
C00013,4141
C00013,92935
C00013,54938
C00013,6301
C00013,1615
C00013,55157
C00013,2617
C00013,2058
C00013,25973
C00013,79587
C00013,833
C00013,124454
C00013,5859
C00013,57038
C00013,5917
C00013,10352
C00013,7453
C00013,10056
C00013,10667
C00013,2193
C00013,23438
C00013,3035
C00013,4677
C00013,79731
C00013,123283
C00013,6897
C00013,80222
C00013,23395
C00013,51520
C00013,3376
C00013,55699
C00013,3735
C00013,16
C00013,57505
C00013,57176
C00013,7407
C00013,23181
C00013,55902
C00013,84532
C00013,65985
C00013,79611
C00013,116285
C00013,123876
C00013,142827
C00013,341392
C00013,348158
C00013,54988
C00013,6296
C00013,80221
C00013,11001
C00013,2180
C00013,2181
C00013,2182
C00013,23205
C00013,23305
C00013,51703
C00013,81616
C00013,10998
C00013,197322
C00013,89978
C00013,79717
C00013,3141
C00013,93100
C00013,445
C00013,55191
C00013,8833
C00013,440
C00013,3978
C00013,3980
C00013,3981
C00013,8634
C00014,554235
C00014,2746
C00014,2747
C00014,8528
C00014,4015
C00014,259307
C00014,314
C00014,8639
C00014,26
C00014,1610
C00014,4128
C00014,4129
C00014,55163
C00014,2766
C00014,51292
C00014,275
C00014,116179
C00014,2162
C00014,343641
C00014,7047
C00014,7051
C00014,7052
C00014,7053
C00014,9333
C00014,25797
C00014,54814
C00014,3145
C00014,374569
C00014,80150
C00014,123803
C00014,55093
C00014,27165
C00014,2744
C00014,56954
C00014,51733
C00014,158584
C00014,2166
C00014,11240
C00014,23569
C00014,29943
C00014,353238
C00014,51702
C00014,1635
C00014,9615
C00014,23536
C00014,103
C00014,100
C00014,144811
C00014,51816
C00014,81602
C00014,978
C00014,270
C00014,271
C00014,272
C00014,10247
C00014,10007
C00014,132789
C00014,85007
C00014,64850
C00014,10993
C00014,113675
C00014,3034
C00014,10841
C00014,1491
C00014,56267
C00014,883
C00014,89978
C00014,2752
C00014,1373
C00014,1503
C00014,56474
C00014,55191
C00014,8833
C00014,440
C00014,790
C00015,50484
C00015,6240
C00015,6241
C00015,2650
C00015,2997
C00015,2998
C00015,29880
C00015,56913
C00015,135152
C00015,26229
C00015,27087
C00015,199857
C00015,79868
C00015,4247
C00015,4248
C00015,11282
C00015,11320
C00015,152586
C00015,25834
C00015,10331
C00015,192134
C00015,10678
C00015,79369
C00015,2651
C00015,4249
C00015,124872
C00015,10720
C00015,10941
C00015,54490
C00015,54575
C00015,54576
C00015,54577
C00015,54578
C00015,54579
C00015,54600
C00015,54657
C00015,54658
C00015,54659
C00015,574537
C00015,7363
C00015,7364
C00015,7365
C00015,7366
C00015,7367
C00015,79799
C00015,22856
C00015,337876
C00015,55454
C00015,55790
C00015,79586
C00015,2992
C00015,8908
C00015,5277
C00015,84002
C00015,3036
C00015,3037
C00015,3038
C00015,2683
C00015,3906
C00015,8704
C00015,2135
C00015,2137
C00015,2131
C00015,2132
C00015,2134
C00015,54480
C00015,53947
C00015,285203
C00015,8473
C00015,9331
C00015,9334
C00015,8702
C00015,84892
C00015,148789
C00015,28
C00015,8703
C00015,100528030
C00015,11226
C00015,11227
C00015,114805
C00015,117248
C00015,168391
C00015,2589
C00015,2590
C00015,2591
C00015,26290
C00015,374378
C00015,442117
C00015,50614
C00015,51809
C00015,55568
C00015,57452
C00015,63917
C00015,64409
C00015,79623
C00015,79695
C00015,8693
C00015,7368
C00015,23127
C00015,79709
C00015,8985
C00015,8705
C00015,8706
C00015,7357
C00015,8707
C00015,8708
C00015,127550
C00015,26301
C00015,2583
C00015,5211
C00015,5213
C00015,5214
C00015,5313
C00015,5315
C00015,50808
C00015,129607
C00015,51727
C00015,10201
C00015,221264
C00015,29922
C00015,4830
C00015,4831
C00015,4832
C00015,4833
C00015,654364
C00015,87178
C00015,10020
C00015,377841
C00015,953
C00015,956
C00015,124583
C00015,955
C00015,957
C00015,9583
C00016,2820
C00016,79944
C00016,51
C00016,8310
C00016,35
C00016,3712
C00016,36
C00016,2639
C00016,34
C00016,33
C00016,37
C00016,645
C00016,80308
C00016,5167
C00016,5169
C00016,26007
C00017,11101
C00017,10000
C00017,100130827
C00017,100526835
C00017,100533105
C00017,10110
C00017,10114
C00017,10188
C00017,102724428
C00017,102800317
C00017,10290
C00017,10298
C00017,10494
C00017,10595
C00017,106821730
C00017,11011
C00017,11035
C00017,11040
C00017,1111
C00017,11183
C00017,11184
C00017,11200
C00017,11213
C00017,112858
C00017,11329
C00017,120892
C00017,122011
C00017,124923
C00017,127933
C00017,138474
C00017,140469
C00017,140803
C00017,140901
C00017,1452
C00017,1453
C00017,1454
C00017,1455
C00017,1456
C00017,1457
C00017,1459
C00017,147746
C00017,149420
C00017,150094
C00017,152110
C00017,1612
C00017,1613
C00017,166614
C00017,167359
C00017,1760
C00017,197259
C00017,2011
C00017,202374
C00017,203447
C00017,204851
C00017,207
C00017,208
C00017,2081
C00017,22848
C00017,23012
C00017,23043
C00017,23049
C00017,23178
C00017,23235
C00017,23387
C00017,23604
C00017,23617
C00017,23678
C00017,2475
C00017,255239
C00017,2580
C00017,25989
C00017,26524
C00017,26576
C00017,27102
C00017,27148
C00017,27330
C00017,27347
C00017,282974
C00017,283106
C00017,283455
C00017,283629
C00017,284086
C00017,2872
C00017,28996
C00017,30811
C00017,30849
C00017,341676
C00017,3611
C00017,3654
C00017,3656
C00017,369
C00017,388228
C00017,3984
C00017,3985
C00017,4139
C00017,4140
C00017,415116
C00017,4261
C00017,4342
C00017,440275
C00017,472
C00017,4750
C00017,4751
C00017,4752
C00017,494551
C00017,50488
C00017,5058
C00017,5062
C00017,5063
C00017,51086
C00017,51135
C00017,51231
C00017,51347
C00017,5170
C00017,51765
C00017,5292
C00017,53904
C00017,53944
C00017,54101
C00017,545
C00017,54822
C00017,54861
C00017,54986
C00017,55351
C00017,55561
C00017,55589
C00017,55781
C00017,5591
C00017,5610
C00017,56164
C00017,5681
C00017,56924
C00017,56975
C00017,57144
C00017,57551
C00017,57787
C00017,5871
C00017,5894
C00017,613
C00017,6195
C00017,6196
C00017,6197
C00017,6198
C00017,6199
C00017,6446
C00017,646643
C00017,65018
C00017,65125
C00017,65266
C00017,65267
C00017,65268
C00017,65975
C00017,673
C00017,6732
C00017,6733
C00017,6787
C00017,6790
C00017,6793
C00017,6794
C00017,6795
C00017,6872
C00017,699
C00017,701
C00017,7204
C00017,7273
C00017,7443
C00017,7444
C00017,7465
C00017,7867
C00017,79705
C00017,79858
C00017,81629
C00017,81788
C00017,8317
C00017,83732
C00017,83903
C00017,83931
C00017,83942
C00017,83983
C00017,84033
C00017,8408
C00017,8428
C00017,84446
C00017,8476
C00017,8491
C00017,85443
C00017,85481
C00017,8550
C00017,8569
C00017,8573
C00017,8576
C00017,8737
C00017,8767
C00017,8780
C00017,8859
C00017,8899
C00017,8986
C00017,8997
C00017,9024
C00017,9088
C00017,9113
C00017,9201
C00017,9212
C00017,9252
C00017,9261
C00017,9262
C00017,9263
C00017,9344
C00017,9448
C00017,9451
C00017,9578
C00017,9706
C00017,9730
C00017,9748
C00017,9833
C00017,9874
C00017,9891
C00017,9943
C00017,1147
C00017,29110
C00017,3551
C00017,9641
C00017,5566
C00017,5567
C00017,5568
C00017,5613
C00017,5592
C00017,5593
C00017,23683
C00017,25865
C00017,29941
C00017,5578
C00017,5579
C00017,5580
C00017,5581
C00017,5582
C00017,5583
C00017,5584
C00017,5585
C00017,5586
C00017,5587
C00017,5588
C00017,5590
C00017,10645
C00017,139728
C00017,57118
C00017,57172
C00017,814
C00017,815
C00017,816
C00017,817
C00017,818
C00017,84254
C00017,8536
C00017,10733
C00017,10769
C00017,1263
C00017,5347
C00017,1017
C00017,1018
C00017,1019
C00017,1020
C00017,1021
C00017,1022
C00017,1024
C00017,1025
C00017,22858
C00017,23097
C00017,23552
C00017,344387
C00017,4117
C00017,51265
C00017,5127
C00017,5128
C00017,5129
C00017,51755
C00017,5218
C00017,5891
C00017,65061
C00017,6792
C00017,728642
C00017,8558
C00017,8621
C00017,8814
C00017,8999
C00017,983
C00017,984
C00017,1432
C00017,225689
C00017,51701
C00017,5594
C00017,5595
C00017,5596
C00017,5597
C00017,5598
C00017,5599
C00017,5600
C00017,5601
C00017,5602
C00017,5603
C00017,6300
C00017,10746
C00017,1326
C00017,389840
C00017,4214
C00017,4215
C00017,4216
C00017,4217
C00017,4293
C00017,4294
C00017,4296
C00017,51776
C00017,6885
C00017,7786
C00017,80122
C00017,84451
C00017,9020
C00017,9064
C00017,9175
C00017,130399
C00017,269
C00017,657
C00017,658
C00017,659
C00017,7046
C00017,7048
C00017,90
C00017,91
C00017,92
C00017,93
C00017,94
C00017,10922
C00017,10420
C00017,1195
C00017,1196
C00017,1198
C00017,1859
C00017,25778
C00017,57396
C00017,7016
C00017,7272
C00017,8444
C00017,8445
C00017,8798
C00017,9149
C00017,55872
C00017,5604
C00017,5605
C00017,5606
C00017,5607
C00017,5608
C00017,5609
C00017,6416
C00017,127018
C00017,51104
C00017,5538
C00017,58489
C00017,81926
C00017,9374
C00017,10106
C00017,10217
C00017,1033
C00017,11072
C00017,11221
C00017,11266
C00017,114971
C00017,128853
C00017,128854680
C00017,132160
C00017,134510
C00017,136157
C00017,142679
C00017,143506
C00017,147699
C00017,150290
C00017,151742
C00017,152926
C00017,160760
C00017,168448
C00017,1843
C00017,1844
C00017,1845
C00017,1846
C00017,1847
C00017,1848
C00017,1849
C00017,1850
C00017,1852
C00017,192111
C00017,196120
C00017,22843
C00017,23035
C00017,23239
C00017,23399
C00017,285193
C00017,29101
C00017,333926
C00017,338599
C00017,390031
C00017,390033
C00017,441584
C00017,51207
C00017,54434
C00017,5470
C00017,5475
C00017,54935
C00017,5494
C00017,5495
C00017,5496
C00017,54961
C00017,5499
C00017,5500
C00017,5501
C00017,5515
C00017,5516
C00017,5530
C00017,5531
C00017,55313
C00017,5532
C00017,5533
C00017,5536
C00017,5537
C00017,56940
C00017,5728
C00017,57460
C00017,58190
C00017,63904
C00017,78986
C00017,7957
C00017,79871
C00017,80824
C00017,80895
C00017,8446
C00017,8493
C00017,85464
C00017,8555
C00017,8556
C00017,9150
C00017,92235
C00017,9647
C00018,55163
C00018,8566
C00018,493911
C00018,57026
C00019,4552
C00019,4837
C00019,23743
C00019,23463
C00019,51805
C00019,57412
C00019,10400
C00019,27292
C00019,2593
C00019,107080644
C00019,27232
C00019,84274
C00019,54888
C00019,1787
C00019,138199
C00019,57570
C00019,5409
C00019,127253
C00019,154743
C00019,23378
C00019,9836
C00019,55783
C00019,29104
C00019,51409
C00019,51611
C00019,10196
C00019,10498
C00019,3275
C00019,3276
C00019,55170
C00019,56341
C00019,10419
C00019,90826
C00019,54496
C00019,4234
C00019,6894
C00019,79066
C00019,56339
C00019,79979
C00019,11105
C00019,150572
C00019,23067
C00019,4297
C00019,55870
C00019,55904
C00019,56950
C00019,56979
C00019,58508
C00019,64754
C00019,8085
C00019,9739
C00019,9757
C00019,107303344
C00019,10919
C00019,6839
C00019,7799
C00019,79723
C00019,79813
C00019,83852
C00019,2145
C00019,2146
C00019,6419
C00019,64324
C00019,7468
C00019,29072
C00019,84444
C00019,387893
C00019,93166
C00019,51111
C00019,84787
C00019,54093
C00019,80854
C00019,9869
C00019,2122
C00019,63976
C00019,1786
C00019,1788
C00019,1789
C00019,54904
C00019,438
C00019,11185
C00019,8731
C00019,23070
C00019,120356740
C00019,1312
C00019,220074
C00019,79823
C00019,63935
C00019,7172
C00019,64863
C00019,5110
C00019,3176
C00019,84193
C00019,92342
C00019,196410
C00019,25840
C00019,1801
C00019,55039
C00019,285605
C00019,56986
C00019,27430
C00019,4143
C00019,4144
C00019,11019
C00019,54901
C00019,262
C00019,441250
C00019,55253
C00019,4337
C00020,10243
C00020,55644
C00020,64172
C00020,353
C00020,83440
C00020,132
C00020,50808
C00020,102157402
C00020,122481
C00020,158067
C00020,203
C00020,204
C00020,205
C00020,221264
C00020,26289
C00020,221823
C00020,5631
C00020,5634
C00020,27010
C00020,22928
C00020,22929
C00020,27304
C00020,100526794
C00020,22978
C00020,284958
C00020,30833
C00020,4907
C00020,55
C00020,56953
C00020,84618
C00020,93034
C00020,10380
C00020,54928
C00020,10846
C00020,50940
C00020,5136
C00020,5137
C00020,5138
C00020,5139
C00020,5140
C00020,5153
C00020,27115
C00020,5141
C00020,5142
C00020,5143
C00020,5144
C00020,5150
C00020,5151
C00020,8622
C00020,270
C00020,271
C00020,272
C00020,11164
C00020,53343
C00020,56985
C00020,7226
C00020,318
C00020,25961
C00020,83594
C00020,2272
C00020,22875
C00020,377841
C00020,953
C00020,956
C00020,5167
C00020,5169
C00020,158
C00020,26007
C00020,51067
C00020,8565
C00020,4141
C00020,92935
C00020,54938
C00020,6301
C00020,1615
C00020,55157
C00020,2617
C00020,2058
C00020,25973
C00020,79587
C00020,833
C00020,124454
C00020,5859
C00020,57038
C00020,5917
C00020,10352
C00020,7453
C00020,10056
C00020,10667
C00020,2193
C00020,23438
C00020,3035
C00020,4677
C00020,79731
C00020,123283
C00020,6897
C00020,80222
C00020,23395
C00020,51520
C00020,3376
C00020,55699
C00020,3735
C00020,16
C00020,57505
C00020,57176
C00020,7407
C00020,23181
C00020,55902
C00020,84532
C00020,65985
C00020,79611
C00020,116285
C00020,123876
C00020,142827
C00020,341392
C00020,348158
C00020,54988
C00020,6296
C00020,80221
C00020,11001
C00020,2180
C00020,2181
C00020,2182
C00020,23205
C00020,23305
C00020,51703
C00020,81616
C00020,10998
C00020,197322
C00020,89978
C00020,79717
C00020,3141
C00020,445
C00020,55191
C00020,8833
C00020,440
C00020,3978
C00020,3980
C00020,3981
C00020,8634
C00021,4552
C00021,4837
C00021,23743
C00021,23463
C00021,51805
C00021,57412
C00021,10400
C00021,27292
C00021,2593
C00021,107080644
C00021,27232
C00021,84274
C00021,54888
C00021,1787
C00021,138199
C00021,57570
C00021,5409
C00021,127253
C00021,154743
C00021,23378
C00021,9836
C00021,55783
C00021,29104
C00021,51409
C00021,51611
C00021,10196
C00021,10498
C00021,3275
C00021,3276
C00021,55170
C00021,56341
C00021,10419
C00021,90826
C00021,54496
C00021,4234
C00021,6894
C00021,79066
C00021,56339
C00021,79979
C00021,11105
C00021,150572
C00021,23067
C00021,4297
C00021,55870
C00021,55904
C00021,56950
C00021,56979
C00021,58508
C00021,64754
C00021,8085
C00021,9739
C00021,9757
C00021,107303344
C00021,10919
C00021,6839
C00021,7799
C00021,79723
C00021,79813
C00021,83852
C00021,2145
C00021,2146
C00021,6419
C00021,64324
C00021,7468
C00021,29072
C00021,84444
C00021,387893
C00021,93166
C00021,51111
C00021,84787
C00021,54093
C00021,80854
C00021,9869
C00021,2122
C00021,63976
C00021,1786
C00021,1788
C00021,1789
C00021,54904
C00021,438
C00021,11185
C00021,8731
C00021,23070
C00021,120356740
C00021,1312
C00021,220074
C00021,79823
C00021,63935
C00021,7172
C00021,64863
C00021,5110
C00021,3176
C00021,84193
C00021,92342
C00021,196410
C00021,25840
C00021,54901
C00021,10768
C00021,191
C00021,23382
C00022,160287
C00022,3939
C00022,3945
C00022,3948
C00022,92483
C00022,4200
C00022,10873
C00022,4199
C00022,197257
C00022,5160
C00022,5161
C00022,5162
C00022,1610
C00022,2875
C00022,84706
C00022,64902
C00022,189
C00022,5313
C00022,5315
C00022,4357
C00022,7263
C00022,10247
C00022,81889
C00022,112817
C00022,171425
C00022,80896
C00022,441250
C00022,55253
C00022,10993
C00022,113675
C00022,1491
C00022,56267
C00022,883
C00022,5091
C00024,4329
C00024,31
C00024,32
C00024,5096
C00024,162417
C00024,79969
C00024,1737
C00024,10449
C00024,30
C00024,3032
C00024,339983
C00024,6342
C00024,23464
C00024,26151
C00024,375607
C00024,25864
C00024,84836
C00024,64841
C00024,64921
C00024,10524
C00024,10724
C00024,11143
C00024,124359
C00024,138474
C00024,1387
C00024,2033
C00024,203611
C00024,23522
C00024,253175
C00024,2648
C00024,6872
C00024,7994
C00024,8202
C00024,84148
C00024,8520
C00024,8648
C00024,8850
C00024,8888
C00024,9085
C00024,9329
C00024,9425
C00024,9426
C00024,9575
C00024,10
C00024,9
C00024,112483
C00024,6303
C00024,1103
C00024,54947
C00024,79888
C00024,1384
C00024,138050
C00024,9027
C00024,2194
C00024,15
C00024,38
C00024,39
C00024,1431
C00024,3157
C00024,3158
C00024,47
C00024,134526
C00024,23417
C00024,171425
C00024,3155
C00024,54511
C00024,23181
C00024,55902
C00024,84532
C00025,8659
C00025,2746
C00025,2747
C00025,10157
C00025,10841
C00025,162417
C00025,102724197
C00025,124975
C00025,2678
C00025,2686
C00025,2687
C00025,5471
C00025,137362
C00025,2805
C00025,2806
C00025,4942
C00025,2673
C00025,9945
C00025,18
C00025,2875
C00025,84706
C00025,55847
C00025,51166
C00025,64902
C00025,586
C00025,587
C00025,189
C00025,6898
C00025,29968
C00025,56267
C00025,883
C00025,5832
C00025,10003
C00025,10004
C00025,2346
C00025,254827
C00025,8836
C00025,27165
C00025,2744
C00025,26873
C00025,2571
C00025,2572
C00025,124454
C00025,2058
C00025,57494
C00025,2752
C00025,2356
C00025,2729
C00025,284716
C00025,1503
C00025,56474
C00025,55191
C00025,8833
C00025,5198
C00025,440
C00025,790
C00025,283459
C00025,5188
C00025,55278
C00026,26227
C00026,3419
C00026,3420
C00026,3421
C00026,3417
C00026,3418
C00026,79944
C00026,137872
C00026,728294
C00026,8424
C00026,444
C00026,5264
C00026,283208
C00026,5033
C00026,8974
C00026,22992
C00026,84678
C00026,5351
C00026,5352
C00026,8985
C00026,129450
C00026,54784
C00026,8846
C00026,100137047
C00026,23133
C00026,51780
C00026,55806
C00026,55818
C00026,80853
C00026,100129053
C00026,23030
C00026,23081
C00026,390245
C00026,55693
C00026,84864
C00026,9682
C00026,10765
C00026,5927
C00026,79697
C00026,8242
C00026,8284
C00026,23135
C00026,7403
C00026,7404
C00026,10536
C00026,55214
C00026,64175
C00026,79831
C00026,55217
C00026,200424
C00026,54790
C00026,80312
C00026,217
C00026,219
C00026,223
C00026,224
C00026,501
C00026,4967
C00026,55753
C00026,2746
C00026,2747
C00026,10157
C00026,137362
C00026,2805
C00026,2806
C00026,4942
C00026,18
C00026,2875
C00026,84706
C00026,55847
C00026,51166
C00026,64902
C00026,586
C00026,587
C00026,189
C00026,6898
C00026,29968
C00026,56267
C00026,883
C00026,4817
C00026,56954
C00027,51179
C00027,54363
C00027,847
C00027,137902
C00027,4025
C00027,7837
C00027,8288
C00027,9588
C00027,7173
C00027,257202
C00027,2876
C00027,2877
C00027,2878
C00027,2880
C00027,2882
C00027,493869
C00027,4353
C00027,6647
C00027,6648
C00027,6649
C00027,7498
C00027,316
C00027,5498
C00027,51
C00027,8310
C00027,8528
C00027,4015
C00027,259307
C00027,314
C00027,8639
C00027,26
C00027,1610
C00027,4128
C00027,4129
C00027,55163
C00027,51268
C00027,196743
C00027,54498
C00027,50506
C00027,53905
C00027,55328
C00027,6821
C00027,169714
C00027,2671
C00027,5768
C00027,8991
C00027,51449
C00027,78991
C00028,55349
C00028,79944
C00028,728294
C00028,137902
C00028,4025
C00028,7837
C00028,8288
C00028,9588
C00028,7299
C00028,5742
C00028,5743
C00028,83475
C00028,9023
C00028,221656
C00028,23028
C00028,8309
C00028,1355
C00028,1735
C00028,1733
C00028,1734
C00028,35
C00028,36
C00028,34
C00028,54884
C00028,27304
C00028,55034
C00028,2990
C00028,9365
C00028,4337
C00028,51540
C00029,7358
C00029,2997
C00029,2998
C00029,29880
C00029,2992
C00029,8908
C00029,8985
C00029,7357
C00029,2592
C00029,7360
C00029,256281
C00029,84304
C00029,5167
C00029,5169
C00029,2582
C00030,55349
C00030,79944
C00030,728294
C00030,137902
C00030,4025
C00030,7837
C00030,8288
C00030,9588
C00030,7299
C00030,5742
C00030,5743
C00030,83475
C00030,9023
C00030,221656
C00030,23028
C00030,8309
C00030,1355
C00030,1735
C00030,1733
C00030,1734
C00030,35
C00030,36
C00030,34
C00030,54884
C00030,27304
C00030,55034
C00030,2990
C00030,9365
C00030,4337
C00030,51540
C00031,2683
C00031,3906
C00031,8704
C00031,178
C00031,3098
C00031,3099
C00031,3101
C00031,80201
C00031,83440
C00031,2645
C00031,2538
C00031,57818
C00031,92579
C00031,6476
C00031,80162
C00031,3938
C00031,2548
C00031,2595
C00031,8972
C00031,93432
C00031,23193
C00031,57733
C00031,2717
C00031,2720
C00031,11181
C00031,2629
C00031,57704
C00032,3162
C00032,3163
C00032,1352
C00032,3052
C00032,2235
C00033,1586
C00033,217
C00033,219
C00033,223
C00033,224
C00033,501
C00033,218
C00033,221
C00033,222
C00033,140733
C00033,28992
C00033,285148
C00033,5444
C00033,5445
C00033,5446
C00033,374569
C00033,5049
C00033,5050
C00033,5051
C00033,7941
C00033,54414
C00033,8824
C00033,43
C00033,590
C00033,134526
C00033,91703
C00033,100526760
C00033,95
C00033,443
C00033,51005
C00033,9487
C00033,97
C00033,98
C00033,3155
C00033,54511
C00033,23181
C00033,55902
C00033,84532
C00035,50484
C00035,6240
C00035,6241
C00035,79712
C00035,85365
C00035,56052
C00035,10690
C00035,2525
C00035,2527
C00035,2528
C00035,2523
C00035,2524
C00035,8813
C00035,5313
C00035,5315
C00035,54963
C00035,7371
C00035,83549
C00035,123688
C00035,10201
C00035,221264
C00035,29922
C00035,4830
C00035,4831
C00035,4832
C00035,4833
C00035,654364
C00035,2987
C00035,390637
C00035,87178
C00035,374659
C00035,377841
C00035,953
C00035,956
C00035,124583
C00035,955
C00035,957
C00035,9583
C00035,150786
C00035,347517
C00035,51560
C00035,5870
C00035,7879
C00035,84084
C00035,6729
C00035,10059
C00035,1759
C00035,1785
C00035,26052
C00035,4976
C00035,5105
C00035,5106
C00035,8801
C00035,8802
C00035,8803
C00035,122622
C00035,159
C00036,4190
C00036,4191
C00036,4200
C00036,10873
C00036,4199
C00036,554235
C00036,8528
C00036,259307
C00036,1431
C00036,47
C00036,137362
C00036,2805
C00036,2806
C00036,56954
C00036,5105
C00036,5106
C00036,124900512
C00036,151313
C00036,51011
C00036,5091
C00037,1610
C00037,2731
C00037,51268
C00037,1757
C00037,107080644
C00037,27232
C00037,6470
C00037,6472
C00037,2628
C00037,10249
C00037,219970
C00037,23464
C00037,211
C00037,212
C00037,570
C00037,189
C00037,64902
C00037,51056
C00037,290
C00037,2617
C00037,2937
C00037,2618
C00039,1786
C00039,1788
C00039,1789
C00039,1791
C00039,7015
C00039,10514
C00039,10721
C00039,11201
C00039,201973
C00039,27343
C00039,27434
C00039,353497
C00039,51426
C00039,54107
C00039,5422
C00039,5423
C00039,5424
C00039,5426
C00039,5427
C00039,5428
C00039,5429
C00039,56655
C00039,5980
C00039,3978
C00039,3980
C00039,3981
C00040,51102
C00040,55825
C00040,51
C00040,8310
C00040,34
C00040,33
C00040,10249
C00040,219970
C00040,128966744
C00040,137964
C00040,150763
C00040,57678
C00040,84803
C00040,10449
C00040,30
C00040,3032
C00040,54898
C00040,60481
C00040,64834
C00040,6785
C00040,79071
C00040,79993
C00040,83401
C00040,137695
C00040,346606
C00040,84649
C00040,8694
C00040,116255
C00040,80168
C00040,10162
C00040,254531
C00040,54947
C00040,79888
C00040,6646
C00040,8435
C00040,253782
C00040,91012
C00040,204219
C00040,29956
C00040,79603
C00040,10715
C00040,8443
C00040,10554
C00040,10555
C00040,129642
C00040,154141
C00040,253558
C00040,51099
C00040,55326
C00040,56894
C00040,56895
C00040,100287520
C00040,92292
C00040,158833
C00040,158835
C00041,2875
C00041,84706
C00041,64902
C00041,189
C00041,9054
C00041,55034
C00041,8942
C00041,51540
C00041,16
C00041,57505
C00042,8424
C00042,444
C00042,5264
C00042,283208
C00042,5033
C00042,8974
C00042,22992
C00042,84678
C00042,5351
C00042,5352
C00042,8985
C00042,129450
C00042,54784
C00042,8846
C00042,100137047
C00042,23133
C00042,51780
C00042,55806
C00042,55818
C00042,80853
C00042,100129053
C00042,23030
C00042,23081
C00042,390245
C00042,55693
C00042,84864
C00042,9682
C00042,10765
C00042,5927
C00042,79697
C00042,8242
C00042,8284
C00042,23135
C00042,7403
C00042,7404
C00042,10536
C00042,55214
C00042,64175
C00042,79831
C00042,55217
C00042,200424
C00042,54790
C00042,80312
C00042,7915
C00042,6389
C00042,6390
C00042,79783
C00042,5019
C00042,64064
C00042,8801
C00042,8802
C00042,8803
C00043,2650
C00043,199857
C00043,79868
C00043,4247
C00043,4248
C00043,11282
C00043,11320
C00043,152586
C00043,25834
C00043,10331
C00043,192134
C00043,10678
C00043,79369
C00043,2651
C00043,4249
C00043,5277
C00043,84002
C00043,3036
C00043,3037
C00043,3038
C00043,2135
C00043,2137
C00043,2131
C00043,2132
C00043,2134
C00043,285203
C00043,8473
C00043,84892
C00043,6675
C00043,91373
C00043,1798
C00043,79158
C00043,10020
C00043,2582
C00044,5313
C00044,5315
C00044,54963
C00044,7371
C00044,83549
C00044,123688
C00044,10201
C00044,221264
C00044,29922
C00044,4830
C00044,4831
C00044,4832
C00044,4833
C00044,654364
C00044,29925
C00044,29926
C00044,8790
C00044,8732
C00044,11128
C00044,25885
C00044,5430
C00044,5431
C00044,5442
C00044,55703
C00044,84172
C00044,115004
C00044,2643
C00044,318
C00044,377841
C00044,953
C00044,956
C00044,5167
C00044,5169
C00044,150786
C00044,347517
C00044,51560
C00044,5870
C00044,7879
C00044,84084
C00044,6729
C00044,10059
C00044,1759
C00044,1785
C00044,26052
C00044,4976
C00044,5105
C00044,5106
C00044,4337
C00044,107
C00044,108
C00044,109
C00044,111
C00044,112
C00044,113
C00044,114
C00044,115
C00044,196883
C00044,55811
C00044,2977
C00044,2982
C00044,2983
C00044,2984
C00044,2986
C00044,3000
C00044,4881
C00044,4882
C00044,8801
C00044,8802
C00044,8803
C00044,122622
C00044,159
C00044,3978
C00045,102724197
C00045,124975
C00045,2678
C00045,2686
C00045,2687
C00046,10914
C00046,11044
C00046,167153
C00046,169966
C00046,54855
C00046,55149
C00046,56903
C00046,64282
C00046,64852
C00046,64895
C00046,23318
C00046,79670
C00046,11128
C00046,25885
C00046,5430
C00046,5431
C00046,5442
C00046,55703
C00046,84172
C00046,87178
C00047,10157
C00047,135293
C00047,686
C00047,87769
C00047,3735
C00047,57571
C00048,9380
C00048,51179
C00048,54363
C00048,1610
C00048,189
C00048,64902
C00048,112817
C00048,5066
C00049,554235
C00049,259307
C00049,790
C00049,339983
C00049,137362
C00049,2805
C00049,2806
C00049,374569
C00049,80150
C00049,443
C00049,175
C00049,339896
C00049,51380
C00049,2571
C00049,2572
C00049,1615
C00049,55157
C00049,10606
C00049,122622
C00049,159
C00049,445
C00049,440
C00051,2879
C00051,9588
C00051,257202
C00051,2876
C00051,2877
C00051,2878
C00051,2880
C00051,2882
C00051,493869
C00051,23474
C00051,2936
C00051,10587
C00051,114112
C00051,7296
C00051,51060
C00051,58472
C00051,57412
C00051,102724197
C00051,124975
C00051,2678
C00051,2686
C00051,2687
C00051,10314
C00051,119391
C00051,221357
C00051,25774
C00051,27306
C00051,2938
C00051,2939
C00051,2940
C00051,2941
C00051,2944
C00051,2946
C00051,2947
C00051,2948
C00051,2949
C00051,2950
C00051,2952
C00051,2953
C00051,373156
C00051,4257
C00051,4258
C00051,4259
C00051,653689
C00051,9446
C00051,2098
C00051,3029
C00051,494143
C00051,79094
C00051,4056
C00051,2739
C00051,2937
C00052,56913
C00052,2683
C00052,3906
C00052,8704
C00052,53947
C00052,9331
C00052,9334
C00052,8702
C00052,28
C00052,8703
C00052,7368
C00052,23127
C00052,79709
C00052,8985
C00052,8705
C00052,8707
C00052,8708
C00052,127550
C00052,2592
C00052,2582
C00053,9060
C00053,9061
C00053,445329
C00053,6799
C00053,6817
C00053,6818
C00053,9514
C00053,6822
C00053,56548
C00053,9469
C00053,6820
C00053,8459
C00053,8460
C00053,8534
C00053,222537
C00053,9957
C00053,9956
C00053,9953
C00053,9955
C00053,51363
C00053,113189
C00053,6783
C00053,166012
C00053,50515
C00053,55501
C00053,3340
C00053,64579
C00053,8509
C00053,9348
C00053,10380
C00053,54928
C00054,445329
C00054,6799
C00054,6817
C00054,6818
C00054,9514
C00054,6822
C00054,56548
C00054,9469
C00054,6820
C00054,8459
C00054,8460
C00054,8534
C00054,222537
C00054,9957
C00054,9956
C00054,9953
C00054,9955
C00054,51363
C00054,113189
C00054,6783
C00054,166012
C00054,50515
C00054,55501
C00054,3340
C00054,64579
C00054,8509
C00054,9348
C00054,10380
C00054,54928
C00054,283927
C00054,390916
C00055,6480
C00055,84620
C00055,6482
C00055,6483
C00055,6484
C00055,10402
C00055,6487
C00055,256435
C00055,27090
C00055,6489
C00055,8869
C00055,54963
C00055,7371
C00055,83549
C00055,129607
C00055,51727
C00055,10390
C00055,85465
C00055,10423
C00055,56994
C00055,54675
C00055,142891
C00055,166929
C00055,259230
C00055,9489
C00055,100526794
C00055,22978
C00055,284958
C00055,30833
C00055,4907
C00055,55
C00055,56953
C00055,84618
C00055,93034
C00055,115024
C00055,51251
C00055,56985
C00055,377841
C00055,953
C00055,956
C00055,5167
C00055,5169
C00058,55256
C00058,1588
C00058,1595
C00058,2098
C00058,443
C00058,64146
C00058,125061
C00058,2643
C00058,25902
C00058,4522
C00059,6821
C00059,10314
C00059,119391
C00059,221357
C00059,25774
C00059,27306
C00059,2938
C00059,2939
C00059,2940
C00059,2941
C00059,2944
C00059,2946
C00059,2947
C00059,2948
C00059,2949
C00059,2950
C00059,2952
C00059,2953
C00059,373156
C00059,4257
C00059,4258
C00059,4259
C00059,653689
C00059,9446
C00059,9060
C00059,9061
C00059,411
C00059,3423
C00059,2799
C00059,412
C00059,2588
C00059,410
C00059,6448
C00060,217
C00060,219
C00060,223
C00060,224
C00060,501
C00060,218
C00060,221
C00060,222
C00060,316
C00060,1066
C00060,124641
C00060,221223
C00060,23491
C00060,8824
C00060,1056
C00060,119548
C00060,13
C00060,3990
C00060,5406
C00060,5407
C00060,5408
C00060,57104
C00060,80339
C00060,8513
C00060,9388
C00060,11145
C00060,54979
C00060,4023
C00060,100137049
C00060,100652777
C00060,123745
C00060,151056
C00060,255189
C00060,26279
C00060,283748
C00060,30814
C00060,391013
C00060,50487
C00060,5319
C00060,5320
C00060,5321
C00060,5322
C00060,64600
C00060,81579
C00060,8398
C00060,8399
C00060,84647
C00060,8605
C00060,8681
C00060,10434
C00060,10908
C00060,11313
C00060,1178
C00060,23659
C00060,374569
C00060,375775
C00060,3991
C00060,590
C00060,80150
C00060,91703
C00060,100526760
C00060,95
C00060,443
C00060,27165
C00060,2744
C00060,125981
C00060,340485
C00060,427
C00060,56624
C00060,56954
C00060,51733
C00060,97
C00060,98
C00060,81889
C00061,55312
C00061,80308
C00061,51205
C00061,52
C00061,53
C00061,54
C00061,55
C00061,93650
C00061,5167
C00061,5169
C00062,4842
C00062,4843
C00062,4846
C00062,2628
C00062,141
C00062,383
C00062,384
C00062,113451
C00062,435
C00062,57038
C00062,5917
C00062,57571
C00063,22845
C00063,5211
C00063,5213
C00063,5214
C00063,5313
C00063,5315
C00063,10201
C00063,221264
C00063,29922
C00063,4830
C00063,4831
C00063,4832
C00063,4833
C00063,654364
C00063,5833
C00063,5130
C00063,9468
C00063,729920
C00063,1040
C00063,8760
C00063,55907
C00063,11128
C00063,25885
C00063,5430
C00063,5431
C00063,5442
C00063,55703
C00063,84172
C00063,51095
C00063,377841
C00063,953
C00063,956
C00063,5167
C00063,5169
C00063,1503
C00063,56474
C00064,100287520
C00064,92292
C00064,5471
C00064,2673
C00064,9945
C00064,56267
C00064,883
C00064,27165
C00064,2744
C00064,5859
C00064,2752
C00064,1503
C00064,56474
C00064,55191
C00064,8833
C00064,5198
C00064,440
C00064,790
C00064,283459
C00064,5188
C00064,55278
C00065,6470
C00065,6472
C00065,10558
C00065,55304
C00065,9517
C00065,189
C00065,81490
C00065,5723
C00065,102724560
C00065,875
C00065,10993
C00065,113675
C00065,63826
C00065,54938
C00065,6301
C00066,138428
C00066,3396
C00066,391356
C00066,51651
C00067,847
C00067,137902
C00067,4025
C00067,7837
C00067,8288
C00067,9588
C00067,22992
C00067,84678
C00067,54784
C00067,8846
C00067,23133
C00067,51780
C00067,55806
C00067,55818
C00067,80853
C00067,100129053
C00067,23030
C00067,23081
C00067,390245
C00067,55693
C00067,84864
C00067,9682
C00067,10765
C00067,5927
C00067,79697
C00067,8242
C00067,8284
C00067,23135
C00067,7403
C00067,7404
C00067,100861540
C00067,107987478
C00067,107987479
C00067,11283
C00067,1543
C00067,1544
C00067,1545
C00067,1551
C00067,1553
C00067,1558
C00067,1562
C00067,1564
C00067,1565
C00067,1572
C00067,1573
C00067,1577
C00067,1579
C00067,1580
C00067,199974
C00067,260293
C00067,284541
C00067,29785
C00067,57834
C00067,64816
C00067,66002
C00067,221656
C00067,23028
C00067,314
C00067,8639
C00067,51268
C00067,8991
C00068,5160
C00068,5161
C00068,5162
C00068,4967
C00068,55753
C00068,593
C00068,594
C00068,7086
C00068,8277
C00068,84076
C00068,102157402
C00068,122481
C00068,158067
C00068,203
C00068,204
C00068,205
C00068,221264
C00068,26289
C00068,27010
C00068,84284
C00068,79178
C00069,10327
C00069,6820
C00069,1066
C00069,124641
C00069,221223
C00069,23491
C00069,8824
C00069,248
C00069,249
C00069,250
C00069,251
C00069,51205
C00069,52
C00069,53
C00069,54
C00069,55
C00069,93650
C00069,2990
C00069,9365
C00069,2517
C00069,2519
C00071,124
C00071,125
C00071,126
C00071,127
C00071,128
C00071,130
C00071,131
C00071,10327
C00071,217
C00071,219
C00071,223
C00071,224
C00071,501
C00071,218
C00071,221
C00071,222
C00071,316
C00071,314
C00071,8639
C00071,4128
C00071,4129
C00071,144110
C00071,255043
C00072,1621
C00072,5066
C00072,11068
C00072,1534
C00072,220002
C00072,79901
C00073,259307
C00073,4482
C00073,23743
C00073,4548
C00073,635
C00073,27430
C00073,4143
C00073,4144
C00073,6898
C00073,11019
C00073,54901
C00073,441250
C00073,55253
C00073,4337
C00073,4141
C00073,92935
C00074,54187
C00074,5313
C00074,5315
C00074,5105
C00074,5106
C00074,2023
C00074,2026
C00074,2027
C00074,387712
C00075,5211
C00075,5213
C00075,5214
C00075,5313
C00075,5315
C00075,50808
C00075,10201
C00075,221264
C00075,29922
C00075,4830
C00075,4831
C00075,4832
C00075,4833
C00075,654364
C00075,6675
C00075,91373
C00075,23318
C00075,64852
C00075,79670
C00075,11128
C00075,25885
C00075,5430
C00075,5431
C00075,5442
C00075,55703
C00075,84172
C00075,7360
C00075,318
C00075,377841
C00075,953
C00075,956
C00075,5167
C00075,5169
C00075,1503
C00075,56474
C00077,5009
C00077,2628
C00077,4942
C00077,100526760
C00077,95
C00077,383
C00077,384
C00077,4953
C00078,6999
C00078,169355
C00078,3620
C00078,121278
C00078,7166
C00078,259307
C00078,1644
C00078,10352
C00078,7453
C00079,5053
C00079,259307
C00079,137362
C00079,2805
C00079,2806
C00079,6898
C00079,56267
C00079,883
C00079,59272
C00079,1644
C00079,10056
C00079,10667
C00079,2193
C00080,124
C00080,125
C00080,126
C00080,127
C00080,128
C00080,130
C00080,131
C00080,51181
C00080,2531
C00080,56898
C00080,195814
C00080,201140
C00080,8630
C00080,51171
C00080,6652
C00080,3248
C00080,3283
C00080,3284
C00080,3290
C00080,374875
C00080,1645
C00080,6697
C00080,50814
C00080,3028
C00080,27294
C00080,80270
C00080,873
C00080,874
C00080,340811
C00080,8644
C00080,10327
C00080,3614
C00080,3615
C00080,231
C00080,441282
C00080,57016
C00080,3030
C00080,1646
C00080,7358
C00080,1109
C00080,3294
C00080,7923
C00080,83592
C00080,160287
C00080,3939
C00080,3945
C00080,3948
C00080,92483
C00080,51478
C00080,79154
C00080,7264
C00080,622
C00080,112724
C00080,145226
C00080,51109
C00080,9249
C00080,11112
C00080,5959
C00080,51144
C00080,3156
C00080,5226
C00080,1962
C00080,3033
C00080,2539
C00080,4190
C00080,4191
C00080,4200
C00080,26227
C00080,10873
C00080,4199
C00080,3419
C00080,3420
C00080,3421
C00080,3417
C00080,3418
C00080,1487
C00080,1488
C00080,207063
C00080,51084
C00080,9563
C00080,3292
C00080,3293
C00080,9380
C00080,23171
C00080,2819
C00080,197257
C00080,847
C00080,7173
C00080,4353
C00080,57553
C00080,64780
C00080,9645
C00080,1576
C00080,4842
C00080,4843
C00080,4846
C00080,2326
C00080,2327
C00080,2328
C00080,2329
C00080,2330
C00080,8564
C00080,100861540
C00080,107987478
C00080,107987479
C00080,11283
C00080,1543
C00080,1544
C00080,1545
C00080,1551
C00080,1553
C00080,1558
C00080,1562
C00080,1564
C00080,1565
C00080,1572
C00080,1573
C00080,1577
C00080,1579
C00080,1580
C00080,199974
C00080,260293
C00080,284541
C00080,29785
C00080,57834
C00080,64816
C00080,66002
C00080,9420
C00080,1593
C00080,1591
C00080,1594
C00080,1595
C00080,1584
C00080,1585
C00080,51004
C00080,1583
C00080,7299
C00080,123099
C00080,8560
C00080,79152
C00080,6307
C00080,6319
C00080,79966
C00080,6309
C00080,9415
C00080,3992
C00080,339761
C00080,387521
C00080,387522
C00080,6647
C00080,6648
C00080,6649
C00080,4552
C00080,1356
C00080,2395
C00080,2495
C00080,341208
C00080,94033
C00080,9843
C00080,7498
C00080,2232
C00080,2597
C00080,26330
C00080,4329
C00080,7915
C00080,217
C00080,219
C00080,223
C00080,224
C00080,501
C00080,64577
C00080,216
C00080,220
C00080,8854
C00080,5832
C00080,218
C00080,221
C00080,222
C00080,55711
C00080,84188
C00080,8659
C00080,316
C00080,1735
C00080,1733
C00080,1734
C00080,1666
C00080,26063
C00080,1806
C00080,1717
C00080,6715
C00080,6716
C00080,79644
C00080,644
C00080,645
C00080,6718
C00080,51102
C00080,55825
C00080,145482
C00080,22949
C00080,284273
C00080,3930
C00080,7108
C00080,1718
C00080,9524
C00080,36
C00080,554235
C00080,2746
C00080,2747
C00080,314
C00080,8639
C00080,29920
C00080,5831
C00080,65263
C00080,1428
C00080,1719
C00080,200895
C00080,5860
C00080,4524
C00080,10840
C00080,160428
C00080,10157
C00080,123956252
C00080,1727
C00080,51167
C00080,51700
C00080,51706
C00080,606495
C00080,5447
C00080,50506
C00080,53905
C00080,55328
C00080,1728
C00080,10493
C00080,1429
C00080,57687
C00080,9540
C00080,2766
C00080,51292
C00080,1738
C00080,2936
C00080,158046
C00080,64359
C00080,10587
C00080,114112
C00080,7296
C00080,4837
C00080,51805
C00080,8731
C00080,22933
C00080,23408
C00080,23409
C00080,23410
C00080,23411
C00080,51547
C00080,51548
C00080,2194
C00080,144811
C00080,4860
C00080,10038
C00080,142
C00080,80351
C00080,8658
C00080,683
C00080,952
C00080,10314
C00080,119391
C00080,221357
C00080,25774
C00080,27306
C00080,2938
C00080,2939
C00080,2940
C00080,2941
C00080,2944
C00080,2946
C00080,2947
C00080,2948
C00080,2949
C00080,2950
C00080,2952
C00080,2953
C00080,373156
C00080,4257
C00080,4258
C00080,4259
C00080,653689
C00080,9446
C00080,2222
C00080,1725
C00080,79693
C00080,11019
C00080,55034
C00080,23098
C00080,10797
C00080,441024
C00080,4522
C00080,262
C00080,11238
C00080,23632
C00080,377677
C00080,759
C00080,760
C00080,761
C00080,762
C00080,763
C00080,765
C00080,766
C00080,767
C00080,768
C00080,771
C00080,10841
C00080,2235
C00080,89978
C00080,100528021
C00080,10588
C00080,93100
C00080,5095
C00080,5096
C00080,23530
C00080,374291
C00080,4535
C00080,4536
C00080,4537
C00080,4538
C00080,4539
C00080,4540
C00080,4541
C00080,4719
C00080,4720
C00080,4722
C00080,4723
C00080,4728
C00080,4729
C00080,7386
C00080,4512
C00081,3098
C00081,3099
C00081,3101
C00081,80201
C00081,5211
C00081,5213
C00081,5214
C00081,5313
C00081,5315
C00081,10201
C00081,221264
C00081,29922
C00081,4830
C00081,4831
C00081,4832
C00081,4833
C00081,654364
C00081,377841
C00081,953
C00081,956
C00081,3704
C00081,5105
C00081,5106
C00081,8801
C00081,8802
C00081,8803
C00082,7173
C00082,5053
C00082,7054
C00082,7299
C00082,389434
C00082,259307
C00082,137362
C00082,2805
C00082,2806
C00082,6898
C00082,1644
C00082,51067
C00082,8565
C00082,150465
C00083,31
C00083,32
C00083,5096
C00083,54898
C00083,60481
C00083,64834
C00083,6785
C00083,79071
C00083,79993
C00083,83401
C00083,27349
C00083,2194
C00083,23417
C00083,197322
C00084,124
C00084,125
C00084,126
C00084,127
C00084,128
C00084,130
C00084,131
C00084,10327
C00084,217
C00084,219
C00084,223
C00084,224
C00084,501
C00084,218
C00084,221
C00084,222
C00084,51071
C00084,5805
C00084,64850
C00085,7086
C00085,8277
C00085,84076
C00085,6888
C00085,2673
C00085,9945
C00085,3098
C00085,3099
C00085,3101
C00085,80201
C00085,5207
C00085,5208
C00085,5209
C00085,5210
C00085,5211
C00085,5213
C00085,5214
C00085,2203
C00085,8789
C00085,57103
C00085,10007
C00085,132789
C00085,4351
C00085,2821
C00086,383
C00086,384
C00086,79814
C00086,55821
C00087,23474
C00087,100861540
C00087,107987478
C00087,107987479
C00087,11283
C00087,1543
C00087,1544
C00087,1545
C00087,1551
C00087,1553
C00087,1558
C00087,1562
C00087,1564
C00087,1565
C00087,1572
C00087,1573
C00087,1577
C00087,1579
C00087,1580
C00087,199974
C00087,260293
C00087,284541
C00087,29785
C00087,57834
C00087,64816
C00087,66002
C00089,6476
C00089,2548
C00089,2595
C00089,8972
C00089,93432
C00089,2717
C00090,7299
C00090,1645
C00090,27294
C00090,120356740
C00090,1312
C00090,220074
C00091,10449
C00091,30
C00091,3032
C00091,211
C00091,212
C00091,1743
C00091,79783
C00091,5019
C00091,64064
C00091,4594
C00091,8801
C00091,8802
C00091,8803
C00092,2539
C00092,3098
C00092,3099
C00092,3101
C00092,80201
C00092,83440
C00092,2645
C00092,2538
C00092,57818
C00092,92579
C00092,2821
C00092,5236
C00092,55276
C00092,51477
C00093,23171
C00093,2819
C00093,2820
C00093,128966744
C00093,137964
C00093,150763
C00093,57678
C00093,84803
C00093,256356
C00093,2710
C00093,2712
C00093,2713
C00093,9489
C00093,56261
C00093,81544
C00093,51573
C00093,56985
C00094,23474
C00094,6821
C00094,4357
C00094,7263
C00095,6652
C00095,3098
C00095,3099
C00095,3101
C00095,80201
C00095,3795
C00095,6476
C00095,2548
C00095,2595
C00095,8972
C00095,93432
C00096,79712
C00096,85365
C00096,56052
C00096,8813
C00096,29925
C00096,29926
C00096,2762
C00097,1036
C00097,10587
C00097,114112
C00097,7296
C00097,51449
C00097,78991
C00097,137362
C00097,2805
C00097,2806
C00097,55847
C00097,9054
C00097,55034
C00097,51056
C00097,290
C00097,102724560
C00097,875
C00097,79017
C00097,1491
C00097,56267
C00097,883
C00097,79587
C00097,833
C00097,2729
C00097,79717
C00099,217
C00099,219
C00099,223
C00099,224
C00099,501
C00099,218
C00099,221
C00099,222
C00099,18
C00099,55748
C00099,84735
C00099,135293
C00099,51733
C00099,79814
C00099,339896
C00099,51380
C00099,2571
C00099,2572
C00099,57571
C00100,4329
C00100,51
C00100,8310
C00100,35
C00100,10449
C00100,30
C00100,3032
C00100,1629
C00100,6342
C00100,38
C00100,39
C00100,23417
C00100,23181
C00100,55902
C00100,84532
C00100,79611
C00100,5095
C00100,5096
C00101,1719
C00101,200895
C00101,10840
C00101,160428
C00101,1757
C00101,29958
C00101,4548
C00101,6470
C00101,6472
C00101,275
C00101,2618
C00101,471
C00101,10841
C00101,123263
C00101,8836
C00101,2356
C00101,25902
C00101,4522
C00103,5834
C00103,5836
C00103,5837
C00103,283209
C00103,2592
C00103,390637
C00103,7360
C00103,256281
C00103,84304
C00103,5167
C00103,5169
C00103,5236
C00103,55276
C00104,3098
C00104,3099
C00104,3101
C00104,80201
C00104,5211
C00104,5213
C00104,5214
C00104,5313
C00104,5315
C00104,10201
C00104,221264
C00104,29922
C00104,4830
C00104,4831
C00104,4832
C00104,4833
C00104,654364
C00104,377841
C00104,953
C00104,956
C00104,124583
C00104,955
C00104,957
C00104,9583
C00104,131870
C00104,5105
C00104,5106
C00104,8801
C00104,8802
C00104,8803
C00105,54963
C00105,7371
C00105,83549
C00105,129607
C00105,51727
C00105,1798
C00105,79158
C00105,100526794
C00105,22978
C00105,284958
C00105,30833
C00105,4907
C00105,55
C00105,56953
C00105,84618
C00105,93034
C00105,318
C00105,256281
C00105,84304
C00105,377841
C00105,953
C00105,956
C00105,124583
C00105,955
C00105,957
C00105,9583
C00105,5167
C00105,5169
C00105,7372
C00106,1806
C00106,151531
C00106,7378
C00106,1890
C00108,125061
C00108,8942
C00109,160287
C00109,3939
C00109,3945
C00109,3948
C00109,92483
C00109,593
C00109,594
C00109,586
C00109,587
C00109,189
C00109,64902
C00109,10247
C00109,10993
C00109,113675
C00109,1491
C00110,10585
C00110,29954
C00110,54916
C00110,29880
C00110,147991
C00110,23333
C00110,283417
C00110,286148
C00110,8813
C00110,22845
C00110,1798
C00110,57171
C00111,23171
C00111,2819
C00111,2820
C00111,8443
C00111,26007
C00111,248
C00111,249
C00111,250
C00111,251
C00111,51205
C00111,52
C00111,53
C00111,54
C00111,55
C00111,93650
C00111,226
C00111,229
C00111,230
C00111,7167
C00112,50484
C00112,6240
C00112,6241
C00112,22845
C00112,5211
C00112,5213
C00112,5214
C00112,5313
C00112,5315
C00112,129607
C00112,51727
C00112,10201
C00112,221264
C00112,29922
C00112,4830
C00112,4831
C00112,4832
C00112,4833
C00112,654364
C00112,87178
C00112,377841
C00112,953
C00112,956
C00114,124
C00114,125
C00114,126
C00114,127
C00114,128
C00114,130
C00114,131
C00114,55349
C00114,1103
C00114,1119
C00114,1120
C00114,43
C00114,590
C00114,162466
C00114,56261
C00114,81544
C00114,122618
C00114,23646
C00114,5337
C00114,5338
C00116,10327
C00116,231
C00116,441282
C00116,57016
C00116,256356
C00116,2710
C00116,2712
C00116,2713
C00116,11343
C00116,26090
C00116,57406
C00116,7920
C00116,4023
C00116,3991
C00116,54857
C00116,2717
C00117,7086
C00117,8277
C00117,84076
C00117,64080
C00117,221823
C00117,5631
C00117,5634
C00117,11164
C00117,53343
C00117,56985
C00117,7226
C00117,22934
C00117,5236
C00117,55276
C00118,2597
C00118,26330
C00118,7086
C00118,8277
C00118,84076
C00118,6888
C00118,26007
C00118,226
C00118,229
C00118,230
C00118,51071
C00118,7167
C00119,7372
C00119,10135
C00119,5471
C00119,23475
C00119,353
C00119,3251
C00119,221823
C00119,5631
C00119,5634
C00119,93100
C00120,686
C00120,3141
C00121,64080
C00122,6389
C00122,6390
C00122,2184
C00122,81889
C00122,2271
C00122,435
C00122,158
C00123,586
C00123,587
C00123,23395
C00123,51520
C00124,231
C00124,441282
C00124,57016
C00124,3938
C00124,2717
C00124,2720
C00124,2581
C00124,130589
C00125,197257
C00125,7386
C00125,4512
C00126,197257
C00126,7386
C00126,4512
C00127,2879
C00127,9588
C00127,257202
C00127,2876
C00127,2877
C00127,2878
C00127,2880
C00127,2882
C00127,493869
C00127,2936
C00127,51060
C00128,64921
C00128,6480
C00128,84620
C00128,6482
C00128,6483
C00128,6484
C00128,10402
C00128,6487
C00128,256435
C00128,27090
C00128,6489
C00128,8869
C00128,55907
C00129,2224
C00129,9453
C00129,116150
C00129,79947
C00129,23590
C00129,57107
C00129,4597
C00129,3422
C00129,91734
C00130,3614
C00130,3615
C00130,2766
C00130,51292
C00130,3251
C00130,100526794
C00130,22978
C00130,284958
C00130,30833
C00130,4907
C00130,55
C00130,56953
C00130,84618
C00130,93034
C00130,471
C00130,270
C00130,271
C00130,272
C00130,377841
C00130,953
C00130,956
C00130,124583
C00130,955
C00130,957
C00130,9583
C00130,131870
C00130,3704
C00130,122622
C00130,159
C00131,3098
C00131,3099
C00131,3101
C00131,80201
C00131,5313
C00131,5315
C00131,10201
C00131,221264
C00131,29922
C00131,4830
C00131,4831
C00131,4832
C00131,4833
C00131,654364
C00131,10514
C00131,10721
C00131,11201
C00131,201973
C00131,27343
C00131,27434
C00131,353497
C00131,51426
C00131,54107
C00131,5422
C00131,5423
C00131,5424
C00131,5426
C00131,5427
C00131,5428
C00131,5429
C00131,56655
C00131,5980
C00132,847
C00132,137902
C00132,4025
C00132,7837
C00132,8288
C00132,9588
C00132,92715
C00133,1610
C00134,26
C00134,196743
C00134,112483
C00134,6303
C00134,6723
C00134,4953
C00135,375607
C00135,55748
C00135,84735
C00135,3067
C00135,3034
C00135,23438
C00135,3035
C00135,57571
C00136,51
C00136,8310
C00136,35
C00136,34
C00136,10449
C00136,30
C00136,3032
C00136,38
C00136,39
C00136,55862
C00136,116285
C00136,123876
C00136,142827
C00136,341392
C00136,348158
C00136,54988
C00136,6296
C00136,80221
C00136,5095
C00136,5096
C00137,55586
C00137,10423
C00137,3612
C00137,3613
C00137,51573
C00137,2717
C00138,1595
C00138,1584
C00138,1585
C00139,1595
C00139,1584
C00139,1585
C00140,2683
C00140,8702
C00140,8703
C00140,8704
C00140,55577
C00140,51172
C00140,1118
C00140,27159
C00140,10724
C00140,4669
C00140,284004
C00140,3073
C00140,3074
C00140,5973
C00141,593
C00141,594
C00141,586
C00141,587
C00143,10797
C00143,441024
C00143,4522
C00143,4524
C00143,1757
C00143,29958
C00143,7298
C00143,6470
C00143,6472
C00143,275
C00144,2766
C00144,51292
C00144,3251
C00144,2987
C00144,100526794
C00144,22978
C00144,284958
C00144,30833
C00144,4907
C00144,55
C00144,56953
C00144,84618
C00144,93034
C00144,10846
C00144,50940
C00144,5136
C00144,5137
C00144,5138
C00144,5139
C00144,5140
C00144,5153
C00144,5145
C00144,5146
C00144,5152
C00144,5158
C00144,8654
C00144,318
C00144,377841
C00144,953
C00144,956
C00144,124583
C00144,955
C00144,957
C00144,9583
C00144,5167
C00144,5169
C00144,8833
C00144,3978
C00145,285362
C00145,196410
C00145,25840
C00145,100287144
C00145,100287178
C00145,100287205
C00145,100287238
C00145,100287327
C00145,100287364
C00145,100287404
C00145,100287441
C00145,100287478
C00145,100287513
C00145,100288520
C00145,10600
C00145,10617
C00145,10868
C00145,10869
C00145,11274
C00145,124739
C00145,126119
C00145,139562
C00145,1540
C00145,158880
C00145,159195
C00145,161725
C00145,219333
C00145,220213
C00145,221302
C00145,23032
C00145,23252
C00145,23326
C00145,23358
C00145,25862
C00145,27005
C00145,29761
C00145,373509
C00145,377630
C00145,389856
C00145,392188
C00145,392197
C00145,401447
C00145,51029
C00145,51377
C00145,51633
C00145,54629
C00145,54726
C00145,54764
C00145,55031
C00145,55230
C00145,55593
C00145,55611
C00145,55793
C00145,56957
C00145,57478
C00145,57558
C00145,57559
C00145,57602
C00145,57646
C00145,57663
C00145,57695
C00145,645402
C00145,645836
C00145,646951
C00145,64854
C00145,7128
C00145,728369
C00145,728373
C00145,728379
C00145,728386
C00145,728393
C00145,728400
C00145,728405
C00145,728419
C00145,7345
C00145,7347
C00145,7375
C00145,7398
C00145,7874
C00145,78990
C00145,80013
C00145,80124
C00145,8078
C00145,8237
C00145,8239
C00145,8287
C00145,8314
C00145,83844
C00145,84101
C00145,84132
C00145,84182
C00145,84196
C00145,84640
C00145,84669
C00145,84749
C00145,85015
C00145,8975
C00145,90268
C00145,9097
C00145,9098
C00145,9099
C00145,9100
C00145,9101
C00145,9736
C00145,9929
C00145,9958
C00145,9960
C00145,56267
C00145,883
C00146,5444
C00146,5445
C00146,5446
C00147,7498
C00147,144811
C00147,4860
C00147,4507
C00147,353
C00148,283208
C00148,5033
C00148,8974
C00148,29920
C00148,5831
C00148,65263
C00148,5625
C00148,51056
C00148,2058
C00148,25973
C00149,4190
C00149,4191
C00149,4200
C00149,10873
C00149,4199
C00149,2271
C00151,259307
C00151,102724197
C00151,124975
C00151,2678
C00151,2686
C00151,2687
C00151,4942
C00151,100526760
C00151,95
C00151,79017
C00152,374569
C00152,80150
C00152,4677
C00152,79731
C00152,440
C00153,4837
C00153,22933
C00153,23408
C00153,23409
C00153,23410
C00153,23411
C00153,51547
C00153,51548
C00153,144811
C00153,4860
C00153,10135
C00153,10038
C00153,142
C00153,80351
C00153,8658
C00153,116969
C00153,417
C00153,419
C00153,420
C00153,683
C00153,952
C00153,23098
C00154,6319
C00154,79966
C00154,9415
C00154,51102
C00154,55825
C00154,51
C00154,8310
C00154,34
C00154,33
C00154,37
C00154,54898
C00154,60481
C00154,64834
C00154,6785
C00154,79071
C00154,79993
C00154,83401
C00154,126129
C00154,1374
C00154,1375
C00154,1376
C00154,131540
C00154,158866
C00154,23390
C00154,253832
C00154,254359
C00154,254887
C00154,25921
C00154,283576
C00154,29800
C00154,29801
C00154,340481
C00154,51114
C00154,51201
C00154,51304
C00154,54503
C00154,55146
C00154,55625
C00154,64429
C00154,653082
C00154,79683
C00154,79844
C00154,84243
C00154,84287
C00154,84885
C00154,10558
C00154,55304
C00154,9517
C00154,158835
C00154,8694
C00154,10965
C00154,11332
C00154,117145
C00154,122970
C00154,153364
C00154,284486
C00154,570
C00154,641371
C00154,127018
C00154,51104
C00154,5538
C00154,58489
C00154,81926
C00154,9374
C00154,11001
C00154,2180
C00154,2181
C00154,2182
C00154,23205
C00154,23305
C00154,51703
C00154,81616
C00155,23743
C00155,4548
C00155,635
C00155,10768
C00155,191
C00155,23382
C00155,102724560
C00155,875
C00155,56267
C00155,883
C00156,27235
C00157,10400
C00157,9227
C00157,10162
C00157,254531
C00157,54947
C00157,79888
C00157,3931
C00157,10390
C00157,56994
C00157,166929
C00157,259230
C00157,11145
C00157,54979
C00157,100137049
C00157,100652777
C00157,123745
C00157,151056
C00157,255189
C00157,26279
C00157,283748
C00157,30814
C00157,391013
C00157,50487
C00157,5319
C00157,5320
C00157,5321
C00157,5322
C00157,64600
C00157,81579
C00157,8398
C00157,8399
C00157,84647
C00157,8605
C00157,8681
C00157,10434
C00157,10908
C00157,11313
C00157,1178
C00157,23659
C00157,374569
C00157,375775
C00157,122618
C00157,23646
C00157,5337
C00157,5338
C00158,1431
C00158,47
C00158,48
C00158,50
C00158,57494
C00159,3098
C00159,3099
C00159,3101
C00159,80201
C00159,10905
C00159,4121
C00159,57134
C00159,11253
C00159,2717
C00159,23324
C00159,4123
C00159,4125
C00159,4126
C00160,9380
C00160,51179
C00160,54363
C00160,283871
C00161,51179
C00161,54363
C00161,2746
C00161,2747
C00161,8528
C00161,259307
C00161,1610
C00161,4942
C00161,10993
C00161,113675
C00162,100861540
C00162,107987478
C00162,107987479
C00162,11283
C00162,1543
C00162,1544
C00162,1545
C00162,1551
C00162,1553
C00162,1558
C00162,1562
C00162,1564
C00162,1565
C00162,1572
C00162,1573
C00162,1577
C00162,1579
C00162,1580
C00162,199974
C00162,260293
C00162,284541
C00162,29785
C00162,57834
C00162,64816
C00162,66002
C00162,126410
C00162,113612
C00162,217
C00162,219
C00162,223
C00162,224
C00162,501
C00162,218
C00162,221
C00162,222
C00162,51365
C00162,80821
C00162,1056
C00162,3988
C00162,11343
C00162,26090
C00162,57406
C00162,7920
C00162,119548
C00162,13
C00162,3990
C00162,5406
C00162,5407
C00162,5408
C00162,57104
C00162,80339
C00162,8513
C00162,9388
C00162,11145
C00162,54979
C00162,4023
C00162,100137049
C00162,100652777
C00162,123745
C00162,151056
C00162,255189
C00162,26279
C00162,283748
C00162,30814
C00162,391013
C00162,50487
C00162,5319
C00162,5320
C00162,5321
C00162,5322
C00162,64600
C00162,81579
C00162,8398
C00162,8399
C00162,84647
C00162,8605
C00162,8681
C00162,10434
C00162,10908
C00162,11313
C00162,1178
C00162,23659
C00162,374569
C00162,375775
C00162,6121
C00162,313
C00162,125981
C00162,340485
C00162,427
C00162,56624
C00163,23181
C00163,55902
C00163,84532
C00163,79611
C00164,622
C00164,137872
C00164,5019
C00164,64064
C00164,2184
C00164,3155
C00164,54511
C00164,65985
C00165,116255
C00165,137695
C00165,346606
C00165,80168
C00165,1056
C00165,119548
C00165,13
C00165,3990
C00165,5406
C00165,5407
C00165,5408
C00165,57104
C00165,80339
C00165,8513
C00165,9388
C00165,4023
C00165,3991
C00166,3242
C00166,259307
C00166,137362
C00166,2805
C00166,2806
C00166,6898
C00166,56267
C00166,883
C00166,4282
C00167,7358
C00167,135152
C00167,26229
C00167,27087
C00167,10720
C00167,10941
C00167,54490
C00167,54575
C00167,54576
C00167,54577
C00167,54578
C00167,54579
C00167,54600
C00167,54657
C00167,54658
C00167,54659
C00167,574537
C00167,7363
C00167,7364
C00167,7365
C00167,7366
C00167,7367
C00167,79799
C00167,3036
C00167,3037
C00167,3038
C00167,2131
C00167,2132
C00167,22856
C00167,337876
C00167,54480
C00167,79586
C00167,80146
C00168,9380
C00168,189
C00168,81888
C00169,790
C00169,5009
C00169,1373
C00170,144811
C00170,4507
C00170,1801
C00170,55039
C00170,6723
C00170,6611
C00170,285605
C00170,56986
C00173,128966744
C00173,137964
C00173,150763
C00173,57678
C00173,84803
C00173,54995
C00173,10554
C00173,10555
C00173,129642
C00173,154141
C00173,253558
C00173,51099
C00173,55326
C00173,56894
C00173,56895
C00177,25974
C00177,4357
C00177,7263
C00178,1806
C00178,1890
C00179,113451
C00180,1066
C00180,124641
C00180,221223
C00180,23491
C00180,8824
C00180,97
C00180,98
C00181,27294
C00181,231
C00181,441282
C00181,57016
C00183,586
C00183,587
C00183,57176
C00183,7407
C00184,26007
C00184,248
C00184,249
C00184,250
C00184,251
C00184,51205
C00184,52
C00184,53
C00184,54
C00184,55
C00184,93650
C00185,57733
C00186,160287
C00186,3939
C00186,3945
C00186,3948
C00186,92483
C00187,3283
C00187,3284
C00187,1581
C00187,10858
C00187,1593
C00187,1583
C00187,9023
C00187,1717
C00187,1718
C00187,6646
C00187,8435
C00187,6822
C00187,6820
C00187,1056
C00187,3988
C00187,412
C00188,79693
C00188,10993
C00188,113675
C00188,123283
C00188,6897
C00188,80222
C00189,1119
C00189,1120
C00189,55224
C00189,55500
C00189,81490
C00189,162466
C00189,56261
C00189,81544
C00189,284161
C00189,5168
C00189,79153
C00189,122618
C00189,23646
C00189,5337
C00189,5338
C00189,27163
C00189,158584
C00189,2166
C00190,80146
C00191,10327
C00191,55586
C00191,10720
C00191,10941
C00191,54490
C00191,54575
C00191,54576
C00191,54577
C00191,54578
C00191,54579
C00191,54600
C00191,54657
C00191,54658
C00191,54659
C00191,574537
C00191,7363
C00191,7364
C00191,7365
C00191,7366
C00191,7367
C00191,79799
C00191,55347
C00191,2990
C00191,9365
C00194,326625
C00195,123099
C00195,8560
C00195,253782
C00195,91012
C00195,204219
C00195,29956
C00195,79603
C00195,10715
C00195,7368
C00195,7357
C00195,64781
C00195,166929
C00195,259230
C00195,142891
C00195,8611
C00195,8612
C00195,8613
C00195,339221
C00195,55512
C00195,55627
C00195,6609
C00195,6610
C00195,2629
C00195,57704
C00195,2581
C00195,3938
C00195,125981
C00195,340485
C00195,427
C00195,56624
C00197,26227
C00197,283209
C00197,5230
C00197,5232
C00197,97
C00197,98
C00197,441531
C00197,5223
C00197,5224
C00197,669
C00198,9563
C00198,9104
C00199,5226
C00199,55277
C00199,6120
C00199,729020
C00199,22934
C00201,5313
C00201,5315
C00201,1633
C00201,50808
C00201,10201
C00201,221264
C00201,29922
C00201,4830
C00201,4831
C00201,4832
C00201,4833
C00201,654364
C00201,11128
C00201,25885
C00201,5430
C00201,5431
C00201,5442
C00201,55703
C00201,84172
C00201,84284
C00201,377841
C00201,953
C00201,956
C00201,5167
C00201,5169
C00203,124872
C00203,22856
C00203,337876
C00203,55454
C00203,55790
C00203,79586
C00203,148789
C00203,28
C00203,100528030
C00203,11226
C00203,11227
C00203,114805
C00203,117248
C00203,168391
C00203,2589
C00203,2590
C00203,2591
C00203,26290
C00203,374378
C00203,442117
C00203,50614
C00203,51809
C00203,55568
C00203,57452
C00203,63917
C00203,64409
C00203,79623
C00203,79695
C00203,8693
C00203,8706
C00203,26301
C00203,2583
C00203,6675
C00203,91373
C00203,2582
C00206,50484
C00206,6240
C00206,6241
C00206,3098
C00206,3099
C00206,3101
C00206,80201
C00206,5313
C00206,5315
C00206,102157402
C00206,122481
C00206,158067
C00206,203
C00206,204
C00206,205
C00206,221264
C00206,26289
C00206,10201
C00206,29922
C00206,4830
C00206,4831
C00206,4832
C00206,4833
C00206,654364
C00208,178
C00208,276
C00208,277
C00208,278
C00208,279
C00208,280
C00208,2548
C00208,2595
C00208,8972
C00208,93432
C00212,144811
C00212,4860
C00212,132
C00212,100526794
C00212,22978
C00212,284958
C00212,30833
C00212,4907
C00212,55
C00212,56953
C00212,84618
C00212,93034
C00212,10768
C00212,191
C00212,23382
C00212,100
C00212,51816
C00213,51268
C00213,1757
C00213,29958
C00213,107080644
C00213,27232
C00214,1890
C00214,7083
C00214,7084
C00214,100526794
C00214,22978
C00214,284958
C00214,30833
C00214,4907
C00214,55
C00214,56953
C00214,84618
C00214,93034
C00214,51020
C00215,124583
C00215,955
C00215,957
C00215,9583
C00215,5167
C00215,5169
C00217,27165
C00217,2744
C00217,80017
C00218,314
C00218,8639
C00218,4128
C00218,4129
C00219,239
C00219,246
C00219,247
C00219,240
C00219,100861540
C00219,107987478
C00219,107987479
C00219,11283
C00219,1543
C00219,1544
C00219,1545
C00219,1551
C00219,1553
C00219,1558
C00219,1562
C00219,1564
C00219,1565
C00219,1572
C00219,1573
C00219,1577
C00219,1579
C00219,1580
C00219,199974
C00219,260293
C00219,284541
C00219,29785
C00219,57834
C00219,64816
C00219,66002
C00219,113612
C00219,5742
C00219,5743
C00219,100137049
C00219,100652777
C00219,11145
C00219,123745
C00219,151056
C00219,255189
C00219,26279
C00219,283748
C00219,30814
C00219,391013
C00219,50487
C00219,5319
C00219,5320
C00219,5321
C00219,5322
C00219,54979
C00219,64600
C00219,81579
C00219,8398
C00219,8399
C00219,84647
C00219,8605
C00219,8681
C00219,10965
C00219,11332
C00219,117145
C00219,122970
C00219,153364
C00219,284486
C00219,570
C00219,641371
C00219,158584
C00219,2166
C00221,9563
C00221,3098
C00221,3099
C00221,3101
C00221,80201
C00221,83440
C00221,2645
C00221,7841
C00221,57733
C00221,2720
C00221,3938
C00221,130589
C00222,4329
C00222,18
C00224,9060
C00224,9061
C00224,10380
C00224,54928
C00226,124
C00226,125
C00226,126
C00226,127
C00226,128
C00226,130
C00226,131
C00226,10327
C00226,55711
C00226,84188
C00227,97
C00227,98
C00229,128966744
C00229,137964
C00229,150763
C00229,57678
C00229,84803
C00229,54995
C00229,387787
C00229,54898
C00229,60481
C00229,64834
C00229,6785
C00229,79071
C00229,79993
C00229,83401
C00229,27349
C00229,10554
C00229,10555
C00229,129642
C00229,154141
C00229,253558
C00229,51099
C00229,55326
C00229,56894
C00229,56895
C00229,2194
C00229,55301
C00231,7086
C00231,8277
C00231,84076
C00231,9942
C00231,6120
C00231,729020
C00232,7915
C00232,18
C00233,593
C00233,594
C00233,586
C00233,587
C00234,10840
C00234,160428
C00234,2618
C00234,471
C00234,123263
C00234,10797
C00234,441024
C00234,4522
C00234,2356
C00234,25902
C00235,2224
C00235,9453
C00235,54802
C00235,3422
C00235,91734
C00236,2597
C00236,26330
C00236,283209
C00236,5230
C00236,5232
C00236,97
C00236,98
C00236,669
C00237,8544
C00237,55256
C00237,3162
C00237,3163
C00239,1633
C00239,129607
C00239,51727
C00239,100526794
C00239,22978
C00239,284958
C00239,30833
C00239,4907
C00239,55
C00239,56953
C00239,84618
C00239,93034
C00239,51020
C00239,1635
C00239,79077
C00241,374569
C00241,80150
C00241,27165
C00241,2744
C00241,56954
C00241,51733
C00242,144811
C00242,4860
C00242,1890
C00242,81890
C00242,3251
C00242,9615
C00243,2683
C00243,3906
C00243,8704
C00243,3938
C00243,2720
C00245,2628
C00245,570
C00245,102724197
C00245,124975
C00245,2678
C00245,2686
C00245,2687
C00245,2571
C00245,2572
C00245,339896
C00245,51380
C00246,116285
C00246,123876
C00246,142827
C00246,341392
C00246,348158
C00246,54988
C00246,6296
C00246,80221
C00247,6652
C00248,1738
C00249,113612
C00249,2194
C00249,10965
C00249,11332
C00249,117145
C00249,122970
C00249,153364
C00249,284486
C00249,570
C00249,641371
C00249,127018
C00249,51104
C00249,5538
C00249,58489
C00249,81926
C00249,9374
C00249,11001
C00249,2180
C00249,2181
C00249,2182
C00249,23205
C00249,23305
C00249,51703
C00249,81616
C00250,316
C00250,55163
C00250,8566
C00250,493911
C00250,57026
C00252,6476
C00253,144811
C00253,4860
C00253,683
C00253,952
C00253,93100
C00255,645
C00255,55312
C00255,51205
C00255,52
C00255,53
C00255,54
C00255,55
C00255,93650
C00256,197257
C00256,3029
C00257,414328
C00257,9104
C00258,9380
C00258,217
C00258,219
C00258,223
C00258,224
C00258,501
C00258,132158
C00259,231
C00259,441282
C00259,57016
C00262,7498
C00262,144811
C00262,4860
C00262,1890
C00262,3251
C00264,3030
C00264,1962
C00264,3028
C00264,3033
C00264,10449
C00264,30
C00264,3032
C00264,54898
C00264,60481
C00264,64834
C00264,6785
C00264,79071
C00264,79993
C00264,83401
C00264,5019
C00264,64064
C00265,154807
C00265,79001
C00267,231
C00267,441282
C00267,57016
C00267,3098
C00267,3099
C00267,3101
C00267,80201
C00267,83440
C00267,2645
C00267,2538
C00267,57818
C00267,92579
C00267,6476
C00267,3938
C00267,2548
C00267,2595
C00267,8972
C00267,93432
C00267,2720
C00267,178
C00267,130589
C00268,5053
C00268,7054
C00268,121278
C00268,7166
C00268,392636
C00268,5860
C00268,5092
C00268,84105
C00269,1040
C00269,8760
C00269,10423
C00269,54675
C00269,9489
C00270,54187
C00270,55907
C00270,54414
C00270,140838
C00270,10825
C00270,129807
C00270,4758
C00270,4759
C00270,80896
C00272,6697
C00272,231
C00272,441282
C00272,57016
C00272,5053
C00272,7054
C00272,121278
C00272,7166
C00272,392636
C00272,1719
C00272,200895
C00272,5860
C00275,54187
C00275,3098
C00275,3099
C00275,3101
C00275,80201
C00275,4351
C00275,5372
C00275,5373
C00279,7086
C00279,8277
C00279,84076
C00279,6888
C00279,226
C00279,229
C00279,230
C00280,3283
C00280,3284
C00280,3294
C00280,7923
C00280,8630
C00280,340811
C00280,8644
C00280,3293
C00280,100861540
C00280,107987478
C00280,107987479
C00280,11283
C00280,1543
C00280,1544
C00280,1545
C00280,1551
C00280,1553
C00280,1558
C00280,1562
C00280,1564
C00280,1565
C00280,1572
C00280,1573
C00280,1577
C00280,1579
C00280,1580
C00280,199974
C00280,260293
C00280,284541
C00280,29785
C00280,57834
C00280,64816
C00280,66002
C00280,1588
C00280,1586
C00280,1584
C00280,1585
C00280,6715
C00280,6716
C00280,79644
C00280,6718
C00283,8991
C00283,285362
C00283,58472
C00283,4357
C00283,7263
C00283,11019
C00283,102724560
C00283,875
C00283,1491
C00283,56267
C00283,883
C00286,5313
C00286,5315
C00286,10201
C00286,221264
C00286,29922
C00286,4830
C00286,4831
C00286,4832
C00286,4833
C00286,654364
C00286,10514
C00286,10721
C00286,11201
C00286,201973
C00286,27343
C00286,27434
C00286,353497
C00286,51426
C00286,54107
C00286,5422
C00286,5423
C00286,5424
C00286,5426
C00286,5427
C00286,5428
C00286,5429
C00286,56655
C00286,5980
C00288,79693
C00288,11238
C00288,23632
C00288,377677
C00288,759
C00288,760
C00288,761
C00288,762
C00288,763
C00288,765
C00288,766
C00288,767
C00288,768
C00288,771
C00288,31
C00288,32
C00288,790
C00288,5091
C00288,5095
C00288,5096
C00288,56922
C00288,64087
C00292,10
C00292,9
C00294,144811
C00294,4860
C00294,100526794
C00294,22978
C00294,284958
C00294,30833
C00294,4907
C00294,55
C00294,56953
C00294,84618
C00294,93034
C00294,100
C00294,51816
C00295,1723
C00295,7372
C00299,151531
C00299,7378
C00299,54963
C00299,7371
C00299,83549
C00299,100526794
C00299,22978
C00299,284958
C00299,30833
C00299,4907
C00299,55
C00299,56953
C00299,84618
C00299,93034
C00299,81602
C00299,978
C00300,2593
C00300,1152
C00300,1158
C00300,1159
C00300,1160
C00300,548596
C00301,11164
C00301,140733
C00301,28992
C00301,141
C00301,23098
C00301,683
C00301,952
C00301,53343
C00301,56985
C00301,7226
C00302,137362
C00302,2805
C00302,2806
C00307,5130
C00307,9468
C00307,10390
C00307,56994
C00307,56985
C00309,55277
C00310,6652
C00310,9942
C00311,3419
C00311,3420
C00311,3421
C00311,3417
C00311,3418
C00311,48
C00311,50
C00312,51181
C00312,28970
C00314,55163
C00314,8566
C00314,493911
C00314,57026
C00315,196743
C00315,54498
C00315,6723
C00315,6611
C00315,1725
C00318,54677
C00318,126129
C00318,1374
C00318,1375
C00318,1376
C00319,253782
C00319,91012
C00319,204219
C00319,29956
C00319,79603
C00319,10715
C00319,7368
C00319,56848
C00319,8877
C00319,130367
C00319,81537
C00319,8611
C00319,8612
C00319,8613
C00319,2629
C00319,57704
C00319,2581
C00319,125981
C00319,340485
C00319,427
C00319,56624
C00320,4357
C00320,7263
C00322,51166
C00325,7264
C00325,10690
C00325,2525
C00325,2527
C00325,2528
C00325,2523
C00325,2524
C00325,8790
C00327,4842
C00327,4843
C00327,4846
C00327,5009
C00327,23564
C00327,23576
C00327,445
C00328,8564
C00328,51166
C00328,56267
C00328,883
C00328,125061
C00328,8942
C00329,3098
C00329,3099
C00329,3101
C00329,80201
C00329,83440
C00329,6448
C00330,144811
C00330,4860
C00330,1890
C00330,1633
C00330,1716
C00330,100526794
C00330,22978
C00330,284958
C00330,30833
C00330,4907
C00330,55
C00330,56953
C00330,84618
C00330,93034
C00330,51020
C00331,259307
C00332,1962
C00332,3028
C00332,3033
C00332,10449
C00332,30
C00332,3032
C00332,38
C00332,39
C00332,3157
C00332,3158
C00332,5019
C00332,64064
C00332,65985
C00334,217
C00334,219
C00334,223
C00334,224
C00334,501
C00334,2628
C00334,18
C00334,55748
C00334,84735
C00334,79814
C00334,2571
C00334,2572
C00334,57571
C00337,1723
C00337,790
C00339,55711
C00339,84188
C00339,158833
C00339,158835
C00339,84649
C00339,8694
C00339,8540
C00341,2224
C00341,9453
C00342,127281
C00342,10549
C00342,10935
C00342,25824
C00342,5052
C00342,7001
C00342,50484
C00342,6240
C00342,6241
C00342,10587
C00342,114112
C00342,7296
C00342,4482
C00342,22921
C00342,253827
C00342,51734
C00342,57412
C00342,4357
C00342,7263
C00343,127281
C00343,10549
C00343,10935
C00343,25824
C00343,5052
C00343,7001
C00343,50484
C00343,6240
C00343,6241
C00343,10587
C00343,114112
C00343,7296
C00343,4482
C00343,22921
C00343,253827
C00343,51734
C00343,57412
C00343,4357
C00343,7263
C00344,54675
C00345,5226
C00345,414328
C00345,25796
C00345,9563
C00346,1119
C00346,1120
C00346,55224
C00346,55500
C00346,5833
C00346,162466
C00346,142891
C00346,166929
C00346,259230
C00346,8879
C00346,64850
C00347,27163
C00349,11112
C00349,4329
C00349,64902
C00350,10400
C00350,10162
C00350,254531
C00350,54947
C00350,79888
C00350,10390
C00350,85465
C00350,81490
C00350,142891
C00350,166929
C00350,259230
C00350,11145
C00350,54979
C00350,100137049
C00350,100652777
C00350,123745
C00350,151056
C00350,255189
C00350,26279
C00350,283748
C00350,30814
C00350,391013
C00350,50487
C00350,5319
C00350,5320
C00350,5321
C00350,5322
C00350,64600
C00350,81579
C00350,8398
C00350,8399
C00350,84647
C00350,8605
C00350,8681
C00350,122618
C00350,23646
C00350,5337
C00350,5338
C00350,23761
C00352,64841
C00352,2673
C00352,9945
C00352,3098
C00352,3099
C00352,3101
C00352,80201
C00352,83440
C00352,51005
C00352,10007
C00352,132789
C00353,9453
C00354,5211
C00354,5213
C00354,5214
C00354,2203
C00354,8789
C00354,226
C00354,229
C00354,230
C00355,7054
C00355,7299
C00355,1644
C00356,3156
C00356,3157
C00356,3158
C00356,79783
C00356,3155
C00356,54511
C00356,549
C00357,64841
C00357,55577
C00357,51005
C00357,5238
C00360,1633
C00360,102157402
C00360,122481
C00360,158067
C00360,203
C00360,204
C00360,205
C00360,221264
C00360,26289
C00360,100526794
C00360,22978
C00360,284958
C00360,30833
C00360,4907
C00360,55
C00360,56953
C00360,84618
C00360,93034
C00360,51020
C00361,50484
C00361,6240
C00361,6241
C00361,5313
C00361,5315
C00361,10201
C00361,221264
C00361,29922
C00361,4830
C00361,4831
C00361,4832
C00361,4833
C00361,654364
C00361,2987
C00362,1633
C00362,1716
C00362,2987
C00362,100526794
C00362,22978
C00362,284958
C00362,30833
C00362,4907
C00362,55
C00362,56953
C00362,84618
C00362,93034
C00362,51020
C00363,10201
C00363,221264
C00363,29922
C00363,4830
C00363,4831
C00363,4832
C00363,4833
C00363,654364
C00363,1841
C00363,377841
C00363,953
C00363,956
C00364,7298
C00364,7083
C00364,7084
C00364,1841
C00364,100526794
C00364,22978
C00364,284958
C00364,30833
C00364,4907
C00364,55
C00364,56953
C00364,84618
C00364,93034
C00364,51020
C00364,377841
C00364,953
C00364,956
C00364,5167
C00364,5169
C00365,7298
C00365,7083
C00365,7084
C00365,1841
C00365,100526794
C00365,22978
C00365,284958
C00365,30833
C00365,4907
C00365,55
C00365,56953
C00365,84618
C00365,93034
C00365,51020
C00365,1635
C00365,1854
C00366,7498
C00369,5834
C00369,5836
C00369,5837
C00369,2632
C00369,276
C00369,277
C00369,278
C00369,279
C00369,280
C00369,8972
C00369,93432
C00369,178
C00370,6646
C00370,8435
C00370,3931
C00370,1056
C00370,3988
C00375,314
C00375,8639
C00376,124
C00376,125
C00376,126
C00376,127
C00376,128
C00376,130
C00376,131
C00376,195814
C00376,201140
C00376,8630
C00376,112724
C00376,145226
C00376,51109
C00376,9249
C00376,53630
C00376,216
C00376,220
C00376,8854
C00376,316
C00377,1589
C00377,1586
C00377,1584
C00377,1585
C00378,27010
C00378,248
C00378,249
C00378,250
C00378,251
C00378,51205
C00378,52
C00378,53
C00378,54
C00378,55
C00378,93650
C00379,51181
C00379,6652
C00379,231
C00379,441282
C00379,57016
C00381,207063
C00381,79644
C00381,22845
C00383,197322
C00385,7498
C00385,144811
C00385,4860
C00385,3251
C00385,9615
C00386,138199
C00386,55748
C00386,84735
C00386,57571
C00387,144811
C00387,4860
C00387,100526794
C00387,22978
C00387,284958
C00387,30833
C00387,4907
C00387,55
C00387,56953
C00387,84618
C00387,93034
C00388,26
C00388,3176
C00388,3067
C00389,8544
C00389,57733
C00390,2820
C00390,6389
C00390,6390
C00390,2110
C00390,51805
C00390,374291
C00390,4535
C00390,4536
C00390,4537
C00390,4538
C00390,4539
C00390,4540
C00390,4541
C00390,4719
C00390,4720
C00390,4722
C00390,4723
C00390,4728
C00390,4729
C00390,7386
C00394,390637
C00398,26
C00398,4128
C00398,4129
C00398,11185
C00398,1644
C00399,2820
C00399,6389
C00399,6390
C00399,2110
C00399,51805
C00399,374291
C00399,4535
C00399,4536
C00399,4537
C00399,4538
C00399,4539
C00399,4540
C00399,4541
C00399,4719
C00399,4720
C00399,4722
C00399,4723
C00399,4728
C00399,4729
C00399,7386
C00401,56548
C00401,9469
C00401,166012
C00401,50515
C00401,55501
C00401,29940
C00401,92126
C00402,8528
C00403,100528030
C00403,11226
C00403,11227
C00403,114805
C00403,117248
C00403,168391
C00403,2589
C00403,2590
C00403,2591
C00403,26290
C00403,374378
C00403,442117
C00403,50614
C00403,51809
C00403,55568
C00403,57452
C00403,63917
C00403,64409
C00403,79623
C00403,79695
C00403,8693
C00404,58497
C00405,1610
C00407,259307
C00407,586
C00407,587
C00407,3376
C00407,55699
C00408,51268
C00409,8991
C00410,3283
C00410,3284
C00410,1645
C00410,1589
C00410,1586
C00410,1584
C00410,1585
C00410,6715
C00410,6716
C00410,79644
C00410,6718
C00412,6319
C00412,79966
C00412,9524
C00412,10965
C00412,11332
C00412,117145
C00412,122970
C00412,153364
C00412,284486
C00412,570
C00412,641371
C00415,1719
C00415,200895
C00415,7298
C00415,2356
C00416,10554
C00416,10555
C00416,129642
C00416,154141
C00416,253558
C00416,51099
C00416,55326
C00416,56894
C00416,56895
C00416,139189
C00416,1606
C00416,1607
C00416,1608
C00416,160851
C00416,1609
C00416,8525
C00416,8526
C00416,8527
C00416,9162
C00416,1040
C00416,8760
C00416,80821
C00416,196051
C00416,23175
C00416,64900
C00416,84513
C00416,8611
C00416,8612
C00416,8613
C00416,9663
C00416,122618
C00416,23646
C00416,5337
C00416,5338
C00416,2822
C00417,730249
C00417,48
C00417,50
C00418,124
C00418,125
C00418,126
C00418,127
C00418,128
C00418,130
C00418,131
C00418,10327
C00418,3156
C00418,4598
C00419,11284
C00422,137695
C00422,346606
C00422,84649
C00422,8694
C00422,1056
C00422,119548
C00422,13
C00422,3990
C00422,5406
C00422,5407
C00422,5408
C00422,57104
C00422,80339
C00422,8513
C00422,9388
C00422,4023
C00422,3991
C00427,127281
C00427,5742
C00427,5743
C00427,27306
C00427,5730
C00427,10728
C00427,80142
C00427,9536
C00427,5740
C00427,6916
C00429,1806
C00429,1807
C00430,211
C00430,212
C00430,210
C00433,217
C00433,219
C00433,223
C00433,224
C00433,501
C00437,100526760
C00437,95
C00438,790
C00439,10841
C00439,144193
C00440,4524
C00440,4548
C00445,10797
C00445,441024
C00445,4522
C00445,275
C00445,2618
C00445,10841
C00445,100528021
C00445,10588
C00446,2584
C00446,2592
C00447,5211
C00447,5213
C00447,5214
C00447,2203
C00447,8789
C00447,226
C00447,229
C00447,230
C00448,2224
C00448,9453
C00448,1352
C00448,2222
C00448,100529261
C00448,2339
C00448,2342
C00448,116150
C00448,79947
C00448,23590
C00448,57107
C00449,10157
C00450,501
C00450,51268
C00454,5313
C00454,5315
C00454,1633
C00454,50808
C00454,10201
C00454,221264
C00454,29922
C00454,4830
C00454,4831
C00454,4832
C00454,4833
C00454,654364
C00454,87178
C00454,84284
C00454,377841
C00454,953
C00454,956
C00454,124583
C00454,955
C00454,957
C00454,9583
C00455,10135
C00455,27231
C00455,54981
C00455,23057
C00455,349565
C00455,64802
C00455,100526794
C00455,22978
C00455,284958
C00455,30833
C00455,4907
C00455,55
C00455,56953
C00455,84618
C00455,93034
C00455,25961
C00455,83594
C00455,5167
C00455,5169
C00455,3978
C00458,10201
C00458,221264
C00458,29922
C00458,4830
C00458,4831
C00458,4832
C00458,4833
C00458,654364
C00458,10514
C00458,10721
C00458,11201
C00458,201973
C00458,27343
C00458,27434
C00458,353497
C00458,51426
C00458,54107
C00458,5422
C00458,5423
C00458,5424
C00458,5426
C00458,5427
C00458,5428
C00458,5429
C00458,56655
C00458,5980
C00458,79077
C00459,10201
C00459,221264
C00459,29922
C00459,4830
C00459,4831
C00459,4832
C00459,4833
C00459,654364
C00459,10514
C00459,10721
C00459,11201
C00459,201973
C00459,27343
C00459,27434
C00459,353497
C00459,51426
C00459,54107
C00459,5422
C00459,5423
C00459,5424
C00459,5426
C00459,5427
C00459,5428
C00459,5429
C00459,56655
C00459,5980
C00459,377841
C00459,953
C00459,956
C00459,5167
C00459,5169
C00460,10201
C00460,221264
C00460,29922
C00460,4830
C00460,4831
C00460,4832
C00460,4833
C00460,654364
C00460,1854
C00461,1118
C00461,27159
C00462,10314
C00462,119391
C00462,221357
C00462,25774
C00462,27306
C00462,2938
C00462,2939
C00462,2940
C00462,2941
C00462,2944
C00462,2946
C00462,2947
C00462,2948
C00462,2949
C00462,2950
C00462,2952
C00462,2953
C00462,373156
C00462,4257
C00462,4258
C00462,4259
C00462,653689
C00462,9446
C00468,340811
C00468,8644
C00468,3292
C00468,3294
C00468,51144
C00468,51478
C00468,79154
C00468,7923
C00468,8630
C00468,100861540
C00468,107987478
C00468,107987479
C00468,11283
C00468,1543
C00468,1544
C00468,1545
C00468,1551
C00468,1553
C00468,1558
C00468,1562
C00468,1564
C00468,1565
C00468,1572
C00468,1573
C00468,1577
C00468,1579
C00468,1580
C00468,199974
C00468,260293
C00468,284541
C00468,29785
C00468,57834
C00468,64816
C00468,66002
C00468,1588
C00468,10720
C00468,10941
C00468,54490
C00468,54575
C00468,54576
C00468,54577
C00468,54578
C00468,54579
C00468,54600
C00468,54657
C00468,54658
C00468,54659
C00468,574537
C00468,7363
C00468,7364
C00468,7365
C00468,7366
C00468,7367
C00468,79799
C00468,6783
C00469,124
C00469,125
C00469,126
C00469,127
C00469,128
C00469,130
C00469,131
C00469,10327
C00472,7299
C00473,124
C00473,125
C00473,126
C00473,127
C00473,128
C00473,130
C00473,131
C00473,195814
C00473,201140
C00473,8630
C00473,112724
C00473,145226
C00473,51109
C00473,9249
C00473,339761
C00473,54884
C00473,9227
C00473,158835
C00473,8694
C00475,54963
C00475,7371
C00475,83549
C00475,100526794
C00475,22978
C00475,284958
C00475,30833
C00475,4907
C00475,55
C00475,56953
C00475,84618
C00475,93034
C00475,115024
C00475,51251
C00475,81602
C00475,978
C00483,7299
C00483,314
C00483,8639
C00483,4128
C00483,4129
C00483,1644
C00486,644
C00486,645
C00486,10720
C00486,10941
C00486,54490
C00486,54575
C00486,54576
C00486,54577
C00486,54578
C00486,54579
C00486,54600
C00486,54657
C00486,54658
C00486,54659
C00486,574537
C00486,7363
C00486,7364
C00486,7365
C00486,7366
C00486,7367
C00486,79799
C00487,8424
C00487,1384
C00490,730249
C00490,8801
C00490,8802
C00490,8803
C00491,1491
C00491,56267
C00491,883
C00492,2717
C00496,100287144
C00496,100287178
C00496,100287205
C00496,100287238
C00496,100287327
C00496,100287364
C00496,100287404
C00496,100287441
C00496,100287478
C00496,100287513
C00496,100288520
C00496,10600
C00496,10617
C00496,10868
C00496,10869
C00496,11274
C00496,124739
C00496,126119
C00496,139562
C00496,1540
C00496,158880
C00496,159195
C00496,161725
C00496,219333
C00496,220213
C00496,221302
C00496,23032
C00496,23252
C00496,23326
C00496,23358
C00496,25862
C00496,27005
C00496,29761
C00496,373509
C00496,377630
C00496,389856
C00496,392188
C00496,392197
C00496,401447
C00496,51029
C00496,51377
C00496,51633
C00496,54629
C00496,54726
C00496,54764
C00496,55031
C00496,55230
C00496,55593
C00496,55611
C00496,55793
C00496,56957
C00496,57478
C00496,57558
C00496,57559
C00496,57602
C00496,57646
C00496,57663
C00496,57695
C00496,645402
C00496,645836
C00496,646951
C00496,64854
C00496,7128
C00496,728369
C00496,728373
C00496,728379
C00496,728386
C00496,728393
C00496,728400
C00496,728405
C00496,728419
C00496,7345
C00496,7347
C00496,7375
C00496,7398
C00496,7874
C00496,78990
C00496,80013
C00496,80124
C00496,8078
C00496,8237
C00496,8239
C00496,8287
C00496,8314
C00496,83844
C00496,84101
C00496,84132
C00496,84182
C00496,84196
C00496,84640
C00496,84669
C00496,84749
C00496,85015
C00496,8975
C00496,90268
C00496,9097
C00496,9098
C00496,9099
C00496,9100
C00496,9101
C00496,9736
C00496,9929
C00496,9958
C00496,9960
C00499,55821
C00500,3162
C00500,3163
C00500,644
C00500,645
C00504,1719
C00504,200895
C00506,137362
C00506,2805
C00506,2806
C00506,2571
C00506,2572
C00506,339896
C00506,51380
C00509,57733
C00510,6319
C00510,79966
C00510,9415
C00510,10965
C00510,11332
C00510,117145
C00510,122970
C00510,153364
C00510,284486
C00510,570
C00510,641371
C00512,10449
C00512,30
C00512,3032
C00512,10249
C00513,56985
C00515,1610
C00517,8879
C00518,3036
C00518,3037
C00518,3038
C00519,84890
C00519,2571
C00519,2572
C00519,339896
C00519,51380
C00521,1557
C00521,1559
C00523,1646
C00523,340811
C00523,8644
C00523,3294
C00523,7923
C00523,8630
C00523,1109
C00523,1645
C00523,3293
C00523,1586
C00523,10720
C00523,10941
C00523,54490
C00523,54575
C00523,54576
C00523,54577
C00523,54578
C00523,54579
C00523,54600
C00523,54657
C00523,54658
C00523,54659
C00523,574537
C00523,7363
C00523,7364
C00523,7365
C00523,7366
C00523,7367
C00523,79799
C00524,3052
C00525,169355
C00525,3620
C00526,151531
C00526,7378
C00526,1890
C00526,7083
C00526,7084
C00526,100526794
C00526,22978
C00526,284958
C00526,30833
C00526,4907
C00526,55
C00526,56953
C00526,84618
C00526,93034
C00526,51020
C00526,81602
C00526,978
C00527,2639
C00527,10449
C00527,30
C00527,3032
C00527,1743
C00530,7299
C00530,5444
C00530,5445
C00530,5446
C00531,8801
C00531,8802
C00531,8803
C00532,231
C00532,441282
C00532,57016
C00533,4842
C00533,4843
C00533,4846
C00534,55163
C00534,8566
C00534,493911
C00534,57026
C00535,3283
C00535,3284
C00535,3294
C00535,7923
C00535,8630
C00535,340811
C00535,8644
C00535,3293
C00535,100861540
C00535,107987478
C00535,107987479
C00535,11283
C00535,1543
C00535,1544
C00535,1545
C00535,1551
C00535,1553
C00535,1558
C00535,1562
C00535,1564
C00535,1565
C00535,1572
C00535,1573
C00535,1577
C00535,1579
C00535,1580
C00535,199974
C00535,260293
C00535,284541
C00535,29785
C00535,57834
C00535,64816
C00535,66002
C00535,1588
C00535,6715
C00535,6716
C00535,79644
C00535,6718
C00535,10720
C00535,10941
C00535,54490
C00535,54575
C00535,54576
C00535,54577
C00535,54578
C00535,54579
C00535,54600
C00535,54657
C00535,54658
C00535,54659
C00535,574537
C00535,7363
C00535,7364
C00535,7365
C00535,7366
C00535,7367
C00535,79799
C00536,326625
C00536,5805
C00541,326625
C00542,102724560
C00542,875
C00543,4128
C00543,4129
C00543,23564
C00543,23576
C00544,3242
C00544,3081
C00546,231
C00546,441282
C00546,57016
C00546,9380
C00546,314
C00546,8639
C00546,4128
C00546,4129
C00546,2739
C00547,1621
C00547,4128
C00547,4129
C00547,5409
C00547,120356740
C00547,1312
C00547,220074
C00548,5444
C00548,5445
C00548,5446
C00550,166929
C00550,259230
C00550,339221
C00550,55512
C00550,55627
C00550,6609
C00550,6610
C00555,217
C00555,219
C00555,223
C00555,224
C00555,501
C00555,26
C00559,144811
C00559,4860
C00559,1633
C00559,100526794
C00559,22978
C00559,284958
C00559,30833
C00559,4907
C00559,55
C00559,56953
C00559,84618
C00559,93034
C00559,51020
C00559,100
C00559,51816
C00561,57733
C00562,10000
C00562,100130827
C00562,100526835
C00562,100533105
C00562,10110
C00562,10114
C00562,10188
C00562,102724428
C00562,102800317
C00562,10290
C00562,10298
C00562,10494
C00562,10595
C00562,106821730
C00562,11011
C00562,11035
C00562,11040
C00562,1111
C00562,11183
C00562,11184
C00562,11200
C00562,11213
C00562,112858
C00562,11329
C00562,120892
C00562,122011
C00562,124923
C00562,127933
C00562,138474
C00562,140469
C00562,140803
C00562,140901
C00562,1452
C00562,1453
C00562,1454
C00562,1455
C00562,1456
C00562,1457
C00562,1459
C00562,147746
C00562,149420
C00562,150094
C00562,152110
C00562,1612
C00562,1613
C00562,166614
C00562,167359
C00562,1760
C00562,197259
C00562,2011
C00562,202374
C00562,203447
C00562,204851
C00562,207
C00562,208
C00562,2081
C00562,22848
C00562,23012
C00562,23043
C00562,23049
C00562,23178
C00562,23235
C00562,23387
C00562,23604
C00562,23617
C00562,23678
C00562,2475
C00562,255239
C00562,2580
C00562,25989
C00562,26524
C00562,26576
C00562,27102
C00562,27148
C00562,27330
C00562,27347
C00562,282974
C00562,283106
C00562,283455
C00562,283629
C00562,284086
C00562,2872
C00562,28996
C00562,30811
C00562,30849
C00562,341676
C00562,3611
C00562,3654
C00562,3656
C00562,369
C00562,388228
C00562,3984
C00562,3985
C00562,4139
C00562,4140
C00562,415116
C00562,4261
C00562,4342
C00562,440275
C00562,472
C00562,4750
C00562,4751
C00562,4752
C00562,494551
C00562,50488
C00562,5058
C00562,5062
C00562,5063
C00562,51086
C00562,51135
C00562,51231
C00562,51347
C00562,5170
C00562,51765
C00562,5292
C00562,53904
C00562,53944
C00562,54101
C00562,545
C00562,54822
C00562,54861
C00562,54986
C00562,55351
C00562,55561
C00562,55589
C00562,55781
C00562,5591
C00562,5610
C00562,56164
C00562,5681
C00562,56924
C00562,56975
C00562,57144
C00562,57551
C00562,57787
C00562,5871
C00562,5894
C00562,613
C00562,6195
C00562,6196
C00562,6197
C00562,6198
C00562,6199
C00562,6446
C00562,646643
C00562,65018
C00562,65125
C00562,65266
C00562,65267
C00562,65268
C00562,65975
C00562,673
C00562,6732
C00562,6733
C00562,6787
C00562,6790
C00562,6793
C00562,6794
C00562,6795
C00562,6872
C00562,699
C00562,701
C00562,7204
C00562,7273
C00562,7443
C00562,7444
C00562,7465
C00562,7867
C00562,79705
C00562,79858
C00562,81629
C00562,81788
C00562,8317
C00562,83732
C00562,83903
C00562,83931
C00562,83942
C00562,83983
C00562,84033
C00562,8408
C00562,8428
C00562,84446
C00562,8476
C00562,8491
C00562,85443
C00562,85481
C00562,8550
C00562,8569
C00562,8573
C00562,8576
C00562,8737
C00562,8767
C00562,8780
C00562,8859
C00562,8899
C00562,8986
C00562,8997
C00562,9024
C00562,9088
C00562,9113
C00562,9201
C00562,9212
C00562,9252
C00562,9261
C00562,9262
C00562,9263
C00562,9344
C00562,9448
C00562,9451
C00562,9578
C00562,9706
C00562,9730
C00562,9748
C00562,9833
C00562,9874
C00562,9891
C00562,9943
C00562,1147
C00562,29110
C00562,3551
C00562,9641
C00562,5566
C00562,5567
C00562,5568
C00562,5613
C00562,5592
C00562,5593
C00562,23683
C00562,25865
C00562,29941
C00562,5578
C00562,5579
C00562,5580
C00562,5581
C00562,5582
C00562,5583
C00562,5584
C00562,5585
C00562,5586
C00562,5587
C00562,5588
C00562,5590
C00562,10645
C00562,139728
C00562,57118
C00562,57172
C00562,814
C00562,815
C00562,816
C00562,817
C00562,818
C00562,84254
C00562,8536
C00562,10733
C00562,10769
C00562,1263
C00562,5347
C00562,1017
C00562,1018
C00562,1019
C00562,1020
C00562,1021
C00562,1022
C00562,1024
C00562,1025
C00562,22858
C00562,23097
C00562,23552
C00562,344387
C00562,4117
C00562,51265
C00562,5127
C00562,5128
C00562,5129
C00562,51755
C00562,5218
C00562,5891
C00562,65061
C00562,6792
C00562,728642
C00562,8558
C00562,8621
C00562,8814
C00562,8999
C00562,983
C00562,984
C00562,1432
C00562,225689
C00562,51701
C00562,5594
C00562,5595
C00562,5596
C00562,5597
C00562,5598
C00562,5599
C00562,5600
C00562,5601
C00562,5602
C00562,5603
C00562,6300
C00562,10746
C00562,1326
C00562,389840
C00562,4214
C00562,4215
C00562,4216
C00562,4217
C00562,4293
C00562,4294
C00562,4296
C00562,51776
C00562,6885
C00562,7786
C00562,80122
C00562,84451
C00562,9020
C00562,9064
C00562,9175
C00562,130399
C00562,269
C00562,657
C00562,658
C00562,659
C00562,7046
C00562,7048
C00562,90
C00562,91
C00562,92
C00562,93
C00562,94
C00562,10922
C00562,10420
C00562,1195
C00562,1196
C00562,1198
C00562,1859
C00562,25778
C00562,57396
C00562,7016
C00562,7272
C00562,8444
C00562,8445
C00562,8798
C00562,9149
C00562,55872
C00562,5604
C00562,5605
C00562,5606
C00562,5607
C00562,5608
C00562,5609
C00562,6416
C00562,10106
C00562,10217
C00562,1033
C00562,11072
C00562,11221
C00562,11266
C00562,114971
C00562,128853
C00562,128854680
C00562,132160
C00562,134510
C00562,136157
C00562,142679
C00562,143506
C00562,147699
C00562,150290
C00562,151742
C00562,152926
C00562,160760
C00562,168448
C00562,1843
C00562,1844
C00562,1845
C00562,1846
C00562,1847
C00562,1848
C00562,1849
C00562,1850
C00562,1852
C00562,192111
C00562,196120
C00562,22843
C00562,23035
C00562,23239
C00562,23399
C00562,285193
C00562,29101
C00562,333926
C00562,338599
C00562,390031
C00562,390033
C00562,441584
C00562,51207
C00562,54434
C00562,5470
C00562,5475
C00562,54935
C00562,5494
C00562,5495
C00562,5496
C00562,54961
C00562,5499
C00562,5500
C00562,5501
C00562,5515
C00562,5516
C00562,5530
C00562,5531
C00562,55313
C00562,5532
C00562,5533
C00562,5536
C00562,5537
C00562,56940
C00562,5728
C00562,57460
C00562,58190
C00562,63904
C00562,78986
C00562,7957
C00562,79871
C00562,80824
C00562,80895
C00562,8446
C00562,8493
C00562,85464
C00562,8555
C00562,8556
C00562,9150
C00562,92235
C00562,9647
C00570,5833
C00570,10390
C00570,85465
C00570,142891
C00570,166929
C00570,259230
C00573,8534
C00575,10846
C00575,50940
C00575,5136
C00575,5137
C00575,5138
C00575,5139
C00575,5140
C00575,5153
C00575,27115
C00575,5141
C00575,5142
C00575,5143
C00575,5144
C00575,5150
C00575,5151
C00575,8622
C00575,107
C00575,108
C00575,109
C00575,111
C00575,112
C00575,113
C00575,114
C00575,115
C00575,196883
C00575,55811
C00576,124
C00576,125
C00576,126
C00576,127
C00576,128
C00576,130
C00576,131
C00576,55349
C00576,501
C00577,10327
C00577,231
C00577,441282
C00577,57016
C00577,217
C00577,219
C00577,223
C00577,224
C00577,501
C00577,26007
C00577,226
C00577,229
C00577,230
C00579,1738
C00580,11185
C00581,2593
C00581,2628
C00583,231
C00583,441282
C00583,57016
C00584,3248
C00584,873
C00584,874
C00584,10728
C00584,80142
C00584,9536
C00585,10461
C00585,114783
C00585,1436
C00585,1956
C00585,1969
C00585,2041
C00585,2042
C00585,2043
C00585,2044
C00585,2045
C00585,2046
C00585,2047
C00585,2048
C00585,2049
C00585,2050
C00585,2051
C00585,2064
C00585,2065
C00585,2066
C00585,2260
C00585,2261
C00585,2263
C00585,2264
C00585,22853
C00585,2321
C00585,2322
C00585,2324
C00585,238
C00585,284656
C00585,285220
C00585,3480
C00585,3643
C00585,3645
C00585,3791
C00585,3815
C00585,4058
C00585,4233
C00585,4486
C00585,4593
C00585,4914
C00585,4915
C00585,4916
C00585,4919
C00585,4920
C00585,4921
C00585,5156
C00585,5159
C00585,558
C00585,5754
C00585,5979
C00585,6098
C00585,6259
C00585,7010
C00585,7075
C00585,7301
C00585,780
C00585,9625
C00585,10188
C00585,157285
C00585,2185
C00585,2241
C00585,2242
C00585,2268
C00585,2444
C00585,25
C00585,2534
C00585,27
C00585,3055
C00585,3702
C00585,3716
C00585,3717
C00585,3718
C00585,3932
C00585,4067
C00585,4145
C00585,55359
C00585,5747
C00585,5753
C00585,640
C00585,660
C00585,6714
C00585,6725
C00585,6850
C00585,695
C00585,7006
C00585,7294
C00585,7297
C00585,7525
C00585,7535
C00585,79834
C00585,8711
C00585,91461
C00585,10420
C00585,1195
C00585,1196
C00585,1198
C00585,1859
C00585,25778
C00585,57396
C00585,7016
C00585,7272
C00585,8444
C00585,8445
C00585,8798
C00585,9149
C00585,55872
C00585,5604
C00585,5605
C00585,5606
C00585,5607
C00585,5608
C00585,5609
C00585,6416
C00585,8459
C00585,8460
C00585,100528064
C00585,10076
C00585,1033
C00585,11072
C00585,11099
C00585,11122
C00585,11156
C00585,11221
C00585,11266
C00585,114971
C00585,128853
C00585,128854680
C00585,142679
C00585,145553
C00585,150290
C00585,168448
C00585,1843
C00585,1844
C00585,1845
C00585,1846
C00585,1847
C00585,1848
C00585,1849
C00585,1850
C00585,1852
C00585,2070
C00585,2138
C00585,2139
C00585,2140
C00585,25930
C00585,26095
C00585,26191
C00585,26469
C00585,283871
C00585,285193
C00585,338599
C00585,374462
C00585,51207
C00585,52
C00585,53347
C00585,54434
C00585,54935
C00585,54961
C00585,56940
C00585,5728
C00585,5770
C00585,5771
C00585,5774
C00585,5775
C00585,5777
C00585,5778
C00585,5780
C00585,5781
C00585,5782
C00585,5784
C00585,5786
C00585,5787
C00585,5788
C00585,5789
C00585,5791
C00585,5792
C00585,5793
C00585,5794
C00585,5795
C00585,5796
C00585,5797
C00585,5798
C00585,5799
C00585,5800
C00585,5801
C00585,5802
C00585,5803
C00585,63904
C00585,7803
C00585,78986
C00585,7957
C00585,8073
C00585,80824
C00585,8446
C00585,84867
C00585,84959
C00585,85464
C00585,8555
C00585,8556
C00585,8897
C00585,9110
C00585,92235
C00585,993
C00585,994
C00585,995
C00588,1119
C00588,1120
C00588,5130
C00588,9468
C00588,162466
C00588,339221
C00588,55512
C00588,55627
C00588,6609
C00588,6610
C00588,56985
C00590,137902
C00590,4025
C00590,7837
C00590,8288
C00590,9588
C00591,55907
C00591,140838
C00599,3283
C00599,3284
C00599,6715
C00599,6716
C00599,79644
C00599,6718
C00601,218
C00601,221
C00601,222
C00601,314
C00601,8639
C00601,4128
C00601,4129
C00603,55821
C00605,34
C00605,33
C00605,128966744
C00605,137964
C00605,150763
C00605,57678
C00605,84803
C00605,137695
C00605,346606
C00605,84649
C00605,8694
C00605,116255
C00605,80168
C00605,10554
C00605,10555
C00605,129642
C00605,154141
C00605,253558
C00605,51099
C00605,55326
C00605,56894
C00605,56895
C00606,1036
C00606,137362
C00606,2805
C00606,2806
C00606,2571
C00606,2572
C00606,339896
C00606,51380
C00611,127550
C00611,2683
C00611,8702
C00611,8703
C00611,8704
C00611,6480
C00611,84620
C00612,196743
C00613,79831
C00613,10196
C00613,10498
C00613,3275
C00613,3276
C00613,55170
C00613,56341
C00613,10419
C00613,90826
C00613,54496
C00613,116969
C00613,417
C00613,419
C00613,420
C00613,141
C00613,11315
C00613,11240
C00613,23569
C00613,29943
C00613,353238
C00613,51702
C00615,79697
C00615,84864
C00615,84193
C00615,92342
C00615,29085
C00615,441531
C00615,5223
C00615,5224
C00615,669
C00618,51084
C00618,28970
C00619,6715
C00619,6716
C00619,79644
C00619,6718
C00619,3283
C00619,3284
C00620,144811
C00620,4860
C00620,151531
C00620,7378
C00620,5236
C00620,55276
C00621,201595
C00621,3703
C00621,57171
C00624,162417
C00625,10020
C00625,5973
C00627,55163
C00627,8566
C00627,493911
C00627,57026
C00628,316
C00630,35
C00630,36
C00630,34
C00630,1629
C00631,132158
C00631,9562
C00631,2023
C00631,2026
C00631,2027
C00631,387712
C00631,441531
C00631,5223
C00631,5224
C00631,669
C00632,847
C00632,23498
C00632,8942
C00634,51363
C00634,166012
C00634,50515
C00634,55501
C00635,56548
C00635,9469
C00636,29925
C00636,29926
C00636,5372
C00636,5373
C00637,217
C00637,219
C00637,223
C00637,224
C00637,501
C00637,26
C00637,4128
C00637,4129
C00638,113612
C00638,2194
C00638,10965
C00638,11332
C00638,117145
C00638,122970
C00638,153364
C00638,284486
C00638,570
C00638,641371
C00638,55301
C00638,11001
C00638,2180
C00638,2181
C00638,2182
C00638,23205
C00638,23305
C00638,51703
C00638,81616
C00639,3248
C00639,873
C00639,874
C00639,340811
C00639,8644
C00639,127281
C00640,3030
C00640,1962
C00640,3028
C00640,3033
C00640,1892
C00641,137695
C00641,346606
C00641,84649
C00641,8694
C00641,116255
C00641,80168
C00641,139189
C00641,1606
C00641,1607
C00641,1608
C00641,160851
C00641,1609
C00641,8525
C00641,8526
C00641,8527
C00641,9162
C00641,10390
C00641,85465
C00641,56994
C00641,166929
C00641,259230
C00641,142891
C00641,1056
C00641,119548
C00641,13
C00641,3990
C00641,5406
C00641,5407
C00641,5408
C00641,57104
C00641,80339
C00641,8513
C00641,9388
C00641,196051
C00641,23175
C00641,64900
C00641,84513
C00641,8611
C00641,8612
C00641,8613
C00641,9663
C00641,113026
C00641,23007
C00641,23236
C00641,51196
C00641,5330
C00641,5331
C00641,5332
C00641,5333
C00641,5335
C00641,5336
C00641,84812
C00641,89869
C00641,9651
C00642,218
C00642,221
C00642,222
C00643,169355
C00643,3620
C00643,121278
C00643,7166
C00643,1644
C00645,54187
C00645,10020
C00645,80896
C00645,5973
C00647,55163
C00647,8566
C00647,493911
C00647,57026
C00655,3614
C00655,3615
C00655,3251
C00655,100526794
C00655,22978
C00655,284958
C00655,30833
C00655,4907
C00655,55
C00655,56953
C00655,84618
C00655,93034
C00655,318
C00655,3704
C00655,8833
C00658,51102
C00658,55825
C00658,9524
C00658,51
C00658,8310
C00658,3295
C00658,1892
C00658,1962
C00658,3030
C00662,1593
C00662,1591
C00662,1594
C00662,1584
C00662,1585
C00662,1583
C00662,339761
C00662,2232
C00664,10841
C00665,5207
C00665,5208
C00665,5209
C00665,5210
C00665,57103
C00667,1593
C00667,1591
C00667,1594
C00667,1584
C00667,1585
C00667,1583
C00667,339761
C00667,2232
C00668,3098
C00668,3099
C00668,3101
C00668,80201
C00668,83440
C00668,2645
C00668,2538
C00668,57818
C00668,92579
C00668,2821
C00668,5236
C00668,55276
C00669,79017
C00669,2729
C00669,2937
C00670,10434
C00670,10908
C00670,11313
C00670,1178
C00670,151056
C00670,23659
C00670,374569
C00670,375775
C00670,56261
C00670,81544
C00670,144110
C00670,255043
C00671,593
C00671,594
C00671,259307
C00671,586
C00671,587
C00672,144811
C00672,4860
C00672,151531
C00672,7378
C00672,1890
C00672,55276
C00673,64080
C00673,51071
C00673,55276
C00674,1646
C00674,340811
C00674,8644
C00674,3294
C00674,7923
C00674,8630
C00674,1109
C00674,1645
C00674,3293
C00674,6715
C00674,6716
C00674,79644
C00676,51020
C00677,1791
C00677,7015
C00677,10514
C00677,10721
C00677,11201
C00677,201973
C00677,27343
C00677,27434
C00677,353497
C00677,51426
C00677,54107
C00677,5422
C00677,5423
C00677,5424
C00677,5426
C00677,5427
C00677,5428
C00677,5429
C00677,56655
C00677,5980
C00681,128966744
C00681,137964
C00681,150763
C00681,57678
C00681,84803
C00681,10554
C00681,10555
C00681,129642
C00681,154141
C00681,253558
C00681,51099
C00681,55326
C00681,56894
C00681,56895
C00681,55750
C00681,51205
C00681,52
C00681,53
C00681,54
C00681,55
C00681,93650
C00683,84693
C00683,5095
C00683,5096
C00685,54995
C00686,54187
C00686,10020
C00694,10331
C00694,10678
C00694,79369
C00694,2651
C00694,10690
C00694,127550
C00695,1582
C00695,10005
C00695,570
C00695,10998
C00696,340811
C00696,8644
C00696,27306
C00696,5730
C00698,4353
C00700,318
C00700,3704
C00704,847
C00704,6647
C00704,6648
C00704,6649
C00705,50484
C00705,6240
C00705,6241
C00705,129607
C00705,51727
C00705,10201
C00705,221264
C00705,29922
C00705,4830
C00705,4831
C00705,4832
C00705,4833
C00705,654364
C00705,79077
C00706,11185
C00708,7173
C00708,389434
C00708,1735
C00708,1733
C00708,1734
C00712,113612
C00712,10965
C00712,11332
C00712,117145
C00712,122970
C00712,153364
C00712,284486
C00712,570
C00712,641371
C00712,158584
C00712,2166
C00717,231
C00717,441282
C00717,57016
C00718,5834
C00718,5836
C00718,5837
C00718,2997
C00718,2998
C00718,2632
C00718,178
C00719,501
C00719,635
C00721,276
C00721,277
C00721,278
C00721,279
C00721,280
C00721,6476
C00721,8972
C00721,93432
C00722,2053
C00722,79852
C00723,51060
C00726,10314
C00726,119391
C00726,221357
C00726,25774
C00726,27306
C00726,2938
C00726,2939
C00726,2940
C00726,2941
C00726,2944
C00726,2946
C00726,2947
C00726,2948
C00726,2949
C00726,2950
C00726,2952
C00726,2953
C00726,373156
C00726,4257
C00726,4258
C00726,4259
C00726,653689
C00726,9446
C00735,3283
C00735,3284
C00735,3290
C00735,374875
C00735,1589
C00735,1584
C00735,1585
C00735,6718
C00738,3098
C00738,3099
C00738,3101
C00738,80201
C00740,5723
C00740,63826
C00750,54498
C00750,6611
C00751,6713
C00751,2222
C00756,124
C00756,125
C00756,126
C00756,127
C00756,128
C00756,130
C00756,131
C00759,10645
C00759,139728
C00759,57118
C00759,57172
C00759,814
C00759,815
C00759,816
C00759,817
C00759,818
C00759,84254
C00759,8536
C00762,3290
C00762,374875
C00762,6715
C00762,6716
C00762,79644
C00762,6718
C00763,1610
C00772,124
C00772,125
C00772,126
C00772,127
C00772,128
C00772,130
C00772,131
C00772,10327
C00777,100861540
C00777,107987478
C00777,107987479
C00777,11283
C00777,1543
C00777,1544
C00777,1545
C00777,1551
C00777,1553
C00777,1558
C00777,1562
C00777,1564
C00777,1565
C00777,1572
C00777,1573
C00777,1577
C00777,1579
C00777,1580
C00777,199974
C00777,260293
C00777,284541
C00777,29785
C00777,57834
C00777,64816
C00777,66002
C00777,216
C00777,220
C00777,8854
C00777,316
C00777,10720
C00777,10941
C00777,54490
C00777,54575
C00777,54576
C00777,54577
C00777,54578
C00777,54579
C00777,54600
C00777,54657
C00777,54658
C00777,54659
C00777,574537
C00777,7363
C00777,7364
C00777,7365
C00777,7366
C00777,7367
C00777,79799
C00778,131890
C00778,6011
C00780,169355
C00780,3620
C00780,4128
C00780,4129
C00780,11185
C00780,15
C00780,1644
C00785,131669
C00785,3034
C00787,51067
C00787,8565
C00788,4128
C00788,4129
C00788,5409
C00788,120356740
C00788,1312
C00788,220074
C00789,729920
C00792,1610
C00794,6652
C00794,231
C00794,441282
C00794,57016
C00794,3098
C00794,3099
C00794,3101
C00794,80201
C00794,2717
C00798,26061
C00800,10327
C00800,51084
C00800,9104
C00804,217
C00804,219
C00804,223
C00804,224
C00804,501
C00811,7299
C00812,56267
C00812,883
C00818,217
C00818,219
C00818,223
C00818,224
C00818,501
C00819,27165
C00819,2744
C00821,54784
C00821,8846
C00821,64863
C00822,7299
C00828,154807
C00828,79001
C00828,1728
C00829,100861540
C00829,107987478
C00829,107987479
C00829,11283
C00829,1543
C00829,1544
C00829,1545
C00829,1551
C00829,1553
C00829,1558
C00829,1562
C00829,1564
C00829,1565
C00829,1572
C00829,1573
C00829,1577
C00829,1579
C00829,1580
C00829,199974
C00829,260293
C00829,284541
C00829,29785
C00829,57834
C00829,64816
C00829,66002
C00831,53354
C00831,79646
C00831,80025
C00831,8875
C00831,8876
C00835,6697
C00835,873
C00835,874
C00836,2531
C00836,123099
C00836,8560
C00836,253782
C00836,91012
C00836,204219
C00836,29956
C00836,79603
C00836,10715
C00836,56848
C00836,8877
C00836,130367
C00836,81537
C00836,8611
C00836,8612
C00836,8613
C00836,125981
C00836,340485
C00836,427
C00836,56624
C00842,23483
C00842,2582
C00844,57733
C00847,316
C00850,445329
C00850,6799
C00850,6817
C00850,6818
C00853,25974
C00853,326625
C00856,1786
C00856,1788
C00856,1789
C00857,23057
C00857,349565
C00857,64802
C00857,25961
C00857,83594
C00857,5167
C00857,5169
C00857,55191
C00864,53354
C00864,79646
C00864,80025
C00864,8875
C00864,8876
C00865,8611
C00865,8612
C00865,8613
C00868,285605
C00868,56986
C00868,80324
C00870,248
C00870,249
C00870,250
C00870,251
C00870,51205
C00870,52
C00870,53
C00870,54
C00870,55
C00870,93650
C00870,5444
C00870,5445
C00870,5446
C00877,51
C00877,8310
C00877,35
C00877,2639
C00877,34
C00877,1892
C00877,1962
C00877,3030
C00881,1633
C00881,100526794
C00881,22978
C00881,284958
C00881,30833
C00881,4907
C00881,55
C00881,56953
C00881,84618
C00881,93034
C00881,51020
C00881,81602
C00881,978
C00882,80347
C00882,5167
C00882,5169
C00884,55748
C00884,84735
C00884,57571
C00886,16
C00886,57505
C00894,51
C00894,8310
C00894,35
C00894,1892
C00894,1962
C00894,3030
C00899,5959
C00899,9227
C00899,158835
C00899,8694
C00899,6121
C00909,240
C00909,4048
C00909,4056
C00911,100526794
C00911,22978
C00911,284958
C00911,30833
C00911,4907
C00911,55
C00911,56953
C00911,84618
C00911,93034
C00916,1610
C00921,2356
C00923,5447
C00924,5447
C00925,10855
C00931,3145
C00931,210
C00936,4122
C00936,4124
C00937,9380
C00940,56267
C00940,883
C00940,56954
C00942,10846
C00942,50940
C00942,5136
C00942,5137
C00942,5138
C00942,5139
C00942,5140
C00942,5153
C00942,5145
C00942,5146
C00942,5152
C00942,5158
C00942,8654
C00942,107
C00942,108
C00942,109
C00942,111
C00942,112
C00942,113
C00942,114
C00942,115
C00942,196883
C00942,55811
C00942,2977
C00942,2982
C00942,2983
C00942,2984
C00942,2986
C00942,3000
C00942,4881
C00942,4882
C00951,340811
C00951,8644
C00951,3292
C00951,3294
C00951,51144
C00951,51478
C00951,79154
C00951,7923
C00951,8630
C00951,100861540
C00951,107987478
C00951,107987479
C00951,11283
C00951,1543
C00951,1544
C00951,1545
C00951,1551
C00951,1553
C00951,1558
C00951,1562
C00951,1564
C00951,1565
C00951,1572
C00951,1573
C00951,1577
C00951,1579
C00951,1580
C00951,199974
C00951,260293
C00951,284541
C00951,29785
C00951,57834
C00951,64816
C00951,66002
C00951,1588
C00951,10720
C00951,10941
C00951,54490
C00951,54575
C00951,54576
C00951,54577
C00951,54578
C00951,54579
C00951,54600
C00951,54657
C00951,54658
C00951,54659
C00951,574537
C00951,7363
C00951,7364
C00951,7365
C00951,7366
C00951,7367
C00951,79799
C00954,217
C00954,219
C00954,223
C00954,224
C00954,501
C00956,501
C00956,51166
C00957,160287
C00957,3939
C00957,3945
C00957,3948
C00957,92483
C00957,137362
C00957,2805
C00957,2806
C00957,55847
C00957,4357
C00957,7263
C00958,100137049
C00958,100652777
C00958,11145
C00958,123745
C00958,151056
C00958,255189
C00958,26279
C00958,283748
C00958,30814
C00958,391013
C00958,50487
C00958,5319
C00958,5320
C00958,5321
C00958,5322
C00958,54979
C00958,64600
C00958,81579
C00958,8398
C00958,8399
C00958,84647
C00958,8605
C00958,8681
C00962,3938
C00962,2720
C00963,57733
C00964,1557
C00964,1559
C00978,438
C00978,15
C00984,2584
C00984,130589
C00986,314
C00986,8639
C00986,26
C00986,1725
C00988,283871
C00991,256281
C00991,84304
C00996,123099
C00996,8560
C00996,79152
C00996,6307
C00996,6319
C00996,79966
C00996,6309
C00996,9415
C00996,3992
C00996,387521
C00996,387522
C00996,123956252
C00996,1727
C00996,51167
C00996,51700
C00996,51706
C00996,606495
C00996,5447
C00997,4512
C00999,123099
C00999,8560
C00999,79152
C00999,6307
C00999,6319
C00999,79966
C00999,6309
C00999,9415
C00999,3992
C00999,387521
C00999,387522
C00999,123956252
C00999,1727
C00999,51167
C00999,51700
C00999,51706
C00999,606495
C00999,5447
C01000,4512
C01003,340156
C01003,4638
C01003,85366
C01003,91807
C01005,29968
C01005,5723
C01007,645
C01008,11185
C01011,171425
C01013,26275
C01015,56898
C01019,51171
C01019,197258
C01019,2517
C01019,2519
C01021,91703
C01022,10645
C01022,139728
C01022,57118
C01022,57172
C01022,814
C01022,815
C01022,816
C01022,817
C01022,818
C01022,84254
C01022,8536
C01024,3145
C01024,7390
C01025,2879
C01026,29958
C01026,635
C01031,128
C01031,2098
C01033,36
C01034,3283
C01034,3284
C01035,2628
C01035,79814
C01036,3081
C01036,2954
C01040,9104
C01041,1621
C01041,5066
C01041,11068
C01041,1534
C01041,220002
C01041,79901
C01042,339983
C01042,10003
C01042,10004
C01042,2346
C01042,254827
C01042,443
C01042,284716
C01042,57494
C01044,443
C01045,10841
C01051,7389
C01051,7390
C01054,6713
C01054,4047
C01058,3290
C01058,374875
C01058,1584
C01058,1585
C01060,7173
C01060,389434
C01061,2184
C01061,2954
C01064,55907
C01068,729920
C01074,23553
C01074,23670
C01074,3373
C01074,57214
C01074,6677
C01074,8372
C01074,8692
C01075,6448
C01078,283208
C01078,5033
C01078,8974
C01078,10536
C01078,55214
C01078,64175
C01079,1371
C01079,5498
C01081,248
C01081,249
C01081,250
C01081,251
C01081,51205
C01081,52
C01081,53
C01081,54
C01081,55
C01081,93650
C01081,84284
C01083,11181
C01086,3295
C01086,1892
C01086,1962
C01086,3030
C01087,26227
C01087,137872
C01087,728294
C01089,622
C01094,3795
C01094,226
C01094,229
C01094,230
C01096,3098
C01096,3099
C01096,3101
C01096,80201
C01097,5211
C01097,5213
C01097,5214
C01103,7372
C01107,4598
C01107,10654
C01110,1610
C01115,51171
C01117,10846
C01117,50940
C01117,5136
C01117,5137
C01117,5138
C01117,5139
C01117,5140
C01117,5153
C01117,377841
C01117,953
C01117,956
C01119,154807
C01119,79001
C01120,56848
C01120,8877
C01120,130367
C01120,81537
C01120,8611
C01120,8612
C01120,8613
C01120,8879
C01122,1892
C01122,1962
C01122,3030
C01124,1584
C01124,1585
C01127,112817
C01132,2585
C01132,4668
C01132,284004
C01132,3073
C01132,3074
C01134,53354
C01134,79646
C01134,80025
C01134,80347
C01134,283927
C01134,390916
C01134,5167
C01134,5169
C01134,60490
C01137,6723
C01137,6611
C01137,262
C01141,156
C01141,157
C01143,10654
C01143,4597
C01144,1962
C01144,3028
C01144,3033
C01144,1892
C01144,3030
C01146,81888
C01149,217
C01149,219
C01149,223
C01149,224
C01149,501
C01152,84735
C01152,57571
C01153,248
C01153,249
C01153,250
C01153,251
C01153,51205
C01153,52
C01153,53
C01153,54
C01153,55
C01153,93650
C01157,283208
C01157,5033
C01157,8974
C01157,29920
C01157,5831
C01157,65263
C01157,58510
C01159,9562
C01159,441531
C01159,5223
C01159,5224
C01159,669
C01161,218
C01161,221
C01161,222
C01161,120356740
C01161,1312
C01161,220074
C01164,6309
C01164,1717
C01164,1718
C01165,5832
C01165,8659
C01165,4942
C01167,10461
C01167,114783
C01167,1436
C01167,1956
C01167,1969
C01167,2041
C01167,2042
C01167,2043
C01167,2044
C01167,2045
C01167,2046
C01167,2047
C01167,2048
C01167,2049
C01167,2050
C01167,2051
C01167,2064
C01167,2065
C01167,2066
C01167,2260
C01167,2261
C01167,2263
C01167,2264
C01167,22853
C01167,2321
C01167,2322
C01167,2324
C01167,238
C01167,284656
C01167,285220
C01167,3480
C01167,3643
C01167,3645
C01167,3791
C01167,3815
C01167,4058
C01167,4233
C01167,4486
C01167,4593
C01167,4914
C01167,4915
C01167,4916
C01167,4919
C01167,4920
C01167,4921
C01167,5156
C01167,5159
C01167,558
C01167,5754
C01167,5979
C01167,6098
C01167,6259
C01167,7010
C01167,7075
C01167,7301
C01167,780
C01167,9625
C01167,10188
C01167,157285
C01167,2185
C01167,2241
C01167,2242
C01167,2268
C01167,2444
C01167,25
C01167,2534
C01167,27
C01167,3055
C01167,3702
C01167,3716
C01167,3717
C01167,3718
C01167,3932
C01167,4067
C01167,4145
C01167,55359
C01167,5747
C01167,5753
C01167,640
C01167,660
C01167,6714
C01167,6725
C01167,6850
C01167,695
C01167,7006
C01167,7294
C01167,7297
C01167,7525
C01167,7535
C01167,79834
C01167,8711
C01167,91461
C01167,10420
C01167,1195
C01167,1196
C01167,1198
C01167,1859
C01167,25778
C01167,57396
C01167,7016
C01167,7272
C01167,8444
C01167,8445
C01167,8798
C01167,9149
C01167,55872
C01167,5604
C01167,5605
C01167,5606
C01167,5607
C01167,5608
C01167,5609
C01167,6416
C01167,100528064
C01167,10076
C01167,1033
C01167,11072
C01167,11099
C01167,11122
C01167,11156
C01167,11221
C01167,11266
C01167,114971
C01167,128853
C01167,128854680
C01167,142679
C01167,145553
C01167,150290
C01167,168448
C01167,1843
C01167,1844
C01167,1845
C01167,1846
C01167,1847
C01167,1848
C01167,1849
C01167,1850
C01167,1852
C01167,2070
C01167,2138
C01167,2139
C01167,2140
C01167,25930
C01167,26095
C01167,26191
C01167,26469
C01167,283871
C01167,285193
C01167,338599
C01167,374462
C01167,51207
C01167,52
C01167,53347
C01167,54434
C01167,54935
C01167,54961
C01167,56940
C01167,5728
C01167,5770
C01167,5771
C01167,5774
C01167,5775
C01167,5777
C01167,5778
C01167,5780
C01167,5781
C01167,5782
C01167,5784
C01167,5786
C01167,5787
C01167,5788
C01167,5789
C01167,5791
C01167,5792
C01167,5793
C01167,5794
C01167,5795
C01167,5796
C01167,5797
C01167,5798
C01167,5799
C01167,5800
C01167,5801
C01167,5802
C01167,5803
C01167,63904
C01167,7803
C01167,78986
C01167,7957
C01167,8073
C01167,80824
C01167,8446
C01167,84867
C01167,84959
C01167,85464
C01167,8555
C01167,8556
C01167,8897
C01167,9110
C01167,92235
C01167,993
C01167,994
C01167,995
C01168,8226
C01171,5236
C01171,55276
C01172,2539
C01172,3098
C01172,3099
C01172,3101
C01172,80201
C01172,83440
C01172,2645
C01172,2821
C01176,3283
C01176,3284
C01176,1645
C01176,1589
C01176,1586
C01176,1584
C01176,1585
C01176,6715
C01176,6716
C01176,79644
C01177,3612
C01177,3613
C01177,4534
C01177,55613
C01177,64419
C01177,8776
C01177,8897
C01177,8898
C01177,9107
C01177,9108
C01177,9110
C01177,113026
C01177,23007
C01177,23236
C01177,51196
C01177,5330
C01177,5331
C01177,5332
C01177,5333
C01177,5335
C01177,5336
C01177,84812
C01177,89869
C01177,9651
C01177,54857
C01179,3242
C01179,84842
C01179,259307
C01179,137362
C01179,2805
C01179,2806
C01179,6898
C01179,4282
C01180,1487
C01180,1488
C01180,55256
C01180,259307
C01180,6898
C01181,8424
C01181,217
C01181,219
C01181,223
C01181,224
C01181,501
C01183,2326
C01183,2327
C01183,2328
C01183,2329
C01183,2330
C01185,23475
C01185,27231
C01185,54981
C01185,23057
C01185,349565
C01185,64802
C01185,100526794
C01185,22978
C01185,284958
C01185,30833
C01185,4907
C01185,55
C01185,56953
C01185,84618
C01185,93034
C01185,25961
C01185,83594
C01185,5167
C01185,5169
C01185,93100
C01188,11112
C01188,26275
C01189,50814
C01189,51478
C01189,79154
C01189,6307
C01189,6309
C01189,1718
C01189,10682
C01190,9331
C01190,9334
C01190,7357
C01190,2720
C01190,2629
C01190,57704
C01190,3938
C01194,5277
C01194,5289
C01194,200576
C01194,5286
C01194,5287
C01194,5288
C01194,5297
C01194,5298
C01194,55300
C01194,55361
C01194,10423
C01194,80821
C01194,4534
C01194,55613
C01194,64419
C01194,8776
C01194,8897
C01194,8898
C01194,9107
C01194,9108
C01194,9110
C01194,5728
C01194,113026
C01194,23007
C01194,23236
C01194,51196
C01194,5330
C01194,5331
C01194,5332
C01194,5333
C01194,5335
C01194,5336
C01194,84812
C01194,89869
C01194,9651
C01197,7299
C01200,54187
C01200,140838
C01201,141
C01204,64768
C01204,117283
C01204,51447
C01204,9807
C01204,23262
C01204,9677
C01204,9562
C01204,11163
C01204,11165
C01204,170685
C01204,440672
C01204,55190
C01205,64902
C01205,51733
C01209,54995
C01209,54898
C01209,60481
C01209,64834
C01209,6785
C01209,79071
C01209,79993
C01209,83401
C01209,27349
C01209,2194
C01211,5351
C01211,5352
C01211,8985
C01211,23127
C01211,79709
C01213,84693
C01213,4594
C01217,6470
C01217,6472
C01220,27124
C01220,3632
C01220,51763
C01220,3628
C01220,113026
C01220,23007
C01220,23236
C01220,51196
C01220,5330
C01220,5331
C01220,5332
C01220,5333
C01220,5335
C01220,5336
C01220,84812
C01220,89869
C01220,9651
C01222,7264
C01222,2762
C01225,54857
C01225,51573
C01227,3283
C01227,3284
C01227,340811
C01227,8644
C01227,100861540
C01227,107987478
C01227,107987479
C01227,11283
C01227,1543
C01227,1544
C01227,1545
C01227,1551
C01227,1553
C01227,1558
C01227,1562
C01227,1564
C01227,1565
C01227,1572
C01227,1573
C01227,1577
C01227,1579
C01227,1580
C01227,199974
C01227,260293
C01227,284541
C01227,29785
C01227,57834
C01227,64816
C01227,66002
C01227,1581
C01227,1586
C01227,6820
C01227,412
C01228,374659
C01228,58497
C01230,27235
C01231,283209
C01233,10434
C01233,10908
C01233,11313
C01233,1178
C01233,151056
C01233,23659
C01233,374569
C01233,375775
C01233,56261
C01233,81544
C01233,144110
C01233,255043
C01235,2717
C01236,2539
C01236,25796
C01236,9563
C01239,175
C01239,55768
C01240,1267
C01241,10400
C01242,2731
C01242,275
C01243,3705
C01243,27124
C01243,3632
C01243,51763
C01243,3628
C01243,3631
C01243,8821
C01244,4190
C01244,4191
C01245,3706
C01245,3707
C01245,80271
C01245,253430
C01245,27124
C01245,3632
C01245,51763
C01245,9562
C01245,113026
C01245,23007
C01245,23236
C01245,51196
C01245,5330
C01245,5331
C01245,5332
C01245,5333
C01245,5335
C01245,5336
C01245,84812
C01245,89869
C01245,9651
C01246,29880
C01252,51166
C01252,56267
C01252,883
C01256,5163
C01256,5164
C01256,5165
C01256,5166
C01256,54704
C01256,57546
C01259,55217
C01260,318
C01261,318
C01262,138199
C01262,84735
C01262,57571
C01272,3706
C01272,3707
C01272,80271
C01272,253430
C01272,3705
C01272,27124
C01272,3632
C01272,51763
C01272,9562
C01277,5286
C01277,5287
C01277,5288
C01277,5297
C01277,5298
C01277,55300
C01277,55361
C01277,138429
C01277,23396
C01277,8394
C01277,8395
C01277,3633
C01277,4952
C01277,56623
C01277,8867
C01277,8871
C01277,4534
C01277,55613
C01277,64419
C01277,8776
C01277,8897
C01277,8898
C01277,9107
C01277,9108
C01277,9110
C01277,113026
C01277,23007
C01277,23236
C01277,51196
C01277,5330
C01277,5331
C01277,5332
C01277,5333
C01277,5335
C01277,5336
C01277,84812
C01277,89869
C01277,9651
C01284,3705
C01284,253430
C01284,64768
C01288,5277
C01288,9487
C01290,84002
C01290,53947
C01290,9331
C01290,9334
C01290,2583
C01290,6480
C01290,84620
C01290,8869
C01290,9514
C01290,410
C01290,10825
C01290,129807
C01290,4758
C01290,4759
C01290,2717
C01290,2720
C01290,284004
C01290,3073
C01290,3074
C01293,5163
C01293,5164
C01293,5165
C01293,5166
C01293,54704
C01293,57546
C01301,1593
C01306,192134
C01308,10295
C01311,10690
C01312,5740
C01322,10314
C01322,119391
C01322,221357
C01322,25774
C01322,27306
C01322,2938
C01322,2939
C01322,2940
C01322,2941
C01322,2944
C01322,2946
C01322,2947
C01322,2948
C01322,2949
C01322,2950
C01322,2952
C01322,2953
C01322,373156
C01322,4257
C01322,4258
C01322,4259
C01322,653689
C01322,9446
C01326,10314
C01326,119391
C01326,221357
C01326,25774
C01326,27306
C01326,2938
C01326,2939
C01326,2940
C01326,2941
C01326,2944
C01326,2946
C01326,2947
C01326,2948
C01326,2949
C01326,2950
C01326,2952
C01326,2953
C01326,373156
C01326,4257
C01326,4258
C01326,4259
C01326,653689
C01326,9446
C01327,10314
C01327,119391
C01327,221357
C01327,25774
C01327,27306
C01327,2938
C01327,2939
C01327,2940
C01327,2941
C01327,2944
C01327,2946
C01327,2947
C01327,2948
C01327,2949
C01327,2950
C01327,2952
C01327,2953
C01327,373156
C01327,4257
C01327,4258
C01327,4259
C01327,653689
C01327,9446
C01335,10549
C01335,10935
C01335,25824
C01335,5052
C01335,7001
C01335,9588
C01335,100861540
C01335,107987478
C01335,107987479
C01335,11283
C01335,1543
C01335,1544
C01335,1545
C01335,1551
C01335,1553
C01335,1558
C01335,1562
C01335,1564
C01335,1565
C01335,1572
C01335,1573
C01335,1577
C01335,1579
C01335,1580
C01335,199974
C01335,260293
C01335,284541
C01335,29785
C01335,57834
C01335,64816
C01335,66002
C01335,10720
C01335,10941
C01335,54490
C01335,54575
C01335,54576
C01335,54577
C01335,54578
C01335,54579
C01335,54600
C01335,54657
C01335,54658
C01335,54659
C01335,574537
C01335,7363
C01335,7364
C01335,7365
C01335,7366
C01335,7367
C01335,79799
C01335,57733
C01335,4126
C01336,56267
C01336,883
C01344,10201
C01344,221264
C01344,29922
C01344,4830
C01344,4831
C01344,4832
C01344,4833
C01344,654364
C01344,131870
C01345,10201
C01345,221264
C01345,29922
C01345,4830
C01345,4831
C01345,4832
C01345,4833
C01345,654364
C01345,3704
C01346,50484
C01346,6240
C01346,6241
C01346,10201
C01346,221264
C01346,29922
C01346,4830
C01346,4831
C01346,4832
C01346,4833
C01346,654364
C01346,1841
C01352,2820
C01352,79944
C01352,51
C01352,8310
C01352,35
C01352,3712
C01352,36
C01352,2639
C01352,34
C01352,33
C01352,37
C01352,645
C01353,11238
C01353,23632
C01353,377677
C01353,759
C01353,760
C01353,761
C01353,762
C01353,763
C01353,765
C01353,766
C01353,767
C01353,768
C01353,771
C01356,2879
C01356,8611
C01356,8612
C01356,8613
C01370,231
C01370,441282
C01370,57016
C01371,100861540
C01371,107987478
C01371,107987479
C01371,11283
C01371,1543
C01371,1544
C01371,1545
C01371,1551
C01371,1553
C01371,1558
C01371,1562
C01371,1564
C01371,1565
C01371,1572
C01371,1573
C01371,1577
C01371,1579
C01371,1580
C01371,199974
C01371,260293
C01371,284541
C01371,29785
C01371,57834
C01371,64816
C01371,66002
C01380,2053
C01380,79852
C01382,7173
C01392,150465
C01416,1066
C01416,124641
C01416,221223
C01416,23491
C01416,8824
C01419,102724197
C01419,124975
C01419,2678
C01419,2686
C01419,2687
C01419,51056
C01419,290
C01419,4817
C01419,494143
C01419,79094
C01432,11315
C01449,81890
C01450,124
C01450,125
C01450,126
C01450,127
C01450,128
C01450,130
C01450,131
C01450,873
C01450,874
C01490,56548
C01490,9469
C01490,113189
C01490,29940
C01490,92126
C01502,120356740
C01502,1312
C01502,220074
C01507,6652
C01516,100861540
C01516,107987478
C01516,107987479
C01516,11283
C01516,1543
C01516,1544
C01516,1545
C01516,1551
C01516,1553
C01516,1558
C01516,1562
C01516,1564
C01516,1565
C01516,1572
C01516,1573
C01516,1577
C01516,1579
C01516,1580
C01516,199974
C01516,260293
C01516,284541
C01516,29785
C01516,57834
C01516,64816
C01516,66002
C01516,10720
C01516,10941
C01516,54490
C01516,54575
C01516,54576
C01516,54577
C01516,54578
C01516,54579
C01516,54600
C01516,54657
C01516,54658
C01516,54659
C01516,574537
C01516,7363
C01516,7364
C01516,7365
C01516,7366
C01516,7367
C01516,79799
C01525,169714
C01525,2671
C01525,5768
C01528,10587
C01528,114112
C01528,7296
C01528,22928
C01528,22929
C01528,51540
C01530,10965
C01530,11332
C01530,117145
C01530,122970
C01530,153364
C01530,284486
C01530,570
C01530,641371
C01545,124
C01545,125
C01545,126
C01545,127
C01545,128
C01545,130
C01545,131
C01561,120227
C01561,1591
C01561,1594
C01563,790
C01571,55301
C01573,92715
C01573,89978
C01586,10249
C01594,57733
C01595,246
C01595,247
C01595,100861540
C01595,107987478
C01595,107987479
C01595,11283
C01595,1543
C01595,1544
C01595,1545
C01595,1551
C01595,1553
C01595,1558
C01595,1562
C01595,1564
C01595,1565
C01595,1572
C01595,1573
C01595,1577
C01595,1579
C01595,1580
C01595,199974
C01595,260293
C01595,284541
C01595,29785
C01595,57834
C01595,64816
C01595,66002
C01595,100137049
C01595,100652777
C01595,11145
C01595,123745
C01595,151056
C01595,255189
C01595,26279
C01595,283748
C01595,30814
C01595,391013
C01595,50487
C01595,5319
C01595,5320
C01595,5321
C01595,5322
C01595,54979
C01595,64600
C01595,81579
C01595,8398
C01595,8399
C01595,84647
C01595,8605
C01595,8681
C01595,10965
C01595,11332
C01595,117145
C01595,122970
C01595,153364
C01595,284486
C01595,570
C01595,641371
C01598,169355
C01598,3620
C01598,100861540
C01598,107987478
C01598,107987479
C01598,11283
C01598,1543
C01598,1544
C01598,1545
C01598,1551
C01598,1553
C01598,1558
C01598,1562
C01598,1564
C01598,1565
C01598,1572
C01598,1573
C01598,1577
C01598,1579
C01598,1580
C01598,199974
C01598,260293
C01598,284541
C01598,29785
C01598,57834
C01598,64816
C01598,66002
C01598,438
C01609,10000
C01609,100130827
C01609,100526835
C01609,100533105
C01609,10110
C01609,10114
C01609,10188
C01609,102724428
C01609,102800317
C01609,10290
C01609,10298
C01609,10494
C01609,10595
C01609,106821730
C01609,11011
C01609,11035
C01609,11040
C01609,1111
C01609,11183
C01609,11184
C01609,11200
C01609,11213
C01609,112858
C01609,11329
C01609,120892
C01609,122011
C01609,124923
C01609,127933
C01609,138474
C01609,140469
C01609,140803
C01609,140901
C01609,1452
C01609,1453
C01609,1454
C01609,1455
C01609,1456
C01609,1457
C01609,1459
C01609,147746
C01609,149420
C01609,150094
C01609,152110
C01609,1612
C01609,1613
C01609,166614
C01609,167359
C01609,1760
C01609,197259
C01609,2011
C01609,202374
C01609,203447
C01609,204851
C01609,207
C01609,208
C01609,2081
C01609,22848
C01609,23012
C01609,23043
C01609,23049
C01609,23178
C01609,23235
C01609,23387
C01609,23604
C01609,23617
C01609,23678
C01609,2475
C01609,255239
C01609,2580
C01609,25989
C01609,26524
C01609,26576
C01609,27102
C01609,27148
C01609,27330
C01609,27347
C01609,282974
C01609,283106
C01609,283455
C01609,283629
C01609,284086
C01609,2872
C01609,28996
C01609,30811
C01609,30849
C01609,341676
C01609,3611
C01609,3654
C01609,3656
C01609,369
C01609,388228
C01609,3984
C01609,3985
C01609,4139
C01609,4140
C01609,415116
C01609,4261
C01609,4342
C01609,440275
C01609,472
C01609,4750
C01609,4751
C01609,4752
C01609,494551
C01609,50488
C01609,5058
C01609,5062
C01609,5063
C01609,51086
C01609,51135
C01609,51231
C01609,51347
C01609,5170
C01609,51765
C01609,5292
C01609,53904
C01609,53944
C01609,54101
C01609,545
C01609,54822
C01609,54861
C01609,54986
C01609,55351
C01609,55561
C01609,55589
C01609,55781
C01609,5591
C01609,5610
C01609,56164
C01609,5681
C01609,56924
C01609,56975
C01609,57144
C01609,57551
C01609,57787
C01609,5871
C01609,5894
C01609,613
C01609,6195
C01609,6196
C01609,6197
C01609,6198
C01609,6199
C01609,6446
C01609,646643
C01609,65018
C01609,65125
C01609,65266
C01609,65267
C01609,65268
C01609,65975
C01609,673
C01609,6732
C01609,6733
C01609,6787
C01609,6790
C01609,6793
C01609,6794
C01609,6795
C01609,6872
C01609,699
C01609,701
C01609,7204
C01609,7273
C01609,7443
C01609,7444
C01609,7465
C01609,7867
C01609,79705
C01609,79858
C01609,81629
C01609,81788
C01609,8317
C01609,83732
C01609,83903
C01609,83931
C01609,83942
C01609,83983
C01609,84033
C01609,8408
C01609,8428
C01609,84446
C01609,8476
C01609,8491
C01609,85443
C01609,85481
C01609,8550
C01609,8569
C01609,8573
C01609,8576
C01609,8737
C01609,8767
C01609,8780
C01609,8859
C01609,8899
C01609,8986
C01609,8997
C01609,9024
C01609,9088
C01609,9113
C01609,9201
C01609,9212
C01609,9252
C01609,9261
C01609,9262
C01609,9263
C01609,9344
C01609,9448
C01609,9451
C01609,9578
C01609,9706
C01609,9730
C01609,9748
C01609,9833
C01609,9874
C01609,9891
C01609,9943
C01612,124
C01612,125
C01612,126
C01612,127
C01612,128
C01612,130
C01612,131
C01612,873
C01612,874
C01613,2717
C01628,154807
C01628,79001
C01628,1728
C01629,137695
C01629,346606
C01629,84649
C01629,8694
C01629,158833
C01629,158835
C01635,16
C01635,57505
C01636,11101
C01636,57038
C01636,5917
C01637,4677
C01637,79731
C01638,1615
C01638,55157
C01639,79587
C01639,833
C01640,5859
C01641,124454
C01641,2058
C01642,2617
C01643,23438
C01643,3035
C01644,3376
C01644,55699
C01645,23395
C01645,51520
C01646,3735
C01647,4141
C01647,92935
C01648,10056
C01648,10667
C01648,2193
C01649,2058
C01649,25973
C01650,54938
C01650,6301
C01651,123283
C01651,6897
C01651,80222
C01652,10352
C01652,7453
C01653,57176
C01653,7407
C01656,5019
C01656,64064
C01664,116179
C01664,2162
C01664,343641
C01664,7047
C01664,7051
C01664,7052
C01664,7053
C01664,9333
C01672,314
C01672,8639
C01672,6723
C01673,1591
C01673,1594
C01674,1118
C01674,27159
C01674,284004
C01674,3073
C01674,3074
C01678,84890
C01678,8875
C01678,8876
C01693,1638
C01697,231
C01697,441282
C01697,57016
C01702,2992
C01702,8908
C01717,51166
C01717,56267
C01717,883
C01720,55556
C01724,1595
C01724,1718
C01724,4047
C01736,144811
C01736,4860
C01747,7368
C01747,2581
C01755,4357
C01755,7263
C01756,7172
C01762,144811
C01762,4860
C01762,100526794
C01762,22978
C01762,284958
C01762,30833
C01762,4907
C01762,55
C01762,56953
C01762,84618
C01762,93034
C01764,79979
C01777,590
C01779,1576
C01779,1573
C01780,1584
C01780,1585
C01780,6718
C01792,1109
C01794,6342
C01794,570
C01794,10005
C01794,10998
C01801,64080
C01802,1718
C01825,51171
C01829,7173
C01829,1735
C01829,1733
C01829,1734
C01832,51102
C01832,55825
C01832,51
C01832,8310
C01832,34
C01832,33
C01832,10449
C01832,30
C01832,3032
C01867,146057
C01867,2931
C01867,2932
C01867,84630
C01876,50814
C01876,1646
C01876,340811
C01876,8644
C01876,51478
C01876,79154
C01876,1109
C01876,1645
C01877,56898
C01879,26873
C01879,494143
C01879,79094
C01879,87769
C01879,79017
C01880,9104
C01885,116255
C01885,137695
C01885,346606
C01885,80168
C01885,55750
C01885,11343
C01885,26090
C01885,57406
C01885,7920
C01885,1056
C01885,119548
C01885,13
C01885,3990
C01885,5406
C01885,5407
C01885,5408
C01885,57104
C01885,80339
C01885,8513
C01885,9388
C01885,3991
C01885,51205
C01885,52
C01885,53
C01885,54
C01885,55
C01885,93650
C01888,314
C01888,8639
C01888,4128
C01888,4129
C01898,57733
C01921,570
C01931,3735
C01935,276
C01935,277
C01935,278
C01935,279
C01935,280
C01943,1595
C01944,51102
C01944,55825
C01944,51
C01944,8310
C01944,34
C01944,33
C01944,54677
C01944,10449
C01944,30
C01944,3032
C01953,3283
C01953,3284
C01953,1589
C01953,1586
C01953,9420
C01953,1583
C01953,6822
C01953,6820
C01953,412
C01958,3931
C01958,1056
C01958,3988
C01959,2628
C01962,1491
C01962,56267
C01962,883
C01967,51805
C01972,63935
C01977,57570
C01977,4234
C01977,6894
C01977,81890
C01978,81890
C01985,3290
C01985,374875
C01996,1103
C01996,43
C01996,590
C01997,22933
C01997,23408
C01997,23409
C01997,23410
C01997,23411
C01997,51547
C01997,51548
C01997,10524
C01997,10724
C01997,11143
C01997,124359
C01997,138474
C01997,1387
C01997,2033
C01997,203611
C01997,23522
C01997,253175
C01997,2648
C01997,6872
C01997,7994
C01997,8202
C01997,84148
C01997,8520
C01997,8648
C01997,8850
C01997,8888
C01997,9085
C01997,9329
C01997,9425
C01997,9426
C01997,9575
C02000,6820
C02028,56954
C02031,8731
C02031,8732
C02038,4836
C02038,9397
C02041,10965
C02041,11332
C02041,117145
C02041,122970
C02041,153364
C02041,284486
C02041,570
C02041,641371
C02047,23395
C02047,51520
C02050,9415
C02050,10965
C02050,11332
C02050,117145
C02050,122970
C02050,153364
C02050,284486
C02050,570
C02050,641371
C02051,2731
C02051,1738
C02055,10249
C02055,219970
C02059,4051
C02059,57834
C02059,8529
C02059,154807
C02059,79001
C02059,1728
C02060,5264
C02067,8226
C02075,9227
C02075,158835
C02075,8694
C02075,6121
C02076,23729
C02076,3795
C02090,50484
C02090,6240
C02090,6241
C02094,53630
C02094,83875
C02097,2582
C02100,8732
C02110,5959
C02112,116255
C02112,137695
C02112,346606
C02112,80168
C02112,55750
C02112,11343
C02112,26090
C02112,57406
C02112,7920
C02112,1056
C02112,119548
C02112,13
C02112,3990
C02112,5406
C02112,5407
C02112,5408
C02112,57104
C02112,80339
C02112,8513
C02112,9388
C02119,81889
C02128,10978
C02128,11284
C02128,3978
C02128,3980
C02128,3981
C02133,97
C02133,98
C02135,59272
C02140,3290
C02140,374875
C02140,1589
C02140,1584
C02140,1585
C02140,6718
C02141,51478
C02141,79154
C02143,51171
C02163,11101
C02163,57038
C02163,5917
C02165,4051
C02165,8529
C02165,145482
C02165,22949
C02165,284273
C02165,4048
C02166,102724197
C02166,124975
C02166,2678
C02166,2686
C02166,2687
C02166,4056
C02167,2954
C02170,217
C02170,219
C02170,223
C02170,224
C02170,501
C02170,316
C02179,5066
C02188,22992
C02188,84678
C02188,5351
C02188,5352
C02188,8985
C02188,100137047
C02188,23133
C02188,51780
C02188,55806
C02188,55818
C02188,80853
C02188,10765
C02188,5927
C02188,79697
C02188,8242
C02188,8284
C02188,221656
C02188,23028
C02188,4015
C02188,11105
C02188,150572
C02188,23067
C02188,4297
C02188,55870
C02188,55904
C02188,56950
C02188,56979
C02188,58508
C02188,64754
C02188,8085
C02188,9739
C02188,9757
C02188,107303344
C02188,10919
C02188,6839
C02188,7799
C02188,79723
C02188,79813
C02188,83852
C02188,2145
C02188,2146
C02188,6419
C02188,64324
C02188,7468
C02188,29072
C02188,84444
C02188,387893
C02188,93166
C02188,54093
C02188,80854
C02188,2122
C02188,63976
C02188,54904
C02188,79823
C02188,22933
C02188,23408
C02188,23409
C02188,23410
C02188,23411
C02188,51547
C02188,51548
C02188,25864
C02188,84836
C02188,11315
C02189,10585
C02189,29954
C02189,54916
C02189,170384
C02189,23275
C02189,23509
C02189,84750
C02189,285203
C02189,8473
C02189,56983
C02189,100528030
C02189,11226
C02189,11227
C02189,114805
C02189,117248
C02189,168391
C02189,2589
C02189,2590
C02189,2591
C02189,26290
C02189,374378
C02189,442117
C02189,50614
C02189,51809
C02189,55568
C02189,57452
C02189,63917
C02189,64409
C02189,79623
C02189,79695
C02189,8693
C02189,64131
C02189,64132
C02189,11113
C02189,91754
C02189,6093
C02189,9475
C02189,10724
C02191,5498
C02191,2235
C02198,6916
C02211,51095
C02218,7173
C02218,10993
C02218,113675
C02220,64577
C02232,1962
C02232,3028
C02232,3033
C02232,10449
C02232,30
C02232,3032
C02237,80017
C02248,3052
C02249,3992
C02249,10965
C02249,11332
C02249,117145
C02249,122970
C02249,153364
C02249,284486
C02249,570
C02249,641371
C02266,27294
C02269,51020
C02282,5859
C02282,283459
C02282,5188
C02282,55278
C02288,51060
C02291,102724560
C02291,875
C02291,1491
C02291,56267
C02291,883
C02297,112483
C02297,6303
C02303,5066
C02305,1152
C02305,1158
C02305,1159
C02305,1160
C02305,548596
C02307,5260
C02307,5261
C02308,5260
C02308,5261
C02315,158046
C02315,64359
C02315,51060
C02318,169714
C02318,2671
C02318,5768
C02320,102724197
C02320,124975
C02320,2678
C02320,2686
C02320,2687
C02320,10314
C02320,119391
C02320,221357
C02320,25774
C02320,27306
C02320,2938
C02320,2939
C02320,2940
C02320,2941
C02320,2944
C02320,2946
C02320,2947
C02320,2948
C02320,2949
C02320,2950
C02320,2952
C02320,2953
C02320,373156
C02320,4257
C02320,4258
C02320,4259
C02320,653689
C02320,9446
C02325,137902
C02325,4025
C02325,7837
C02325,8288
C02325,9588
C02336,3098
C02336,3099
C02336,3101
C02336,80201
C02336,2548
C02336,2595
C02336,8972
C02336,93432
C02336,6476
C02339,8731
C02339,23070
C02339,131870
C02339,167227
C02350,646625
C02351,7299
C02356,586
C02356,587
C02356,189
C02356,64902
C02356,2729
C02362,56954
C02373,1583
C02374,10978
C02374,11284
C02380,7498
C02380,7172
C02380,3251
C02385,135293
C02391,1066
C02391,124641
C02391,221223
C02391,23491
C02391,8824
C02411,2639
C02412,2617
C02415,22933
C02415,23408
C02415,23409
C02415,23410
C02415,23411
C02415,51547
C02415,51548
C02415,10524
C02415,10724
C02415,11143
C02415,124359
C02415,138474
C02415,1387
C02415,2033
C02415,203611
C02415,23522
C02415,253175
C02415,2648
C02415,6872
C02415,7994
C02415,8202
C02415,84148
C02415,8520
C02415,8648
C02415,8850
C02415,8888
C02415,9085
C02415,9329
C02415,9425
C02415,9426
C02415,9575
C02430,123263
C02430,4141
C02430,92935
C02434,158833
C02434,158835
C02434,84649
C02434,8694
C02436,11185
C02452,1557
C02452,1559
C02456,131890
C02456,6011
C02465,7173
C02465,1733
C02465,1734
C02470,51166
C02470,56267
C02470,883
C02475,2517
C02475,2519
C02478,4126
C02492,4126
C02506,1589
C02512,102724197
C02512,124975
C02512,2678
C02512,2686
C02512,2687
C02514,81889
C02514,2954
C02515,7173
C02515,389434
C02520,100526794
C02520,22978
C02520,284958
C02520,30833
C02520,4907
C02520,55
C02520,56953
C02520,84618
C02520,93034
C02528,1582
C02528,10005
C02528,570
C02528,10998
C02530,6646
C02530,8435
C02530,1056
C02530,3988
C02532,5723
C02534,5444
C02534,5445
C02534,5446
C02535,11185
C02538,6783
C02553,54938
C02553,6301
C02554,57176
C02554,7407
C02557,23417
C02567,196743
C02571,1384
C02576,217
C02576,219
C02576,223
C02576,224
C02576,501
C02582,158046
C02582,64359
C02582,51060
C02583,29104
C02583,51409
C02583,116179
C02583,2162
C02583,343641
C02583,7047
C02583,7051
C02583,7052
C02583,7053
C02583,9333
C02588,158835
C02588,8694
C02592,6822
C02593,51102
C02593,55825
C02593,51
C02593,8310
C02593,34
C02593,33
C02593,37
C02593,10449
C02593,30
C02593,3032
C02593,4836
C02593,9397
C02630,26227
C02630,79944
C02642,51733
C02642,1807
C02646,137902
C02646,4025
C02646,7837
C02646,8288
C02646,9588
C02659,57733
C02670,217
C02670,219
C02670,223
C02670,224
C02670,501
C02679,55301
C02686,7368
C02686,9514
C02686,410
C02686,10825
C02686,129807
C02686,4758
C02686,4759
C02686,2717
C02686,2581
C02686,3938
C02687,2992
C02687,8908
C02700,6999
C02700,169355
C02700,3620
C02700,125061
C02700,8942
C02702,2058
C02702,25973
C02714,4128
C02714,4129
C02714,112483
C02714,6303
C02715,443
C02716,100287520
C02716,92292
C02723,314
C02723,8639
C02723,26
C02729,10000
C02729,100130827
C02729,100526835
C02729,100533105
C02729,10110
C02729,10114
C02729,10188
C02729,102724428
C02729,102800317
C02729,10290
C02729,10298
C02729,10494
C02729,10595
C02729,106821730
C02729,11011
C02729,11035
C02729,11040
C02729,1111
C02729,11183
C02729,11184
C02729,11200
C02729,11213
C02729,112858
C02729,11329
C02729,120892
C02729,122011
C02729,124923
C02729,127933
C02729,138474
C02729,140469
C02729,140803
C02729,140901
C02729,1452
C02729,1453
C02729,1454
C02729,1455
C02729,1456
C02729,1457
C02729,1459
C02729,147746
C02729,149420
C02729,150094
C02729,152110
C02729,1612
C02729,1613
C02729,166614
C02729,167359
C02729,1760
C02729,197259
C02729,2011
C02729,202374
C02729,203447
C02729,204851
C02729,207
C02729,208
C02729,2081
C02729,22848
C02729,23012
C02729,23043
C02729,23049
C02729,23178
C02729,23235
C02729,23387
C02729,23604
C02729,23617
C02729,23678
C02729,2475
C02729,255239
C02729,2580
C02729,25989
C02729,26524
C02729,26576
C02729,27102
C02729,27148
C02729,27330
C02729,27347
C02729,282974
C02729,283106
C02729,283455
C02729,283629
C02729,284086
C02729,2872
C02729,28996
C02729,30811
C02729,30849
C02729,341676
C02729,3611
C02729,3654
C02729,3656
C02729,369
C02729,388228
C02729,3984
C02729,3985
C02729,4139
C02729,4140
C02729,415116
C02729,4261
C02729,4342
C02729,440275
C02729,472
C02729,4750
C02729,4751
C02729,4752
C02729,494551
C02729,50488
C02729,5058
C02729,5062
C02729,5063
C02729,51086
C02729,51135
C02729,51231
C02729,51347
C02729,5170
C02729,51765
C02729,5292
C02729,53904
C02729,53944
C02729,54101
C02729,545
C02729,54822
C02729,54861
C02729,54986
C02729,55351
C02729,55561
C02729,55589
C02729,55781
C02729,5591
C02729,5610
C02729,56164
C02729,5681
C02729,56924
C02729,56975
C02729,57144
C02729,57551
C02729,57787
C02729,5871
C02729,5894
C02729,613
C02729,6195
C02729,6196
C02729,6197
C02729,6198
C02729,6199
C02729,6446
C02729,646643
C02729,65018
C02729,65125
C02729,65266
C02729,65267
C02729,65268
C02729,65975
C02729,673
C02729,6732
C02729,6733
C02729,6787
C02729,6790
C02729,6793
C02729,6794
C02729,6795
C02729,6872
C02729,699
C02729,701
C02729,7204
C02729,7273
C02729,7443
C02729,7444
C02729,7465
C02729,7867
C02729,79705
C02729,79858
C02729,81629
C02729,81788
C02729,8317
C02729,83732
C02729,83903
C02729,83931
C02729,83942
C02729,83983
C02729,84033
C02729,8408
C02729,8428
C02729,84446
C02729,8476
C02729,8491
C02729,85443
C02729,85481
C02729,8550
C02729,8569
C02729,8573
C02729,8576
C02729,8737
C02729,8767
C02729,8780
C02729,8859
C02729,8899
C02729,8986
C02729,8997
C02729,9024
C02729,9088
C02729,9113
C02729,9201
C02729,9212
C02729,9252
C02729,9261
C02729,9262
C02729,9263
C02729,9344
C02729,9448
C02729,9451
C02729,9578
C02729,9706
C02729,9730
C02729,9748
C02729,9833
C02729,9874
C02729,9891
C02729,9943
C02732,147991
C02732,23333
C02732,283417
C02732,286148
C02735,5409
C02737,81490
C02737,51365
C02737,11145
C02737,54979
C02737,23761
C02743,4255
C02743,131540
C02743,158866
C02743,23390
C02743,253832
C02743,254359
C02743,254887
C02743,25921
C02743,283576
C02743,29800
C02743,29801
C02743,340481
C02743,51114
C02743,51201
C02743,51304
C02743,54503
C02743,55146
C02743,55625
C02743,64429
C02743,653082
C02743,79683
C02743,79844
C02743,84243
C02743,84287
C02743,84885
C02743,4357
C02743,7263
C02743,9054
C02743,127018
C02743,51104
C02743,5538
C02743,58489
C02743,81926
C02743,9374
C02743,11315
C02749,91703
C02749,56267
C02749,883
C02763,4282
C02764,80324
C02773,392636
C02797,6718
C02805,25797
C02805,54814
C02809,1576
C02809,1573
C02816,79823
C02817,1109
C02823,25974
C02835,217
C02835,219
C02835,223
C02835,224
C02835,501
C02838,54677
C02839,51067
C02839,8565
C02843,55711
C02843,84188
C02843,9524
C02843,137695
C02843,346606
C02843,84649
C02843,8694
C02843,6646
C02843,8435
C02843,158833
C02843,158835
C02843,10965
C02843,11332
C02843,117145
C02843,122970
C02843,153364
C02843,284486
C02843,570
C02843,641371
C02843,11001
C02843,2180
C02843,2181
C02843,2182
C02843,23205
C02843,23305
C02843,51703
C02843,81616
C02846,2326
C02846,2327
C02846,2328
C02846,2329
C02846,2330
C02850,100526760
C02850,95
C02863,10585
C02863,29954
C02863,54916
C02871,444
C02871,55768
C02872,89978
C02882,56267
C02882,883
C02900,2523
C02900,2524
C02905,79712
C02909,124
C02909,125
C02909,126
C02909,127
C02909,128
C02909,130
C02909,131
C02918,316
C02918,4837
C02929,3029
C02934,2531
C02934,10558
C02934,55304
C02934,9517
C02939,3712
C02939,34
C02939,1629
C02940,6715
C02940,6716
C02940,79644
C02944,10455
C02944,1632
C02944,1962
C02945,51478
C02945,79154
C02946,217
C02946,219
C02946,223
C02946,224
C02946,501
C02953,6697
C02953,873
C02953,874
C02953,1719
C02953,200895
C02960,64781
C02960,8611
C02960,8612
C02960,8613
C02962,22934
C02965,3098
C02965,3099
C02965,3101
C02965,80201
C02967,200424
C02967,54790
C02967,80312
C02967,1786
C02967,1788
C02967,1789
C02972,1738
C02972,275
C02972,11019
C02984,1615
C02984,55157
C02985,197258
C02985,8790
C02986,25797
C02986,54814
C02986,55093
C02987,124454
C02987,2058
C02988,23438
C02988,3035
C02990,126129
C02990,1374
C02990,1375
C02990,1376
C02992,123283
C02992,6897
C02992,80222
C02997,375607
C03000,5973
C03012,1645
C03012,27294
C03021,201595
C03021,3703
C03022,11240
C03022,23569
C03022,29943
C03022,353238
C03022,51702
C03023,4482
C03023,22921
C03023,253827
C03023,51734
C03024,100861540
C03024,107987478
C03024,107987479
C03024,11283
C03024,1543
C03024,1544
C03024,1545
C03024,1551
C03024,1553
C03024,1558
C03024,1562
C03024,1564
C03024,1565
C03024,1572
C03024,1573
C03024,1577
C03024,1579
C03024,1580
C03024,199974
C03024,260293
C03024,284541
C03024,29785
C03024,57834
C03024,64816
C03024,66002
C03024,1582
C03024,1588
C03024,1595
C03024,1589
C03024,6713
C03024,126410
C03024,3162
C03024,3163
C03024,1586
C03024,1581
C03024,120227
C03024,10858
C03024,51302
C03024,9420
C03024,1557
C03024,1559
C03024,1576
C03024,4051
C03024,8529
C03024,285440
C03024,113612
C03024,5447
C03024,326625
C03028,102157402
C03028,122481
C03028,158067
C03028,203
C03028,204
C03028,205
C03028,221264
C03028,26289
C03028,79178
C03033,10720
C03033,10941
C03033,54490
C03033,54575
C03033,54576
C03033,54577
C03033,54578
C03033,54579
C03033,54600
C03033,54657
C03033,54658
C03033,54659
C03033,574537
C03033,7363
C03033,7364
C03033,7365
C03033,7366
C03033,7367
C03033,79799
C03033,2990
C03033,9365
C03035,9415
C03035,10965
C03035,11332
C03035,117145
C03035,122970
C03035,153364
C03035,284486
C03035,570
C03035,641371
C03065,79814
C03069,3712
C03069,34
C03069,10449
C03069,30
C03069,3032
C03069,1892
C03069,1962
C03069,3030
C03069,56922
C03069,64087
C03072,1646
C03072,340811
C03072,8644
C03072,1109
C03072,1645
C03081,8824
C03090,5471
C03090,2618
C03091,6718
C03108,2629
C03108,57704
C03121,2822
C03125,79587
C03125,833
C03127,3376
C03127,55699
C03129,8540
C03150,4835
C03150,144811
C03150,4860
C03150,27231
C03150,54981
C03150,100526794
C03150,22978
C03150,284958
C03150,30833
C03150,4907
C03150,55
C03150,56953
C03150,84618
C03150,93034
C03157,146057
C03157,2931
C03157,2932
C03157,84630
C03161,100861540
C03161,107987478
C03161,107987479
C03161,11283
C03161,1543
C03161,1544
C03161,1545
C03161,1551
C03161,1553
C03161,1558
C03161,1562
C03161,1564
C03161,1565
C03161,1572
C03161,1573
C03161,1577
C03161,1579
C03161,1580
C03161,199974
C03161,260293
C03161,284541
C03161,29785
C03161,57834
C03161,64816
C03161,66002
C03161,1582
C03161,1588
C03161,1595
C03161,1589
C03161,6713
C03161,126410
C03161,3162
C03161,3163
C03161,1586
C03161,1581
C03161,120227
C03161,10858
C03161,51302
C03161,9420
C03161,1557
C03161,1559
C03161,1576
C03161,4051
C03161,8529
C03161,285440
C03161,113612
C03161,5447
C03161,326625
C03170,50484
C03170,6240
C03170,6241
C03172,23743
C03193,102724197
C03193,124975
C03193,2678
C03193,2686
C03193,2687
C03196,79944
C03197,137872
C03198,84842
C03201,7368
C03201,10390
C03201,85465
C03201,56994
C03201,196051
C03201,23175
C03201,64900
C03201,84513
C03201,8611
C03201,8612
C03201,8613
C03201,9663
C03205,3283
C03205,3284
C03205,1589
C03205,1584
C03205,1585
C03205,6715
C03205,6716
C03205,79644
C03221,51102
C03221,55825
C03221,51
C03221,8310
C03221,34
C03221,33
C03221,1892
C03221,1962
C03221,3030
C03221,10455
C03221,1632
C03226,51805
C03227,8564
C03227,51166
C03227,56267
C03227,883
C03227,8942
C03231,549
C03231,56922
C03231,64087
C03232,26227
C03232,29968
C03238,6715
C03238,6716
C03238,79644
C03242,10965
C03242,11332
C03242,117145
C03242,122970
C03242,153364
C03242,284486
C03242,570
C03242,641371
C03245,10038
C03245,142
C03245,80351
C03245,8658
C03254,5444
C03254,5445
C03254,5446
C03263,5498
C03263,1371
C03263,7389
C03272,8706
C03272,26301
C03272,4668
C03272,284004
C03272,3073
C03272,3074
C03284,18
C03287,5832
C03294,123263
C03303,5066
C03306,5110
C03313,1728
C03313,2677
C03318,79969
C03336,1586
C03344,3028
C03344,1962
C03344,3033
C03344,10449
C03344,30
C03344,3032
C03344,38
C03344,39
C03345,35
C03345,36
C03345,34
C03345,1892
C03345,1962
C03345,3030
C03356,2023
C03356,2026
C03356,2027
C03356,387712
C03360,248
C03360,249
C03360,250
C03360,251
C03360,51205
C03360,52
C03360,53
C03360,54
C03360,55
C03360,93650
C03363,102724197
C03363,124975
C03363,2678
C03363,2686
C03363,2687
C03366,123688
C03366,85007
C03372,8443
C03372,8540
C03373,10606
C03373,2618
C03391,54784
C03391,8846
C03391,64863
C03402,4677
C03402,79731
C03402,283459
C03402,5188
C03402,55278
C03405,2583
C03405,9514
C03405,410
C03405,284004
C03405,3073
C03405,3074
C03406,435
C03406,445
C03410,55907
C03418,1267
C03428,2222
C03440,1610
C03446,79979
C03451,3029
C03451,2739
C03454,10390
C03454,85465
C03455,9227
C03455,158835
C03455,8694
C03460,35
C03460,36
C03460,34
C03460,1892
C03460,1962
C03460,3030
C03461,217
C03461,219
C03461,223
C03461,224
C03461,501
C03461,51449
C03461,78991
C03463,11284
C03479,275
C03479,10841
C03479,100528021
C03479,10588
C03492,53354
C03492,79646
C03492,80025
C03492,79717
C03508,23464
C03511,10056
C03511,10667
C03511,2193
C03512,10352
C03512,7453
C03518,8707
C03518,8708
C03523,138428
C03523,3396
C03523,391356
C03523,51651
C03531,4015
C03541,8836
C03541,2356
C03546,3612
C03546,3613
C03546,3628
C03547,126410
C03547,113612
C03557,5833
C03564,1610
C03564,112849
C03588,6715
C03588,6716
C03588,79644
C03594,80270
C03594,1581
C03595,9415
C03595,3992
C03595,10965
C03595,11332
C03595,117145
C03595,122970
C03595,153364
C03595,284486
C03595,570
C03595,641371
C03617,64146
C03626,23564
C03626,23576
C03633,10105
C03633,10283
C03633,10450
C03633,10465
C03633,105371242
C03633,107984349
C03633,11328
C03633,2280
C03633,2281
C03633,2286
C03633,2287
C03633,2288
C03633,2289
C03633,23398
C03633,23759
C03633,23770
C03633,285755
C03633,390956
C03633,51303
C03633,51645
C03633,51661
C03633,5300
C03633,5303
C03633,53938
C03633,5478
C03633,5479
C03633,5480
C03633,5481
C03633,55033
C03633,60681
C03633,642489
C03633,644591
C03633,645142
C03633,653505
C03633,653598
C03633,728945
C03633,730262
C03633,8468
C03633,85313
C03633,9360
C03636,116179
C03636,2162
C03636,343641
C03636,7047
C03636,7051
C03636,7052
C03636,7053
C03636,9333
C03638,8634
C03642,6822
C03658,392636
C03680,7498
C03680,144193
C03680,131669
C03681,1645
C03681,1646
C03681,340811
C03681,8644
C03681,1586
C03681,6715
C03681,6716
C03681,79644
C03684,6697
C03684,873
C03684,874
C03684,231
C03684,441282
C03684,57016
C03684,1646
C03684,340811
C03684,8644
C03684,5805
C03687,112483
C03687,6303
C03691,55907
C03692,2717
C03706,79158
C03708,54414
C03711,5409
C03715,8540
C03721,8459
C03721,8460
C03722,23475
C03723,50484
C03723,6240
C03723,6241
C03735,5236
C03735,55276
C03740,102724197
C03740,124975
C03740,2678
C03740,2686
C03740,2687
C03740,79017
C03742,57733
C03758,1621
C03758,7299
C03758,314
C03758,8639
C03758,4128
C03758,4129
C03758,120356740
C03758,1312
C03758,220074
C03758,1644
C03761,79783
C03765,218
C03765,221
C03765,222
C03765,314
C03765,8639
C03765,4128
C03765,4129
C03771,1610
C03772,1109
C03772,6718
C03785,5211
C03785,5213
C03785,5214
C03793,55217
C03794,158
C03794,122622
C03794,159
C03798,10105
C03798,10283
C03798,10450
C03798,10465
C03798,105371242
C03798,107984349
C03798,11328
C03798,2280
C03798,2281
C03798,2286
C03798,2287
C03798,2288
C03798,2289
C03798,23398
C03798,23759
C03798,23770
C03798,285755
C03798,390956
C03798,51303
C03798,51645
C03798,51661
C03798,5300
C03798,5303
C03798,53938
C03798,5478
C03798,5479
C03798,5480
C03798,5481
C03798,55033
C03798,60681
C03798,642489
C03798,644591
C03798,645142
C03798,653505
C03798,653598
C03798,728945
C03798,730262
C03798,8468
C03798,85313
C03798,9360
C03800,4255
C03820,10390
C03820,56994
C03823,7368
C03824,64577
C03824,130013
C03827,55556
C03836,3283
C03836,3284
C03837,8824
C03838,2618
C03845,1718
C03845,10682
C03849,55750
C03852,3294
C03852,7923
C03852,8630
C03852,1109
C03852,1645
C03852,1646
C03852,340811
C03852,8644
C03852,3293
C03862,10585
C03862,29954
C03862,54916
C03862,147991
C03862,23333
C03862,283417
C03862,286148
C03862,8813
C03875,340156
C03875,4638
C03875,85366
C03875,91807
C03880,138428
C03880,3396
C03880,391356
C03880,51651
C03881,4836
C03881,9397
C03885,27235
C03889,9227
C03892,9489
C03895,4482
C03899,3029
C03901,1428
C03912,8659
C03912,29920
C03912,5831
C03912,65263
C03912,5625
C03917,3294
C03917,7923
C03917,8630
C03917,1109
C03917,1645
C03917,1646
C03917,340811
C03917,8644
C03917,3293
C03917,6715
C03917,6716
C03917,79644
C03939,54995
C03939,2194
C03941,79823
C03957,444
C03959,1022
C03959,1024
C03959,1025
C03959,23097
C03959,51755
C03959,8621
C03959,983
C03968,284161
C03968,5168
C03968,79153
C03974,55750
C03974,80821
C03981,124900512
C03981,151313
C03981,51011
C03990,1576
C03998,115024
C03998,51251
C03998,28960
C04006,3612
C04006,3613
C04006,3631
C04006,8821
C04006,51477
C04010,51172
C04015,54414
C04017,54414
C04042,1645
C04043,218
C04043,221
C04043,222
C04043,314
C04043,8639
C04043,4128
C04043,4129
C04047,26275
C04051,353
C04062,4534
C04062,55613
C04062,64419
C04062,8776
C04062,8897
C04062,8898
C04062,9107
C04062,9108
C04062,9110
C04062,3631
C04062,8821
C04063,3628
C04063,3631
C04063,8821
C04073,26035
C04076,501
C04076,10157
C04076,85007
C04079,53354
C04079,79646
C04079,80025
C04080,27163
C04087,84193
C04087,92342
C04090,100287144
C04090,100287178
C04090,100287205
C04090,100287238
C04090,100287327
C04090,100287364
C04090,100287404
C04090,100287441
C04090,100287478
C04090,100287513
C04090,100288520
C04090,10600
C04090,10617
C04090,10868
C04090,10869
C04090,11274
C04090,124739
C04090,126119
C04090,139562
C04090,1540
C04090,158880
C04090,159195
C04090,161725
C04090,219333
C04090,220213
C04090,221302
C04090,23032
C04090,23252
C04090,23326
C04090,23358
C04090,25862
C04090,27005
C04090,29761
C04090,373509
C04090,377630
C04090,389856
C04090,392188
C04090,392197
C04090,401447
C04090,51029
C04090,51377
C04090,51633
C04090,54629
C04090,54726
C04090,54764
C04090,55031
C04090,55230
C04090,55593
C04090,55611
C04090,55793
C04090,56957
C04090,57478
C04090,57558
C04090,57559
C04090,57602
C04090,57646
C04090,57663
C04090,57695
C04090,645402
C04090,645836
C04090,646951
C04090,64854
C04090,7128
C04090,728369
C04090,728373
C04090,728379
C04090,728386
C04090,728393
C04090,728400
C04090,728405
C04090,728419
C04090,7345
C04090,7347
C04090,7375
C04090,7398
C04090,7874
C04090,78990
C04090,80013
C04090,80124
C04090,8078
C04090,8237
C04090,8239
C04090,8287
C04090,8314
C04090,83844
C04090,84101
C04090,84132
C04090,84182
C04090,84196
C04090,84640
C04090,84669
C04090,84749
C04090,85015
C04090,8975
C04090,90268
C04090,9097
C04090,9098
C04090,9099
C04090,9100
C04090,9101
C04090,9736
C04090,9929
C04090,9958
C04090,9960
C04131,56954
C04132,284004
C04132,3073
C04132,3074
C04141,156
C04141,157
C04143,10196
C04143,10498
C04143,3275
C04143,3276
C04143,55170
C04143,56341
C04143,10419
C04143,90826
C04143,54496
C04144,4548
C04145,27235
C04146,27235
C04149,79969
C04155,54888
C04155,1787
C04157,57570
C04160,4234
C04185,1638
C04188,144811
C04188,4507
C04188,84245
C04195,2822
C04196,3340
C04196,64579
C04196,8509
C04196,9348
C04196,26035
C04212,10846
C04212,50940
C04212,5136
C04212,5137
C04212,5138
C04212,5139
C04212,5140
C04212,5153
C04213,201595
C04213,3703
C04221,1645
C04221,27294
C04230,10162
C04230,254531
C04230,54947
C04230,79888
C04230,3931
C04230,100137049
C04230,100652777
C04230,11145
C04230,123745
C04230,151056
C04230,255189
C04230,26279
C04230,283748
C04230,30814
C04230,391013
C04230,50487
C04230,5319
C04230,5320
C04230,5321
C04230,5322
C04230,54979
C04230,64600
C04230,81579
C04230,8398
C04230,8399
C04230,84647
C04230,8605
C04230,8681
C04230,10434
C04230,10908
C04230,11313
C04230,1178
C04230,23659
C04230,374569
C04230,375775
C04232,50484
C04232,6240
C04232,6241
C04233,9227
C04233,11145
C04233,54979
C04233,10434
C04233,10908
C04233,11313
C04233,1178
C04233,151056
C04233,23659
C04233,374569
C04233,375775
C04242,7083
C04242,7084
C04242,129607
C04242,51727
C04242,1854
C04244,6697
C04244,873
C04244,874
C04244,231
C04244,441282
C04244,57016
C04246,2194
C04248,2822
C04248,9487
C04250,4255
C04253,35
C04253,3712
C04253,36
C04253,2639
C04253,34
C04253,33
C04253,2110
C04253,1757
C04253,29958
C04257,54187
C04257,10020
C04258,64146
C04261,29085
C04262,29085
C04262,441531
C04262,5223
C04262,5224
C04262,669
C04281,8659
C04281,29920
C04281,5831
C04281,65263
C04281,58510
C04282,1610
C04295,3283
C04295,3284
C04295,340811
C04295,8644
C04299,54857
C04307,2272
C04307,22875
C04308,10400
C04309,2023
C04309,2026
C04309,2027
C04309,387712
C04311,5110
C04312,8634
C04317,84187
C04317,10162
C04317,254531
C04317,54947
C04317,79888
C04317,100137049
C04317,100652777
C04317,11145
C04317,123745
C04317,151056
C04317,255189
C04317,26279
C04317,283748
C04317,30814
C04317,391013
C04317,50487
C04317,5319
C04317,5320
C04317,5321
C04317,5322
C04317,54979
C04317,64600
C04317,81579
C04317,8398
C04317,8399
C04317,84647
C04317,8605
C04317,8681
C04317,374569
C04317,5049
C04317,5050
C04317,5051
C04317,7941
C04322,4942
C04352,53354
C04352,79646
C04352,80025
C04352,60490
C04352,79717
C04367,4190
C04367,4191
C04373,1109
C04373,10720
C04373,10941
C04373,54490
C04373,54575
C04373,54576
C04373,54577
C04373,54578
C04373,54579
C04373,54600
C04373,54657
C04373,54658
C04373,54659
C04373,574537
C04373,7363
C04373,7364
C04373,7365
C04373,7366
C04373,7367
C04373,79799
C04375,55768
C04376,2618
C04376,5198
C04377,6470
C04377,6472
C04384,138050
C04387,192134
C04387,100528030
C04387,11226
C04387,11227
C04387,114805
C04387,117248
C04387,168391
C04387,2589
C04387,2590
C04387,2591
C04387,26290
C04387,374378
C04387,442117
C04387,50614
C04387,51809
C04387,55568
C04387,57452
C04387,63917
C04387,64409
C04387,79623
C04387,79695
C04387,8693
C04392,318
C04395,1022
C04395,1024
C04395,1025
C04395,23097
C04395,51755
C04395,8621
C04395,983
C04397,10536
C04397,55214
C04397,64175
C04398,283208
C04398,5033
C04398,8974
C04405,3028
C04405,1962
C04405,3033
C04405,1892
C04405,3030
C04409,23498
C04409,130013
C04419,31
C04419,32
C04419,5096
C04432,54802
C04438,10162
C04438,254531
C04438,54947
C04438,79888
C04438,100137049
C04438,100652777
C04438,11145
C04438,123745
C04438,151056
C04438,255189
C04438,26279
C04438,283748
C04438,30814
C04438,391013
C04438,50487
C04438,5319
C04438,5320
C04438,5321
C04438,5322
C04438,54979
C04438,64600
C04438,81579
C04438,8398
C04438,8399
C04438,84647
C04438,8605
C04438,8681
C04438,10434
C04438,10908
C04438,11313
C04438,1178
C04438,23659
C04438,374569
C04438,375775
C04441,51611
C04441,1801
C04445,1428
C04453,50814
C04453,51478
C04453,79154
C04475,387521
C04475,387522
C04475,10390
C04475,85465
C04476,284161
C04476,5168
C04476,79153
C04477,253430
C04477,3705
C04487,23127
C04487,79709
C04487,8985
C04489,4548
C04494,58497
C04500,199857
C04500,79868
C04500,1798
C04501,6675
C04501,91373
C04501,5238
C04502,2683
C04502,8703
C04502,8704
C04506,23463
C04506,10269
C04510,285605
C04510,56986
C04512,1666
C04512,26063
C04517,100137049
C04517,100652777
C04517,11145
C04517,123745
C04517,151056
C04517,255189
C04517,26279
C04517,283748
C04517,30814
C04517,391013
C04517,50487
C04517,5319
C04517,5320
C04517,5321
C04517,5322
C04517,54979
C04517,64600
C04517,81579
C04517,8398
C04517,8399
C04517,84647
C04517,8605
C04517,8681
C04517,144110
C04517,255043
C04518,1645
C04520,3705
C04524,8544
C04530,6307
C04537,199857
C04537,79868
C04537,56052
C04540,175
C04542,80162
C04545,6894
C04549,5289
C04549,200576
C04549,5286
C04549,5287
C04549,5288
C04549,4534
C04549,55613
C04549,64419
C04549,8776
C04549,8897
C04549,8898
C04549,9107
C04549,9108
C04549,9110
C04549,3631
C04549,8821
C04549,5728
C04554,1593
C04554,217
C04554,219
C04554,223
C04554,224
C04554,501
C04554,10998
C04555,6820
C04555,412
C04563,9562
C04570,35
C04570,3712
C04570,36
C04570,2639
C04570,34
C04570,33
C04570,2110
C04570,1757
C04570,29958
C04575,9104
C04582,51074
C04582,84245
C04598,54947
C04598,79888
C04598,10390
C04598,56994
C04598,374569
C04598,5049
C04598,5050
C04598,5051
C04598,7941
C04599,2326
C04599,2327
C04599,2328
C04599,2329
C04599,2330
C04618,2194
C04619,2194
C04620,2194
C04632,5562
C04632,5563
C04633,2194
C04635,100137049
C04635,100652777
C04635,11145
C04635,123745
C04635,151056
C04635,255189
C04635,26279
C04635,283748
C04635,30814
C04635,391013
C04635,50487
C04635,5319
C04635,5320
C04635,5321
C04635,5322
C04635,54979
C04635,64600
C04635,81579
C04635,8398
C04635,8399
C04635,84647
C04635,8605
C04635,8681
C04635,284161
C04635,5168
C04635,79153
C04635,144110
C04635,255043
C04637,5305
C04637,79837
C04637,8396
C04637,5290
C04637,5291
C04637,5293
C04637,5294
C04637,138429
C04637,23396
C04637,8394
C04637,8395
C04637,3633
C04637,4952
C04637,56623
C04637,8867
C04637,8871
C04637,5728
C04637,55529
C04637,90809
C04637,113026
C04637,23007
C04637,23236
C04637,51196
C04637,5330
C04637,5331
C04637,5332
C04637,5333
C04637,5335
C04637,5336
C04637,84812
C04637,89869
C04637,9651
C04640,2618
C04640,5198
C04644,10998
C04646,3614
C04646,3615
C04646,7172
C04646,3251
C04646,3704
C04648,28
C04648,2523
C04648,2524
C04649,138050
C04654,873
C04654,145482
C04654,22949
C04654,284273
C04656,2525
C04656,2527
C04656,2528
C04656,8707
C04656,8708
C04671,145482
C04671,22949
C04671,284273
C04675,3155
C04675,54511
C04677,471
C04677,353
C04677,158
C04679,83475
C04680,9227
C04681,3141
C04682,3141
C04683,6489
C04688,2194
C04696,28960
C04707,3248
C04707,145482
C04707,22949
C04707,284273
C04708,7368
C04712,1610
C04717,246
C04717,247
C04722,1593
C04722,10998
C04726,10295
C04727,3141
C04730,2583
C04730,6489
C04730,8869
C04730,10825
C04730,129807
C04730,4758
C04730,4759
C04730,284004
C04730,3073
C04730,3074
C04731,2326
C04731,2327
C04731,2328
C04731,2329
C04731,2330
C04734,471
C04735,3141
C04736,3141
C04737,53947
C04737,8706
C04737,2717
C04737,284004
C04737,3073
C04737,3074
C04740,6480
C04740,84620
C04741,873
C04742,2879
C04748,23463
C04750,2650
C04750,6482
C04750,6483
C04750,6484
C04751,10606
C04755,51172
C04756,387521
C04756,387522
C04756,10390
C04756,85465
C04756,100137049
C04756,100652777
C04756,11145
C04756,123745
C04756,151056
C04756,255189
C04756,26279
C04756,283748
C04756,30814
C04756,391013
C04756,50487
C04756,5319
C04756,5320
C04756,5321
C04756,5322
C04756,54979
C04756,64600
C04756,81579
C04756,8398
C04756,8399
C04756,84647
C04756,8605
C04756,8681
C04756,122618
C04756,23646
C04756,5337
C04756,5338
C04759,8985
C04760,10998
C04763,3141
C04768,5562
C04768,5563
C04789,79158
C04791,6480
C04791,84620
C04791,10402
C04791,6484
C04791,6487
C04800,22856
C04800,337876
C04800,55454
C04800,55790
C04800,79586
C04801,3141
C04802,55783
C04802,23070
C04805,2879
C04814,6307
C04817,80162
C04818,2683
C04818,8703
C04818,8704
C04819,127550
C04823,158
C04823,10606
C04825,135152
C04825,26229
C04825,27087
C04827,3141
C04833,63935
C04840,50814
C04840,6307
C04845,84002
C04845,8702
C04845,8707
C04845,8708
C04847,127550
C04850,2525
C04850,2527
C04850,2528
C04853,4051
C04853,8529
C04855,127550
C04856,55739
C04856,128240
C04866,28
C04874,248
C04874,249
C04874,250
C04874,251
C04880,11282
C04880,11320
C04880,152586
C04880,25834
C04884,8705
C04884,2583
C04884,6489
C04884,8869
C04884,10825
C04884,129807
C04884,4758
C04884,4759
C04884,2720
C04884,284004
C04884,3073
C04884,3074
C04885,256435
C04885,27090
C04886,6480
C04886,84620
C04887,6489
C04890,10331
C04890,10678
C04890,79369
C04891,2651
C04895,248
C04895,249
C04895,250
C04895,251
C04895,2643
C04895,5805
C04899,55739
C04899,128240
C04900,2990
C04900,9365
C04901,6482
C04901,6483
C04901,6484
C04902,2650
C04902,10331
C04903,135152
C04903,26229
C04903,27087
C04903,2135
C04903,2137
C04906,25834
C04907,10402
C04907,6484
C04907,6487
C04910,8707
C04910,8708
C04911,8705
C04911,6482
C04911,6483
C04911,6484
C04911,6489
C04911,8869
C04911,10825
C04911,129807
C04911,4758
C04911,4759
C04911,2720
C04913,22856
C04913,337876
C04913,55454
C04913,55790
C04913,79586
C04914,4247
C04922,10331
C04922,10678
C04922,79369
C04922,2651
C04922,8702
C04922,10402
C04922,6484
C04922,6487
C04925,26301
C04925,4668
C04926,256435
C04926,27090
C04927,6482
C04927,6483
C04927,6484
C04927,6489
C04927,10825
C04927,129807
C04927,4758
C04927,4759
C04930,10331
C04934,25834
C04936,10402
C04936,6484
C04936,6487
C04937,4247
C04938,10331
C04938,10678
C04938,79369
C04939,2651
C04942,4248
C04943,11282
C04943,11320
C04943,152586
C04943,25834
C04944,4247
C04944,4249
C05011,100861540
C05011,107987478
C05011,107987479
C05011,11283
C05011,1543
C05011,1544
C05011,1545
C05011,1551
C05011,1553
C05011,1558
C05011,1562
C05011,1564
C05011,1565
C05011,1572
C05011,1573
C05011,1577
C05011,1579
C05011,1580
C05011,199974
C05011,260293
C05011,284541
C05011,29785
C05011,57834
C05011,64816
C05011,66002
C05067,1666
C05067,26063
C05067,1892
C05067,1962
C05067,3030
C05102,100861540
C05102,107987478
C05102,107987479
C05102,11283
C05102,1543
C05102,1544
C05102,1545
C05102,1551
C05102,1553
C05102,1558
C05102,1562
C05102,1564
C05102,1565
C05102,1572
C05102,1573
C05102,1577
C05102,1579
C05102,1580
C05102,199974
C05102,260293
C05102,284541
C05102,29785
C05102,57834
C05102,64816
C05102,66002
C05103,51478
C05103,79154
C05103,6307
C05107,1718
C05108,6307
C05108,3930
C05108,7108
C05108,1718
C05109,1718
C05110,10682
C05111,50814
C05111,51478
C05111,79154
C05111,6307
C05111,10682
C05116,1892
C05116,1962
C05116,3030
C05122,570
C05125,5160
C05125,5161
C05125,5162
C05127,26
C05127,4128
C05127,4129
C05127,3176
C05130,217
C05130,219
C05130,223
C05130,224
C05130,501
C05130,26
C05138,3283
C05138,3284
C05138,1589
C05138,1586
C05138,1583
C05139,3283
C05139,3284
C05139,100861540
C05139,107987478
C05139,107987479
C05139,11283
C05139,1543
C05139,1544
C05139,1545
C05139,1551
C05139,1553
C05139,1558
C05139,1562
C05139,1564
C05139,1565
C05139,1572
C05139,1573
C05139,1577
C05139,1579
C05139,1580
C05139,199974
C05139,260293
C05139,284541
C05139,29785
C05139,57834
C05139,64816
C05139,66002
C05140,3283
C05140,3284
C05141,3292
C05141,3294
C05141,51144
C05141,51478
C05141,79154
C05141,7923
C05141,8630
C05141,100861540
C05141,107987478
C05141,107987479
C05141,11283
C05141,1543
C05141,1544
C05141,1545
C05141,1551
C05141,1553
C05141,1558
C05141,1562
C05141,1564
C05141,1565
C05141,1572
C05141,1573
C05141,1577
C05141,1579
C05141,1580
C05141,199974
C05141,260293
C05141,284541
C05141,29785
C05141,57834
C05141,64816
C05141,66002
C05141,10720
C05141,10941
C05141,54490
C05141,54575
C05141,54576
C05141,54577
C05141,54578
C05141,54579
C05141,54600
C05141,54657
C05141,54658
C05141,54659
C05141,574537
C05141,7363
C05141,7364
C05141,7365
C05141,7366
C05141,7367
C05141,79799
C05143,57733
C05147,112849
C05159,4249
C05167,2746
C05167,2747
C05167,8528
C05167,259307
C05167,1610
C05167,10993
C05167,113675
C05167,3034
C05172,22928
C05172,22929
C05172,51091
C05176,7299
C05198,11019
C05198,54901
C05198,441250
C05198,55253
C05198,4337
C05200,51805
C05202,7299
C05208,84187
C05209,84187
C05210,84187
C05212,10162
C05212,254531
C05212,54947
C05212,79888
C05212,10390
C05212,56994
C05212,100137049
C05212,100652777
C05212,11145
C05212,123745
C05212,151056
C05212,255189
C05212,26279
C05212,283748
C05212,30814
C05212,391013
C05212,50487
C05212,5319
C05212,5320
C05212,5321
C05212,5322
C05212,54979
C05212,64600
C05212,81579
C05212,8398
C05212,8399
C05212,84647
C05212,8605
C05212,8681
C05223,54995
C05223,2194
C05223,55301
C05227,256281
C05227,84304
C05232,23600
C05234,150465
C05258,3030
C05258,1962
C05258,3028
C05258,3033
C05258,1892
C05259,3030
C05259,1962
C05259,3028
C05259,3033
C05259,10449
C05259,30
C05259,3032
C05260,3030
C05260,1962
C05260,3028
C05260,3033
C05260,1892
C05261,3030
C05261,1962
C05261,3028
C05261,3033
C05261,10449
C05261,30
C05261,3032
C05262,3030
C05262,1962
C05262,3028
C05262,3033
C05262,1892
C05263,3030
C05263,1962
C05263,3028
C05263,3033
C05263,10449
C05263,30
C05263,3032
C05264,3030
C05264,1962
C05264,3028
C05264,3033
C05264,1892
C05265,3030
C05265,1962
C05265,3028
C05265,3033
C05265,10449
C05265,30
C05265,3032
C05266,3030
C05266,1962
C05266,3028
C05266,3033
C05266,1892
C05267,3030
C05267,1962
C05267,3028
C05267,3033
C05267,10449
C05267,30
C05267,3032
C05268,3030
C05268,1962
C05268,3028
C05268,3033
C05268,1892
C05269,3030
C05269,1962
C05269,3028
C05269,3033
C05269,10449
C05269,30
C05269,3032
C05269,38
C05269,39
C05270,51102
C05270,55825
C05270,51
C05270,8310
C05270,35
C05270,36
C05270,34
C05270,33
C05270,10449
C05270,30
C05270,3032
C05271,51102
C05271,55825
C05271,51
C05271,8310
C05271,35
C05271,36
C05271,34
C05271,33
C05271,1892
C05271,1962
C05271,3030
C05272,51102
C05272,55825
C05272,51
C05272,8310
C05272,34
C05272,33
C05272,37
C05272,1892
C05272,1962
C05272,3030
C05273,51102
C05273,55825
C05273,51
C05273,8310
C05273,34
C05273,33
C05273,37
C05273,1892
C05273,1962
C05273,3030
C05274,51102
C05274,55825
C05274,51
C05274,8310
C05274,34
C05274,33
C05274,10449
C05274,30
C05274,3032
C05275,51102
C05275,55825
C05275,51
C05275,8310
C05275,34
C05275,33
C05275,1892
C05275,1962
C05275,3030
C05276,51102
C05276,55825
C05276,51
C05276,8310
C05276,34
C05276,33
C05276,1892
C05276,1962
C05276,3030
C05279,10455
C05279,1632
C05279,1962
C05280,10455
C05280,1632
C05280,1962
C05284,3290
C05284,374875
C05284,3292
C05284,3294
C05284,51144
C05284,51478
C05284,79154
C05284,7923
C05284,8630
C05284,1586
C05284,1584
C05284,1585
C05285,3290
C05285,374875
C05290,1588
C05291,100861540
C05291,107987478
C05291,107987479
C05291,11283
C05291,1543
C05291,1544
C05291,1545
C05291,1551
C05291,1553
C05291,1558
C05291,1562
C05291,1564
C05291,1565
C05291,1572
C05291,1573
C05291,1577
C05291,1579
C05291,1580
C05291,199974
C05291,260293
C05291,284541
C05291,29785
C05291,57834
C05291,64816
C05291,66002
C05293,6718
C05294,1588
C05295,1588
C05296,100861540
C05296,107987478
C05296,107987479
C05296,11283
C05296,1543
C05296,1544
C05296,1545
C05296,1551
C05296,1553
C05296,1558
C05296,1562
C05296,1564
C05296,1565
C05296,1572
C05296,1573
C05296,1577
C05296,1579
C05296,1580
C05296,199974
C05296,260293
C05296,284541
C05296,29785
C05296,57834
C05296,64816
C05296,66002
C05297,1588
C05298,100861540
C05298,107987478
C05298,107987479
C05298,11283
C05298,1543
C05298,1544
C05298,1545
C05298,1551
C05298,1553
C05298,1558
C05298,1562
C05298,1564
C05298,1565
C05298,1572
C05298,1573
C05298,1577
C05298,1579
C05298,1580
C05298,199974
C05298,260293
C05298,284541
C05298,29785
C05298,57834
C05298,64816
C05298,66002
C05298,120356740
C05298,1312
C05298,220074
C05299,120356740
C05299,1312
C05299,220074
C05299,10720
C05299,10941
C05299,54490
C05299,54575
C05299,54576
C05299,54577
C05299,54578
C05299,54579
C05299,54600
C05299,54657
C05299,54658
C05299,54659
C05299,574537
C05299,7363
C05299,7364
C05299,7365
C05299,7366
C05299,7367
C05299,79799
C05300,3292
C05300,3294
C05300,51144
C05300,51478
C05300,79154
C05300,7923
C05300,8630
C05300,100861540
C05300,107987478
C05300,107987479
C05300,11283
C05300,1543
C05300,1544
C05300,1545
C05300,1551
C05300,1553
C05300,1558
C05300,1562
C05300,1564
C05300,1565
C05300,1572
C05300,1573
C05300,1577
C05300,1579
C05300,1580
C05300,199974
C05300,260293
C05300,284541
C05300,29785
C05300,57834
C05300,64816
C05300,66002
C05301,100861540
C05301,107987478
C05301,107987479
C05301,11283
C05301,1543
C05301,1544
C05301,1545
C05301,1551
C05301,1553
C05301,1558
C05301,1562
C05301,1564
C05301,1565
C05301,1572
C05301,1573
C05301,1577
C05301,1579
C05301,1580
C05301,199974
C05301,260293
C05301,284541
C05301,29785
C05301,57834
C05301,64816
C05301,66002
C05301,120356740
C05301,1312
C05301,220074
C05302,120356740
C05302,1312
C05302,220074
C05302,10720
C05302,10941
C05302,54490
C05302,54575
C05302,54576
C05302,54577
C05302,54578
C05302,54579
C05302,54600
C05302,54657
C05302,54658
C05302,54659
C05302,574537
C05302,7363
C05302,7364
C05302,7365
C05302,7366
C05302,7367
C05302,79799
C05309,10493
C05309,1429
C05309,57687
C05309,9540
C05313,51805
C05313,51117
C05329,23600
C05332,314
C05332,8639
C05332,4128
C05332,4129
C05332,1644
C05335,4548
C05335,27430
C05335,4143
C05335,4144
C05335,1491
C05335,4141
C05335,92935
C05336,4141
C05336,92935
C05337,6342
C05337,570
C05337,10005
C05337,10998
C05340,135293
C05340,57571
C05341,135293
C05341,57571
C05345,7086
C05345,8277
C05345,84076
C05345,6888
C05345,3098
C05345,3099
C05345,3101
C05345,80201
C05345,5207
C05345,5208
C05345,5209
C05345,5210
C05345,5211
C05345,5213
C05345,5214
C05345,2203
C05345,8789
C05345,57103
C05345,4351
C05345,2821
C05350,4282
C05356,2879
C05356,240
C05360,4353
C05361,10
C05361,9
C05361,1066
C05361,124641
C05361,221223
C05361,23491
C05361,8824
C05378,5211
C05378,5213
C05378,5214
C05378,2203
C05378,8789
C05378,226
C05378,229
C05378,230
C05379,3417
C05379,3418
C05381,4967
C05381,55753
C05382,7086
C05382,8277
C05382,84076
C05382,6888
C05382,5211
C05382,5213
C05382,5214
C05382,23729
C05382,2203
C05382,8789
C05394,2720
C05396,2720
C05399,2717
C05400,2717
C05401,2717
C05402,2717
C05403,2720
C05404,2717
C05422,9104
C05437,51478
C05437,79154
C05437,1718
C05437,10682
C05439,1718
C05439,10682
C05443,120227
C05444,124
C05444,125
C05444,126
C05444,127
C05444,128
C05444,130
C05444,131
C05444,1593
C05445,124
C05445,125
C05445,126
C05445,127
C05445,128
C05445,130
C05445,131
C05445,1593
C05445,217
C05445,219
C05445,223
C05445,224
C05445,501
C05446,1593
C05447,8309
C05447,3295
C05448,3295
C05449,6342
C05451,1109
C05451,6718
C05452,1109
C05452,1582
C05452,1593
C05453,1109
C05453,6718
C05454,1109
C05454,1582
C05454,1593
C05455,80270
C05455,1582
C05455,6718
C05460,8309
C05460,3295
C05465,1576
C05465,570
C05466,570
C05467,6342
C05469,1109
C05469,6718
C05470,1109
C05471,1109
C05471,6718
C05472,1109
C05473,1109
C05473,6718
C05474,1109
C05475,1109
C05475,6718
C05476,3290
C05476,374875
C05476,1109
C05477,1109
C05478,3290
C05478,374875
C05478,1109
C05479,1109
C05479,6718
C05480,1109
C05485,3283
C05485,3284
C05485,1589
C05487,3283
C05487,3284
C05487,1589
C05487,1584
C05487,1585
C05488,3283
C05488,3284
C05488,1589
C05488,1584
C05488,1585
C05489,3283
C05489,3284
C05489,1584
C05489,1585
C05490,3290
C05490,374875
C05497,1589
C05497,1586
C05497,1584
C05497,1585
C05498,1589
C05498,1586
C05498,1584
C05498,1585
C05499,1586
C05499,1583
C05500,1586
C05500,1583
C05501,1583
C05502,1583
C05503,10720
C05503,10941
C05503,54490
C05503,54575
C05503,54576
C05503,54577
C05503,54578
C05503,54579
C05503,54600
C05503,54657
C05503,54658
C05503,54659
C05503,574537
C05503,7363
C05503,7364
C05503,7365
C05503,7366
C05503,7367
C05503,79799
C05504,10720
C05504,10941
C05504,54490
C05504,54575
C05504,54576
C05504,54577
C05504,54578
C05504,54579
C05504,54600
C05504,54657
C05504,54658
C05504,54659
C05504,574537
C05504,7363
C05504,7364
C05504,7365
C05504,7366
C05504,7367
C05504,79799
C05512,144811
C05512,4860
C05512,1890
C05512,100526794
C05512,22978
C05512,284958
C05512,30833
C05512,4907
C05512,55
C05512,56953
C05512,84618
C05512,93034
C05512,51020
C05512,100
C05512,51816
C05520,211
C05520,212
C05526,10587
C05526,114112
C05526,7296
C05527,137362
C05527,2805
C05527,2806
C05528,4190
C05528,4191
C05528,137362
C05528,2805
C05528,2806
C05544,22992
C05544,84678
C05544,23133
C05544,51780
C05544,55806
C05544,55818
C05544,80853
C05544,100129053
C05544,23030
C05544,23081
C05544,390245
C05544,55693
C05544,84864
C05544,9682
C05544,10765
C05544,5927
C05544,79697
C05544,8242
C05544,8284
C05544,23135
C05544,7403
C05544,7404
C05544,221656
C05544,23028
C05544,11105
C05544,150572
C05544,23067
C05544,4297
C05544,55870
C05544,55904
C05544,56950
C05544,56979
C05544,58508
C05544,64754
C05544,8085
C05544,9739
C05544,9757
C05544,107303344
C05544,10919
C05544,6839
C05544,7799
C05544,79723
C05544,79813
C05544,83852
C05544,2145
C05544,2146
C05544,6419
C05544,64324
C05544,7468
C05544,29072
C05544,84444
C05544,387893
C05544,93166
C05544,51111
C05544,84787
C05544,54093
C05544,80854
C05544,2122
C05544,63976
C05544,54904
C05544,79823
C05545,22992
C05545,84678
C05545,23133
C05545,51780
C05545,55806
C05545,55818
C05545,80853
C05545,100129053
C05545,23030
C05545,23081
C05545,390245
C05545,55693
C05545,84864
C05545,9682
C05545,10765
C05545,5927
C05545,79697
C05545,8242
C05545,8284
C05545,23135
C05545,7403
C05545,7404
C05545,221656
C05545,23028
C05545,11105
C05545,150572
C05545,23067
C05545,4297
C05545,55870
C05545,55904
C05545,56950
C05545,56979
C05545,58508
C05545,64754
C05545,8085
C05545,9739
C05545,9757
C05545,107303344
C05545,10919
C05545,6839
C05545,7799
C05545,79723
C05545,79813
C05545,83852
C05545,2145
C05545,2146
C05545,6419
C05545,64324
C05545,7468
C05545,29072
C05545,84444
C05545,51111
C05545,84787
C05545,9869
C05545,54904
C05545,79823
C05546,100129053
C05546,23030
C05546,23081
C05546,390245
C05546,55693
C05546,84864
C05546,9682
C05546,10765
C05546,5927
C05546,79697
C05546,8242
C05546,8284
C05546,23135
C05546,7403
C05546,7404
C05546,11105
C05546,150572
C05546,23067
C05546,4297
C05546,55870
C05546,55904
C05546,56950
C05546,56979
C05546,58508
C05546,64754
C05546,8085
C05546,9739
C05546,9757
C05546,107303344
C05546,10919
C05546,6839
C05546,7799
C05546,79723
C05546,79813
C05546,83852
C05546,2145
C05546,2146
C05546,29072
C05546,84444
C05546,9869
C05546,79823
C05552,686
C05565,7498
C05576,124
C05576,125
C05576,126
C05576,127
C05576,128
C05576,130
C05576,131
C05576,120356740
C05576,1312
C05576,220074
C05577,124
C05577,125
C05577,126
C05577,127
C05577,128
C05577,130
C05577,131
C05577,218
C05577,221
C05577,222
C05577,4128
C05577,4129
C05578,7299
C05578,100037417
C05578,1652
C05579,7299
C05580,218
C05580,221
C05580,222
C05580,120356740
C05580,1312
C05580,220074
C05581,218
C05581,221
C05581,222
C05581,4128
C05581,4129
C05582,218
C05582,221
C05582,222
C05582,120356740
C05582,1312
C05582,220074
C05583,218
C05583,221
C05583,222
C05583,4128
C05583,4129
C05584,218
C05584,221
C05584,222
C05584,120356740
C05584,1312
C05584,220074
C05585,316
C05587,4128
C05587,4129
C05587,120356740
C05587,1312
C05587,220074
C05588,4128
C05588,4129
C05588,120356740
C05588,1312
C05588,220074
C05589,4128
C05589,4129
C05589,120356740
C05589,1312
C05589,220074
C05590,7173
C05594,120356740
C05594,1312
C05594,220074
C05623,57733
C05634,217
C05634,219
C05634,223
C05634,224
C05634,501
C05634,316
C05634,4128
C05634,4129
C05635,217
C05635,219
C05635,223
C05635,224
C05635,501
C05635,316
C05635,438
C05636,4128
C05636,4129
C05637,4128
C05637,4129
C05638,4128
C05638,4129
C05638,1644
C05639,4128
C05639,4129
C05640,847
C05642,169355
C05642,3620
C05643,100861540
C05643,107987478
C05643,107987479
C05643,11283
C05643,1543
C05643,1544
C05643,1545
C05643,1551
C05643,1553
C05643,1558
C05643,1562
C05643,1564
C05643,1565
C05643,1572
C05643,1573
C05643,1577
C05643,1579
C05643,1580
C05643,199974
C05643,260293
C05643,284541
C05643,29785
C05643,57834
C05643,64816
C05643,66002
C05645,51166
C05645,56267
C05645,883
C05647,169355
C05647,3620
C05648,169355
C05648,3620
C05648,125061
C05649,5860
C05650,5053
C05650,7054
C05650,121278
C05650,7166
C05650,392636
C05650,5860
C05651,125061
C05651,1644
C05653,125061
C05653,8942
C05660,438
C05665,217
C05665,219
C05665,223
C05665,224
C05665,501
C05665,218
C05665,221
C05665,222
C05665,314
C05665,8639
C05665,26
C05665,54498
C05668,26275
C05668,1892
C05668,1962
C05668,3030
C05670,102724197
C05670,124975
C05670,2678
C05670,2686
C05670,2687
C05673,5833
C05673,10390
C05673,85465
C05674,5130
C05674,9468
C05674,10390
C05674,56994
C05675,10390
C05675,85465
C05676,10390
C05676,56994
C05684,10587
C05684,114112
C05684,7296
C05686,9060
C05686,9061
C05688,196410
C05688,25840
C05688,1491
C05688,51540
C05689,196410
C05689,25840
C05689,102724197
C05689,124975
C05689,2678
C05689,2686
C05689,2687
C05689,1491
C05689,56267
C05689,883
C05691,27430
C05691,4143
C05691,4144
C05695,102724197
C05695,124975
C05695,2678
C05695,2686
C05695,2687
C05696,9060
C05696,9061
C05697,9060
C05697,9061
C05698,4548
C05698,102724560
C05698,875
C05698,56267
C05698,883
C05699,102724560
C05699,875
C05699,1491
C05699,56267
C05699,883
C05703,10587
C05703,114112
C05703,7296
C05703,1491
C05703,56267
C05703,883
C05711,102724197
C05711,124975
C05711,2678
C05711,2686
C05711,2687
C05712,57733
C05713,57733
C05726,9027
C05726,51056
C05726,290
C05726,91703
C05726,100526760
C05726,95
C05727,9027
C05727,91703
C05727,100526760
C05727,95
C05729,102724197
C05729,124975
C05729,2678
C05729,2686
C05729,2687
C05729,51056
C05729,290
C05744,54995
C05744,2194
C05745,54995
C05745,2194
C05746,54995
C05746,2194
C05747,2194
C05748,2194
C05749,54995
C05749,2194
C05750,54995
C05750,2194
C05751,2194
C05752,54995
C05752,387787
C05752,2194
C05752,11019
C05752,55301
C05753,54995
C05753,2194
C05754,2194
C05755,54995
C05755,2194
C05755,55301
C05756,54995
C05756,2194
C05757,2194
C05758,2194
C05759,54995
C05759,2194
C05760,2194
C05761,54995
C05761,2194
C05762,54995
C05762,2194
C05763,2194
C05764,54995
C05764,54898
C05764,60481
C05764,64834
C05764,6785
C05764,79071
C05764,79993
C05764,83401
C05764,2194
C05766,7389
C05768,7389
C05770,5498
C05770,2235
C05774,326625
C05787,10720
C05787,10941
C05787,54490
C05787,54575
C05787,54576
C05787,54577
C05787,54578
C05787,54579
C05787,54600
C05787,54657
C05787,54658
C05787,54659
C05787,574537
C05787,7363
C05787,7364
C05787,7365
C05787,7366
C05787,7367
C05787,79799
C05787,2990
C05787,9365
C05791,2990
C05791,9365
C05796,2720
C05802,51117
C05803,84274
C05804,84274
C05805,51805
C05809,27235
C05813,84274
C05814,84274
C05815,51805
C05819,1728
C05819,2677
C05823,160287
C05823,3939
C05823,3945
C05823,3948
C05823,92483
C05827,218
C05827,221
C05827,222
C05827,26
C05827,4128
C05827,4129
C05828,218
C05828,221
C05828,222
C05838,57733
C05839,57733
C05840,554235
C05841,144811
C05841,4860
C05841,27231
C05841,54981
C05841,100526794
C05841,22978
C05841,284958
C05841,30833
C05841,4907
C05841,55
C05841,56953
C05841,84618
C05841,93034
C05842,316
C05843,316
C05844,102724197
C05844,124975
C05844,2678
C05844,2686
C05844,2687
C05847,27235
C05848,51004
C05848,27235
C05849,154807
C05849,79001
C05849,2677
C05850,1728
C05852,3242
C05859,116150
C05859,79947
C05860,85365
C05860,56052
C05861,85365
C05921,3141
C05922,2643
C05923,2643
C05924,10243
C05924,4338
C05928,2356
C05929,2356
C05933,4842
C05933,4843
C05933,4846
C05936,217
C05936,219
C05936,223
C05936,224
C05936,501
C05936,4128
C05936,4129
C05938,8659
C05946,137362
C05946,2805
C05946,2806
C05946,112817
C05947,8659
C05947,137362
C05947,2805
C05947,2806
C05949,145482
C05949,22949
C05949,284273
C05951,102724197
C05951,124975
C05951,2678
C05951,2686
C05951,2687
C05956,5742
C05956,5743
C05959,340811
C05959,8644
C05960,3248
C05965,2879
C05965,239
C05965,59344
C05966,2879
C05966,246
C05966,247
C05966,100861540
C05966,107987478
C05966,107987479
C05966,11283
C05966,1543
C05966,1544
C05966,1545
C05966,1551
C05966,1553
C05966,1558
C05966,1562
C05966,1564
C05966,1565
C05966,1572
C05966,1573
C05966,1577
C05966,1579
C05966,1580
C05966,199974
C05966,260293
C05966,284541
C05966,29785
C05966,57834
C05966,64816
C05966,66002
C05973,11145
C05973,54979
C05973,10434
C05973,10908
C05973,11313
C05973,1178
C05973,151056
C05973,23659
C05973,374569
C05973,375775
C05974,51365
C05974,11145
C05974,54979
C05977,196051
C05977,23175
C05977,64900
C05977,84513
C05977,8611
C05977,8612
C05977,8613
C05977,9663
C05980,54675
C05981,5290
C05981,5291
C05981,5293
C05981,5294
C05981,3633
C05981,4952
C05981,56623
C05981,8867
C05981,8871
C05981,5728
C05981,3635
C05981,3636
C05983,23181
C05983,55902
C05983,84532
C05983,79611
C05984,160287
C05984,3939
C05984,3945
C05984,3948
C05984,92483
C05985,217
C05985,219
C05985,223
C05985,224
C05985,501
C05993,23181
C05993,55902
C05993,84532
C05998,1892
C05998,1962
C05998,3030
C05999,231
C05999,441282
C05999,57016
C06000,26275
C06000,1892
C06000,1962
C06000,3030
C06001,11112
C06001,26275
C06002,11112
C06002,4329
C06002,217
C06002,219
C06002,223
C06002,224
C06002,501
C06002,316
C06002,18
C06037,2717
C06054,29968
C06055,29968
C06062,142891
C06062,166929
C06062,259230
C06081,207063
C06081,79644
C06099,1557
C06099,1559
C06102,10327
C06103,10327
C06103,9104
C06109,5447
C06110,5447
C06112,283459
C06112,5188
C06112,55278
C06113,283459
C06113,5188
C06113,55278
C06114,102724197
C06114,124975
C06114,2678
C06114,2686
C06114,2687
C06123,8879
C06124,56848
C06124,8877
C06124,130367
C06124,81537
C06124,8611
C06124,8612
C06124,8613
C06124,8879
C06125,9514
C06125,410
C06126,9514
C06126,2717
C06127,9514
C06128,10825
C06128,129807
C06128,4758
C06128,4759
C06133,2583
C06133,6489
C06134,8705
C06134,2583
C06134,6489
C06135,8705
C06135,2583
C06135,8869
C06135,10825
C06135,129807
C06135,4758
C06135,4759
C06135,2720
C06135,284004
C06135,3073
C06135,3074
C06136,8705
C06136,8869
C06136,2720
C06138,6489
C06139,6489
C06139,10825
C06139,129807
C06139,4758
C06139,4759
C06140,6482
C06140,6483
C06140,6484
C06140,6489
C06140,10825
C06140,129807
C06140,4758
C06140,4759
C06141,8705
C06141,6482
C06141,6483
C06141,6484
C06141,6489
C06141,10825
C06141,129807
C06141,4758
C06141,4759
C06148,2643
C06157,1743
C06174,100861540
C06174,107987478
C06174,107987479
C06174,11283
C06174,1543
C06174,1544
C06174,1545
C06174,1551
C06174,1553
C06174,1558
C06174,1562
C06174,1564
C06174,1565
C06174,1572
C06174,1573
C06174,1577
C06174,1579
C06174,1580
C06174,199974
C06174,260293
C06174,284541
C06174,29785
C06174,57834
C06174,64816
C06174,66002
C06174,10720
C06174,10941
C06174,54490
C06174,54575
C06174,54576
C06174,54577
C06174,54578
C06174,54579
C06174,54600
C06174,54657
C06174,54658
C06174,54659
C06174,574537
C06174,7363
C06174,7364
C06174,7365
C06174,7366
C06174,7367
C06174,79799
C06178,314
C06178,8639
C06196,100526794
C06196,22978
C06196,284958
C06196,30833
C06196,4907
C06196,55
C06196,56953
C06196,84618
C06196,93034
C06196,51020
C06196,131870
C06196,3704
C06197,2272
C06197,22875
C06198,318
C06205,1645
C06205,27294
C06205,2052
C06206,97
C06206,98
C06212,11185
C06213,11185
C06222,3795
C06232,10243
C06241,54187
C06241,140838
C06246,2677
C06247,2677
C06249,3141
C06250,31
C06250,32
C06250,5096
C06250,3141
C06341,80270
C06341,1581
C06341,9420
C06409,4552
C06410,4552
C06412,127018
C06412,51104
C06412,5538
C06412,58489
C06412,81926
C06412,9374
C06423,55301
C06425,10965
C06425,11332
C06425,117145
C06425,122970
C06425,153364
C06425,284486
C06425,570
C06425,641371
C06426,10965
C06426,11332
C06426,117145
C06426,122970
C06426,153364
C06426,284486
C06426,570
C06426,641371
C06427,11145
C06427,54979
C06427,100137049
C06427,100652777
C06427,123745
C06427,151056
C06427,255189
C06427,26279
C06427,283748
C06427,30814
C06427,391013
C06427,50487
C06427,5319
C06427,5320
C06427,5321
C06427,5322
C06427,64600
C06427,81579
C06427,8398
C06427,8399
C06427,84647
C06427,8605
C06427,8681
C06427,10965
C06427,11332
C06427,117145
C06427,122970
C06427,153364
C06427,284486
C06427,570
C06427,641371
C06428,10965
C06428,11332
C06428,117145
C06428,122970
C06428,153364
C06428,284486
C06428,570
C06428,641371
C06429,285440
C06429,4051
C06429,8529
C06429,10965
C06429,11332
C06429,117145
C06429,122970
C06429,153364
C06429,284486
C06429,570
C06429,641371
C06459,5130
C06459,9468
C06472,3425
C06481,118672
C06481,54938
C06481,6301
C06482,51091
C06483,28
C06485,83592
C06504,326625
C06505,326625
C06506,326625
C06508,326625
C06526,1576
C06548,2053
C06548,79852
C06563,57733
C06604,100861540
C06604,107987478
C06604,107987479
C06604,11283
C06604,1543
C06604,1544
C06604,1545
C06604,1551
C06604,1553
C06604,1558
C06604,1562
C06604,1564
C06604,1565
C06604,1572
C06604,1573
C06604,1577
C06604,1579
C06604,1580
C06604,199974
C06604,260293
C06604,284541
C06604,29785
C06604,57834
C06604,64816
C06604,66002
C06604,5444
C06604,5445
C06604,5446
C06606,100861540
C06606,107987478
C06606,107987479
C06606,11283
C06606,1543
C06606,1544
C06606,1545
C06606,1551
C06606,1553
C06606,1558
C06606,1562
C06606,1564
C06606,1565
C06606,1572
C06606,1573
C06606,1577
C06606,1579
C06606,1580
C06606,199974
C06606,260293
C06606,284541
C06606,29785
C06606,57834
C06606,64816
C06606,66002
C06606,5444
C06606,5445
C06606,5446
C06607,5444
C06607,5445
C06607,5446
C06608,5444
C06608,5445
C06608,5446
C06611,124
C06611,125
C06611,126
C06611,127
C06611,128
C06611,130
C06611,131
C06612,124
C06612,125
C06612,126
C06612,127
C06612,128
C06612,130
C06612,131
C06613,124
C06613,125
C06613,126
C06613,127
C06613,128
C06613,130
C06613,131
C06613,217
C06613,219
C06613,223
C06613,224
C06613,501
C06614,217
C06614,219
C06614,223
C06614,224
C06614,501
C06615,217
C06615,219
C06615,223
C06615,224
C06615,501
C06714,1962
C06714,3028
C06714,3033
C06715,1962
C06715,3028
C06715,3033
C06715,10449
C06715,30
C06715,3032
C06751,51449
C06751,78991
C06754,100861540
C06754,107987478
C06754,107987479
C06754,11283
C06754,1543
C06754,1544
C06754,1545
C06754,1551
C06754,1553
C06754,1558
C06754,1562
C06754,1564
C06754,1565
C06754,1572
C06754,1573
C06754,1577
C06754,1579
C06754,1580
C06754,199974
C06754,260293
C06754,284541
C06754,29785
C06754,57834
C06754,64816
C06754,66002
C06754,217
C06754,219
C06754,223
C06754,224
C06754,501
C06755,217
C06755,219
C06755,223
C06755,224
C06755,501
C06790,100861540
C06790,107987478
C06790,107987479
C06790,11283
C06790,1543
C06790,1544
C06790,1545
C06790,1551
C06790,1553
C06790,1558
C06790,1562
C06790,1564
C06790,1565
C06790,1572
C06790,1573
C06790,1577
C06790,1579
C06790,1580
C06790,199974
C06790,260293
C06790,284541
C06790,29785
C06790,57834
C06790,64816
C06790,66002
C06790,10314
C06790,119391
C06790,221357
C06790,25774
C06790,27306
C06790,2938
C06790,2939
C06790,2940
C06790,2941
C06790,2944
C06790,2946
C06790,2947
C06790,2948
C06790,2949
C06790,2950
C06790,2952
C06790,2953
C06790,373156
C06790,4257
C06790,4258
C06790,4259
C06790,653689
C06790,9446
C06800,100861540
C06800,107987478
C06800,107987479
C06800,11283
C06800,1543
C06800,1544
C06800,1545
C06800,1551
C06800,1553
C06800,1558
C06800,1562
C06800,1564
C06800,1565
C06800,1572
C06800,1573
C06800,1577
C06800,1579
C06800,1580
C06800,199974
C06800,260293
C06800,284541
C06800,29785
C06800,57834
C06800,64816
C06800,66002
C06868,100861540
C06868,107987478
C06868,107987479
C06868,11283
C06868,1543
C06868,1544
C06868,1545
C06868,1551
C06868,1553
C06868,1558
C06868,1562
C06868,1564
C06868,1565
C06868,1572
C06868,1573
C06868,1577
C06868,1579
C06868,1580
C06868,199974
C06868,260293
C06868,284541
C06868,29785
C06868,57834
C06868,64816
C06868,66002
C06899,124
C06899,125
C06899,126
C06899,127
C06899,128
C06899,130
C06899,131
C06899,218
C06899,221
C06899,222
C07047,100861540
C07047,107987478
C07047,107987479
C07047,11283
C07047,1543
C07047,1544
C07047,1545
C07047,1551
C07047,1553
C07047,1558
C07047,1562
C07047,1564
C07047,1565
C07047,1572
C07047,1573
C07047,1577
C07047,1579
C07047,1580
C07047,199974
C07047,260293
C07047,284541
C07047,29785
C07047,57834
C07047,64816
C07047,66002
C07054,4353
C07054,10
C07054,9
C07054,1066
C07054,124641
C07054,221223
C07054,23491
C07054,8824
C07073,100861540
C07073,107987478
C07073,107987479
C07073,11283
C07073,1543
C07073,1544
C07073,1545
C07073,1551
C07073,1553
C07073,1558
C07073,1562
C07073,1564
C07073,1565
C07073,1572
C07073,1573
C07073,1577
C07073,1579
C07073,1580
C07073,199974
C07073,260293
C07073,284541
C07073,29785
C07073,57834
C07073,64816
C07073,66002
C07073,1066
C07073,124641
C07073,221223
C07073,23491
C07073,8824
C07086,218
C07086,221
C07086,222
C07108,2326
C07108,2327
C07108,2328
C07108,2329
C07108,2330
C07108,100861540
C07108,107987478
C07108,107987479
C07108,11283
C07108,1543
C07108,1544
C07108,1545
C07108,1551
C07108,1553
C07108,1558
C07108,1562
C07108,1564
C07108,1565
C07108,1572
C07108,1573
C07108,1577
C07108,1579
C07108,1580
C07108,199974
C07108,260293
C07108,284541
C07108,29785
C07108,57834
C07108,64816
C07108,66002
C07118,10449
C07118,30
C07118,3032
C07281,1725
C07282,83475
C07282,1725
C07292,10935
C07293,10935
C07295,57412
C07296,6342
C07297,6342
C07326,83592
C07328,285148
C07343,5264
C07344,1576
C07446,1066
C07446,124641
C07446,221223
C07446,23491
C07446,8824
C07447,10
C07447,9
C07447,1066
C07447,124641
C07447,221223
C07447,23491
C07447,8824
C07480,7498
C07481,100861540
C07481,107987478
C07481,107987479
C07481,11283
C07481,1543
C07481,1544
C07481,1545
C07481,1551
C07481,1553
C07481,1558
C07481,1562
C07481,1564
C07481,1565
C07481,1572
C07481,1573
C07481,1577
C07481,1579
C07481,1580
C07481,199974
C07481,260293
C07481,284541
C07481,29785
C07481,57834
C07481,64816
C07481,66002
C07490,124
C07490,125
C07490,126
C07490,127
C07490,128
C07490,130
C07490,131
C07490,10720
C07490,10941
C07490,54490
C07490,54575
C07490,54576
C07490,54577
C07490,54578
C07490,54579
C07490,54600
C07490,54657
C07490,54658
C07490,54659
C07490,574537
C07490,7363
C07490,7364
C07490,7365
C07490,7366
C07490,7367
C07490,79799
C07496,100861540
C07496,107987478
C07496,107987479
C07496,11283
C07496,1543
C07496,1544
C07496,1545
C07496,1551
C07496,1553
C07496,1558
C07496,1562
C07496,1564
C07496,1565
C07496,1572
C07496,1573
C07496,1577
C07496,1579
C07496,1580
C07496,199974
C07496,260293
C07496,284541
C07496,29785
C07496,57834
C07496,64816
C07496,66002
C07535,100861540
C07535,107987478
C07535,107987479
C07535,11283
C07535,1543
C07535,1544
C07535,1545
C07535,1551
C07535,1553
C07535,1558
C07535,1562
C07535,1564
C07535,1565
C07535,1572
C07535,1573
C07535,1577
C07535,1579
C07535,1580
C07535,199974
C07535,260293
C07535,284541
C07535,29785
C07535,57834
C07535,64816
C07535,66002
C07565,10
C07565,9
C07572,100861540
C07572,107987478
C07572,107987479
C07572,11283
C07572,1543
C07572,1544
C07572,1545
C07572,1551
C07572,1553
C07572,1558
C07572,1562
C07572,1564
C07572,1565
C07572,1572
C07572,1573
C07572,1577
C07572,1579
C07572,1580
C07572,199974
C07572,260293
C07572,284541
C07572,29785
C07572,57834
C07572,64816
C07572,66002
C07572,4128
C07572,4129
C07585,10
C07585,9
C07585,1066
C07585,124641
C07585,221223
C07585,23491
C07585,8824
C07635,340811
C07635,8644
C07639,1735
C07645,124
C07645,125
C07645,126
C07645,127
C07645,128
C07645,130
C07645,131
C07645,218
C07645,221
C07645,222
C07645,10314
C07645,119391
C07645,221357
C07645,25774
C07645,27306
C07645,2938
C07645,2939
C07645,2940
C07645,2941
C07645,2944
C07645,2946
C07645,2947
C07645,2948
C07645,2949
C07645,2950
C07645,2952
C07645,2953
C07645,373156
C07645,4257
C07645,4258
C07645,4259
C07645,653689
C07645,9446
C07646,218
C07646,221
C07646,222
C07648,3251
C07649,1806
C07649,7372
C07649,151531
C07649,7378
C07649,1890
C07712,1591
C07712,1594
C08276,55256
C08299,11185
C08325,57733
C08334,57733
C08362,147111
C08492,124
C08492,125
C08492,126
C08492,127
C08492,128
C08492,130
C08492,131
C08601,6121
C08821,1717
C08825,51478
C08825,79154
C09099,57733
C09126,57733
C09332,2356
C09844,1576
C10208,57733
C10216,57733
C10974,26
C11004,1066
C11004,124641
C11004,221223
C11004,23491
C11004,8824
C11038,10201
C11038,221264
C11038,29922
C11038,4830
C11038,4831
C11038,4832
C11038,4833
C11038,654364
C11039,10201
C11039,221264
C11039,29922
C11039,4830
C11039,4831
C11039,4832
C11039,4833
C11039,654364
C11039,10514
C11039,10721
C11039,11201
C11039,201973
C11039,27343
C11039,27434
C11039,353497
C11039,51426
C11039,54107
C11039,5422
C11039,5423
C11039,5424
C11039,5426
C11039,5427
C11039,5428
C11039,5429
C11039,56655
C11039,5980
C11061,10720
C11061,10941
C11061,54490
C11061,54575
C11061,54576
C11061,54577
C11061,54578
C11061,54579
C11061,54600
C11061,54657
C11061,54658
C11061,54659
C11061,574537
C11061,7363
C11061,7364
C11061,7365
C11061,7366
C11061,7367
C11061,79799
C11088,10314
C11088,119391
C11088,221357
C11088,25774
C11088,27306
C11088,2938
C11088,2939
C11088,2940
C11088,2941
C11088,2944
C11088,2946
C11088,2947
C11088,2948
C11088,2949
C11088,2950
C11088,2952
C11088,2953
C11088,373156
C11088,4257
C11088,4258
C11088,4259
C11088,653689
C11088,9446
C11131,10720
C11131,10941
C11131,54490
C11131,54575
C11131,54576
C11131,54577
C11131,54578
C11131,54579
C11131,54600
C11131,54657
C11131,54658
C11131,54659
C11131,574537
C11131,7363
C11131,7364
C11131,7365
C11131,7366
C11131,7367
C11131,79799
C11132,10720
C11132,10941
C11132,54490
C11132,54575
C11132,54576
C11132,54577
C11132,54578
C11132,54579
C11132,54600
C11132,54657
C11132,54658
C11132,54659
C11132,574537
C11132,7363
C11132,7364
C11132,7365
C11132,7366
C11132,7367
C11132,79799
C11133,10720
C11133,10941
C11133,54490
C11133,54575
C11133,54576
C11133,54577
C11133,54578
C11133,54579
C11133,54600
C11133,54657
C11133,54658
C11133,54659
C11133,574537
C11133,7363
C11133,7364
C11133,7365
C11133,7366
C11133,7367
C11133,79799
C11134,10720
C11134,10941
C11134,54490
C11134,54575
C11134,54576
C11134,54577
C11134,54578
C11134,54579
C11134,54600
C11134,54657
C11134,54658
C11134,54659
C11134,574537
C11134,7363
C11134,7364
C11134,7365
C11134,7366
C11134,7367
C11134,79799
C11135,10720
C11135,10941
C11135,54490
C11135,54575
C11135,54576
C11135,54577
C11135,54578
C11135,54579
C11135,54600
C11135,54657
C11135,54658
C11135,54659
C11135,574537
C11135,7363
C11135,7364
C11135,7365
C11135,7366
C11135,7367
C11135,79799
C11136,10720
C11136,10941
C11136,54490
C11136,54575
C11136,54576
C11136,54577
C11136,54578
C11136,54579
C11136,54600
C11136,54657
C11136,54658
C11136,54659
C11136,574537
C11136,7363
C11136,7364
C11136,7365
C11136,7366
C11136,7367
C11136,79799
C11148,100861540
C11148,107987478
C11148,107987479
C11148,11283
C11148,1543
C11148,1544
C11148,1545
C11148,1551
C11148,1553
C11148,1558
C11148,1562
C11148,1564
C11148,1565
C11148,1572
C11148,1573
C11148,1577
C11148,1579
C11148,1580
C11148,199974
C11148,260293
C11148,284541
C11148,29785
C11148,57834
C11148,64816
C11148,66002
C11150,218
C11150,221
C11150,222
C11173,10720
C11173,10941
C11173,54490
C11173,54575
C11173,54576
C11173,54577
C11173,54578
C11173,54579
C11173,54600
C11173,54657
C11173,54658
C11173,54659
C11173,574537
C11173,7363
C11173,7364
C11173,7365
C11173,7366
C11173,7367
C11173,79799
C11173,1066
C11173,124641
C11173,221223
C11173,23491
C11173,8824
C11173,2990
C11173,9365
C11174,117283
C11174,51447
C11174,9807
C11174,23262
C11174,9677
C11278,10314
C11278,119391
C11278,221357
C11278,25774
C11278,27306
C11278,2938
C11278,2939
C11278,2940
C11278,2941
C11278,2944
C11278,2946
C11278,2947
C11278,2948
C11278,2949
C11278,2950
C11278,2952
C11278,2953
C11278,373156
C11278,4257
C11278,4258
C11278,4259
C11278,653689
C11278,9446
C11301,6822
C11376,10720
C11376,10941
C11376,54490
C11376,54575
C11376,54576
C11376,54577
C11376,54578
C11376,54579
C11376,54600
C11376,54657
C11376,54658
C11376,54659
C11376,574537
C11376,7363
C11376,7364
C11376,7365
C11376,7366
C11376,7367
C11376,79799
C11376,2990
C11376,9365
C11377,6480
C11377,84620
C11409,1557
C11409,1559
C11439,64146
C11440,64146
C11455,1595
C11455,3930
C11455,7108
C11475,4255
C11508,1595
C11508,3930
C11508,7108
C11509,6307
C11522,10682
C11524,11163
C11524,11165
C11524,170685
C11524,440672
C11524,55190
C11525,11163
C11525,11165
C11525,170685
C11525,440672
C11525,55190
C11526,117283
C11526,51447
C11526,9807
C11526,23262
C11526,9677
C11526,11163
C11526,11165
C11526,170685
C11526,440672
C11526,55190
C11527,84842
C11537,4190
C11537,4191
C11547,313
C11548,313
C11553,222537
C11553,9957
C11553,9956
C11553,9953
C11553,9955
C11554,5286
C11554,5287
C11554,5288
C11554,3633
C11554,4952
C11554,56623
C11554,8867
C11554,8871
C11554,4534
C11554,55613
C11554,64419
C11554,8776
C11554,8897
C11554,8898
C11554,9107
C11554,9108
C11554,9110
C11554,3631
C11554,8821
C11554,3635
C11554,3636
C11555,253430
C11556,200576
C11556,4534
C11556,55613
C11556,64419
C11556,8776
C11556,8897
C11556,8898
C11556,9107
C11556,9108
C11556,9110
C11557,5305
C11557,79837
C11557,8396
C11557,200576
C11557,55529
C11557,90809
C11557,4534
C11557,55613
C11557,64419
C11557,8776
C11557,8897
C11557,8898
C11557,9107
C11557,9108
C11557,9110
C11572,201595
C11572,3703
C11583,10314
C11583,119391
C11583,221357
C11583,25774
C11583,27306
C11583,2938
C11583,2939
C11583,2940
C11583,2941
C11583,2944
C11583,2946
C11583,2947
C11583,2948
C11583,2949
C11583,2950
C11583,2952
C11583,2953
C11583,373156
C11583,4257
C11583,4258
C11583,4259
C11583,653689
C11583,9446
C11695,158584
C11695,2166
C11735,1066
C11735,124641
C11735,221223
C11735,23491
C11735,8824
C11736,1890
C11736,7083
C11736,7084
C11785,100861540
C11785,107987478
C11785,107987479
C11785,11283
C11785,1543
C11785,1544
C11785,1545
C11785,1551
C11785,1553
C11785,1558
C11785,1562
C11785,1564
C11785,1565
C11785,1572
C11785,1573
C11785,1577
C11785,1579
C11785,1580
C11785,199974
C11785,260293
C11785,284541
C11785,29785
C11785,57834
C11785,64816
C11785,66002
C11823,3034
C11907,23483
C11924,217
C11924,219
C11924,223
C11924,224
C11924,501
C11945,1892
C11945,1962
C11945,3030
C11946,1892
C11946,1962
C11946,3030
C11947,1892
C11947,1962
C11947,3030
C12126,123099
C12126,8560
C12126,253782
C12126,91012
C12126,204219
C12126,29956
C12126,79603
C12126,10715
C12126,125981
C12126,340485
C12126,427
C12126,56624
C12144,123099
C12144,8560
C12144,204219
C12144,29956
C12144,79603
C12144,125981
C12144,340485
C12144,427
C12144,56624
C12145,123099
C12145,8560
C12145,79152
C12145,204219
C12145,29956
C12145,79603
C12145,125981
C12145,340485
C12145,427
C12145,56624
C12146,204219
C12146,29956
C12146,79603
C12205,137902
C12205,4025
C12205,7837
C12205,8288
C12205,9588
C12214,7086
C12214,8277
C12214,84076
C12215,7086
C12215,8277
C12215,84076
C12248,646625
C12270,10003
C12270,10004
C12270,2346
C12270,254827
C12270,284716
C12270,57494
C12287,83875
C12296,285148
C12448,1066
C12448,124641
C12448,221223
C12448,23491
C12448,8824
C12455,314
C12455,8639
C12632,2990
C12632,9365
C12650,1066
C12650,124641
C12650,221223
C12650,23491
C12650,8824
C12739,1890
C12739,81602
C12739,978
C13050,23098
C13050,683
C13050,952
C13051,683
C13051,952
C13378,7086
C13378,8277
C13378,84076
C13425,27235
C13550,10858
C13550,51302
C13636,5444
C13636,5445
C13636,5446
C13645,10314
C13645,119391
C13645,221357
C13645,25774
C13645,27306
C13645,2938
C13645,2939
C13645,2940
C13645,2941
C13645,2944
C13645,2946
C13645,2947
C13645,2948
C13645,2949
C13645,2950
C13645,2952
C13645,2953
C13645,373156
C13645,4257
C13645,4258
C13645,4259
C13645,653689
C13645,9446
C13712,1645
C13712,1646
C13712,340811
C13712,8644
C13712,1586
C13713,1646
C13713,340811
C13713,8644
C13747,100861540
C13747,107987478
C13747,107987479
C13747,11283
C13747,1543
C13747,1544
C13747,1545
C13747,1551
C13747,1553
C13747,1558
C13747,1562
C13747,1564
C13747,1565
C13747,1572
C13747,1573
C13747,1577
C13747,1579
C13747,1580
C13747,199974
C13747,260293
C13747,284541
C13747,29785
C13747,57834
C13747,64816
C13747,66002
C13747,7498
C13747,10
C13747,9
C14040,100861540
C14040,107987478
C14040,107987479
C14040,11283
C14040,1543
C14040,1544
C14040,1545
C14040,1551
C14040,1553
C14040,1558
C14040,1562
C14040,1564
C14040,1565
C14040,1572
C14040,1573
C14040,1577
C14040,1579
C14040,1580
C14040,199974
C14040,260293
C14040,284541
C14040,29785
C14040,57834
C14040,64816
C14040,66002
C14089,124
C14089,125
C14089,126
C14089,127
C14089,128
C14089,130
C14089,131
C14090,124
C14090,125
C14090,126
C14090,127
C14090,128
C14090,130
C14090,131
C14099,124
C14099,125
C14099,126
C14099,127
C14099,128
C14099,130
C14099,131
C14144,1892
C14144,1962
C14144,3030
C14145,1962
C14145,3028
C14145,3033
C14145,1892
C14145,3030
C14180,128
C14556,100861540
C14556,107987478
C14556,107987479
C14556,11283
C14556,1543
C14556,1544
C14556,1545
C14556,1551
C14556,1553
C14556,1558
C14556,1562
C14556,1564
C14556,1565
C14556,1572
C14556,1573
C14556,1577
C14556,1579
C14556,1580
C14556,199974
C14556,260293
C14556,284541
C14556,29785
C14556,57834
C14556,64816
C14556,66002
C14748,113612
C14749,100861540
C14749,107987478
C14749,107987479
C14749,11283
C14749,1543
C14749,1544
C14749,1545
C14749,1551
C14749,1553
C14749,1558
C14749,1562
C14749,1564
C14749,1565
C14749,1572
C14749,1573
C14749,1577
C14749,1579
C14749,1580
C14749,199974
C14749,260293
C14749,284541
C14749,29785
C14749,57834
C14749,64816
C14749,66002
C14749,113612
C14768,100861540
C14768,107987478
C14768,107987479
C14768,11283
C14768,1543
C14768,1544
C14768,1545
C14768,1551
C14768,1553
C14768,1558
C14768,1562
C14768,1564
C14768,1565
C14768,1572
C14768,1573
C14768,1577
C14768,1579
C14768,1580
C14768,199974
C14768,260293
C14768,284541
C14768,29785
C14768,57834
C14768,64816
C14768,66002
C14768,2053
C14768,79852
C14769,100861540
C14769,107987478
C14769,107987479
C14769,11283
C14769,1543
C14769,1544
C14769,1545
C14769,1551
C14769,1553
C14769,1558
C14769,1562
C14769,1564
C14769,1565
C14769,1572
C14769,1573
C14769,1577
C14769,1579
C14769,1580
C14769,199974
C14769,260293
C14769,284541
C14769,29785
C14769,57834
C14769,64816
C14769,66002
C14769,2053
C14769,79852
C14770,100861540
C14770,107987478
C14770,107987479
C14770,11283
C14770,1543
C14770,1544
C14770,1545
C14770,1551
C14770,1553
C14770,1558
C14770,1562
C14770,1564
C14770,1565
C14770,1572
C14770,1573
C14770,1577
C14770,1579
C14770,1580
C14770,199974
C14770,260293
C14770,284541
C14770,29785
C14770,57834
C14770,64816
C14770,66002
C14770,2053
C14770,79852
C14771,100861540
C14771,107987478
C14771,107987479
C14771,11283
C14771,1543
C14771,1544
C14771,1545
C14771,1551
C14771,1553
C14771,1558
C14771,1562
C14771,1564
C14771,1565
C14771,1572
C14771,1573
C14771,1577
C14771,1579
C14771,1580
C14771,199974
C14771,260293
C14771,284541
C14771,29785
C14771,57834
C14771,64816
C14771,66002
C14771,2053
C14771,79852
C14772,2053
C14772,79852
C14773,2053
C14773,79852
C14774,2053
C14774,79852
C14775,2053
C14775,79852
C14777,2879
C14778,100861540
C14778,107987478
C14778,107987479
C14778,11283
C14778,1543
C14778,1544
C14778,1545
C14778,1551
C14778,1553
C14778,1558
C14778,1562
C14778,1564
C14778,1565
C14778,1572
C14778,1573
C14778,1577
C14778,1579
C14778,1580
C14778,199974
C14778,260293
C14778,284541
C14778,29785
C14778,57834
C14778,64816
C14778,66002
C14781,100861540
C14781,107987478
C14781,107987479
C14781,11283
C14781,1543
C14781,1544
C14781,1545
C14781,1551
C14781,1553
C14781,1558
C14781,1562
C14781,1564
C14781,1565
C14781,1572
C14781,1573
C14781,1577
C14781,1579
C14781,1580
C14781,199974
C14781,260293
C14781,284541
C14781,29785
C14781,57834
C14781,64816
C14781,66002
C14782,100861540
C14782,107987478
C14782,107987479
C14782,11283
C14782,1543
C14782,1544
C14782,1545
C14782,1551
C14782,1553
C14782,1558
C14782,1562
C14782,1564
C14782,1565
C14782,1572
C14782,1573
C14782,1577
C14782,1579
C14782,1580
C14782,199974
C14782,260293
C14782,284541
C14782,29785
C14782,57834
C14782,64816
C14782,66002
C14786,100861540
C14786,107987478
C14786,107987479
C14786,11283
C14786,1543
C14786,1544
C14786,1545
C14786,1551
C14786,1553
C14786,1558
C14786,1562
C14786,1564
C14786,1565
C14786,1572
C14786,1573
C14786,1577
C14786,1579
C14786,1580
C14786,199974
C14786,260293
C14786,284541
C14786,29785
C14786,57834
C14786,64816
C14786,66002
C14786,10314
C14786,119391
C14786,221357
C14786,25774
C14786,27306
C14786,2938
C14786,2939
C14786,2940
C14786,2941
C14786,2944
C14786,2946
C14786,2947
C14786,2948
C14786,2949
C14786,2950
C14786,2952
C14786,2953
C14786,373156
C14786,4257
C14786,4258
C14786,4259
C14786,653689
C14786,9446
C14786,2052
C14787,100861540
C14787,107987478
C14787,107987479
C14787,11283
C14787,1543
C14787,1544
C14787,1545
C14787,1551
C14787,1553
C14787,1558
C14787,1562
C14787,1564
C14787,1565
C14787,1572
C14787,1573
C14787,1577
C14787,1579
C14787,1580
C14787,199974
C14787,260293
C14787,284541
C14787,29785
C14787,57834
C14787,64816
C14787,66002
C14787,10314
C14787,119391
C14787,221357
C14787,25774
C14787,27306
C14787,2938
C14787,2939
C14787,2940
C14787,2941
C14787,2944
C14787,2946
C14787,2947
C14787,2948
C14787,2949
C14787,2950
C14787,2952
C14787,2953
C14787,373156
C14787,4257
C14787,4258
C14787,4259
C14787,653689
C14787,9446
C14787,2052
C14791,10314
C14791,119391
C14791,221357
C14791,25774
C14791,27306
C14791,2938
C14791,2939
C14791,2940
C14791,2941
C14791,2944
C14791,2946
C14791,2947
C14791,2948
C14791,2949
C14791,2950
C14791,2952
C14791,2953
C14791,373156
C14791,4257
C14791,4258
C14791,4259
C14791,653689
C14791,9446
C14792,10314
C14792,119391
C14792,221357
C14792,25774
C14792,27306
C14792,2938
C14792,2939
C14792,2940
C14792,2941
C14792,2944
C14792,2946
C14792,2947
C14792,2948
C14792,2949
C14792,2950
C14792,2952
C14792,2953
C14792,373156
C14792,4257
C14792,4258
C14792,4259
C14792,653689
C14792,9446
C14793,10314
C14793,119391
C14793,221357
C14793,25774
C14793,27306
C14793,2938
C14793,2939
C14793,2940
C14793,2941
C14793,2944
C14793,2946
C14793,2947
C14793,2948
C14793,2949
C14793,2950
C14793,2952
C14793,2953
C14793,373156
C14793,4257
C14793,4258
C14793,4259
C14793,653689
C14793,9446
C14800,100861540
C14800,107987478
C14800,107987479
C14800,11283
C14800,1543
C14800,1544
C14800,1545
C14800,1551
C14800,1553
C14800,1558
C14800,1562
C14800,1564
C14800,1565
C14800,1572
C14800,1573
C14800,1577
C14800,1579
C14800,1580
C14800,199974
C14800,260293
C14800,284541
C14800,29785
C14800,57834
C14800,64816
C14800,66002
C14800,10314
C14800,119391
C14800,221357
C14800,25774
C14800,27306
C14800,2938
C14800,2939
C14800,2940
C14800,2941
C14800,2944
C14800,2946
C14800,2947
C14800,2948
C14800,2949
C14800,2950
C14800,2952
C14800,2953
C14800,373156
C14800,4257
C14800,4258
C14800,4259
C14800,653689
C14800,9446
C14800,2052
C14801,2052
C14802,100861540
C14802,107987478
C14802,107987479
C14802,11283
C14802,1543
C14802,1544
C14802,1545
C14802,1551
C14802,1553
C14802,1558
C14802,1562
C14802,1564
C14802,1565
C14802,1572
C14802,1573
C14802,1577
C14802,1579
C14802,1580
C14802,199974
C14802,260293
C14802,284541
C14802,29785
C14802,57834
C14802,64816
C14802,66002
C14802,10314
C14802,119391
C14802,221357
C14802,25774
C14802,27306
C14802,2938
C14802,2939
C14802,2940
C14802,2941
C14802,2944
C14802,2946
C14802,2947
C14802,2948
C14802,2949
C14802,2950
C14802,2952
C14802,2953
C14802,373156
C14802,4257
C14802,4258
C14802,4259
C14802,653689
C14802,9446
C14803,10314
C14803,119391
C14803,221357
C14803,25774
C14803,27306
C14803,2938
C14803,2939
C14803,2940
C14803,2941
C14803,2944
C14803,2946
C14803,2947
C14803,2948
C14803,2949
C14803,2950
C14803,2952
C14803,2953
C14803,373156
C14803,4257
C14803,4258
C14803,4259
C14803,653689
C14803,9446
C14804,10314
C14804,119391
C14804,221357
C14804,25774
C14804,27306
C14804,2938
C14804,2939
C14804,2940
C14804,2941
C14804,2944
C14804,2946
C14804,2947
C14804,2948
C14804,2949
C14804,2950
C14804,2952
C14804,2953
C14804,373156
C14804,4257
C14804,4258
C14804,4259
C14804,653689
C14804,9446
C14805,10314
C14805,119391
C14805,221357
C14805,25774
C14805,27306
C14805,2938
C14805,2939
C14805,2940
C14805,2941
C14805,2944
C14805,2946
C14805,2947
C14805,2948
C14805,2949
C14805,2950
C14805,2952
C14805,2953
C14805,373156
C14805,4257
C14805,4258
C14805,4259
C14805,653689
C14805,9446
C14806,10314
C14806,119391
C14806,221357
C14806,25774
C14806,27306
C14806,2938
C14806,2939
C14806,2940
C14806,2941
C14806,2944
C14806,2946
C14806,2947
C14806,2948
C14806,2949
C14806,2950
C14806,2952
C14806,2953
C14806,373156
C14806,4257
C14806,4258
C14806,4259
C14806,653689
C14806,9446
C14807,59344
C14808,59344
C14810,59344
C14812,59344
C14813,100861540
C14813,107987478
C14813,107987479
C14813,11283
C14813,1543
C14813,1544
C14813,1545
C14813,1551
C14813,1553
C14813,1558
C14813,1562
C14813,1564
C14813,1565
C14813,1572
C14813,1573
C14813,1577
C14813,1579
C14813,1580
C14813,199974
C14813,260293
C14813,284541
C14813,29785
C14813,57834
C14813,64816
C14813,66002
C14814,100861540
C14814,107987478
C14814,107987479
C14814,11283
C14814,1543
C14814,1544
C14814,1545
C14814,1551
C14814,1553
C14814,1558
C14814,1562
C14814,1564
C14814,1565
C14814,1572
C14814,1573
C14814,1577
C14814,1579
C14814,1580
C14814,199974
C14814,260293
C14814,284541
C14814,29785
C14814,57834
C14814,64816
C14814,66002
C14818,3162
C14818,3163
C14818,1356
C14818,2395
C14818,2495
C14818,341208
C14818,94033
C14818,9843
C14818,11019
C14818,2235
C14818,11068
C14818,1534
C14818,220002
C14818,79901
C14819,1356
C14819,2395
C14819,2495
C14819,341208
C14819,94033
C14819,9843
C14819,11068
C14819,1534
C14819,220002
C14819,79901
C14825,100861540
C14825,107987478
C14825,107987479
C14825,11283
C14825,1543
C14825,1544
C14825,1545
C14825,1551
C14825,1553
C14825,1558
C14825,1562
C14825,1564
C14825,1565
C14825,1572
C14825,1573
C14825,1577
C14825,1579
C14825,1580
C14825,199974
C14825,260293
C14825,284541
C14825,29785
C14825,57834
C14825,64816
C14825,66002
C14826,100861540
C14826,107987478
C14826,107987479
C14826,11283
C14826,1543
C14826,1544
C14826,1545
C14826,1551
C14826,1553
C14826,1558
C14826,1562
C14826,1564
C14826,1565
C14826,1572
C14826,1573
C14826,1577
C14826,1579
C14826,1580
C14826,199974
C14826,260293
C14826,284541
C14826,29785
C14826,57834
C14826,64816
C14826,66002
C14830,7264
C14839,10314
C14839,119391
C14839,221357
C14839,25774
C14839,27306
C14839,2938
C14839,2939
C14839,2940
C14839,2941
C14839,2944
C14839,2946
C14839,2947
C14839,2948
C14839,2949
C14839,2950
C14839,2952
C14839,2953
C14839,373156
C14839,4257
C14839,4258
C14839,4259
C14839,653689
C14839,9446
C14839,2052
C14840,10314
C14840,119391
C14840,221357
C14840,25774
C14840,27306
C14840,2938
C14840,2939
C14840,2940
C14840,2941
C14840,2944
C14840,2946
C14840,2947
C14840,2948
C14840,2949
C14840,2950
C14840,2952
C14840,2953
C14840,373156
C14840,4257
C14840,4258
C14840,4259
C14840,653689
C14840,9446
C14840,2052
C14842,2052
C14844,2052
C14847,10314
C14847,119391
C14847,221357
C14847,25774
C14847,27306
C14847,2938
C14847,2939
C14847,2940
C14847,2941
C14847,2944
C14847,2946
C14847,2947
C14847,2948
C14847,2949
C14847,2950
C14847,2952
C14847,2953
C14847,373156
C14847,4257
C14847,4258
C14847,4259
C14847,653689
C14847,9446
C14848,10314
C14848,119391
C14848,221357
C14848,25774
C14848,27306
C14848,2938
C14848,2939
C14848,2940
C14848,2941
C14848,2944
C14848,2946
C14848,2947
C14848,2948
C14848,2949
C14848,2950
C14848,2952
C14848,2953
C14848,373156
C14848,4257
C14848,4258
C14848,4259
C14848,653689
C14848,9446
C14849,100861540
C14849,107987478
C14849,107987479
C14849,11283
C14849,1543
C14849,1544
C14849,1545
C14849,1551
C14849,1553
C14849,1558
C14849,1562
C14849,1564
C14849,1565
C14849,1572
C14849,1573
C14849,1577
C14849,1579
C14849,1580
C14849,199974
C14849,260293
C14849,284541
C14849,29785
C14849,57834
C14849,64816
C14849,66002
C14850,100861540
C14850,107987478
C14850,107987479
C14850,11283
C14850,1543
C14850,1544
C14850,1545
C14850,1551
C14850,1553
C14850,1558
C14850,1562
C14850,1564
C14850,1565
C14850,1572
C14850,1573
C14850,1577
C14850,1579
C14850,1580
C14850,199974
C14850,260293
C14850,284541
C14850,29785
C14850,57834
C14850,64816
C14850,66002
C14850,2052
C14851,100861540
C14851,107987478
C14851,107987479
C14851,11283
C14851,1543
C14851,1544
C14851,1545
C14851,1551
C14851,1553
C14851,1558
C14851,1562
C14851,1564
C14851,1565
C14851,1572
C14851,1573
C14851,1577
C14851,1579
C14851,1580
C14851,199974
C14851,260293
C14851,284541
C14851,29785
C14851,57834
C14851,64816
C14851,66002
C14851,10314
C14851,119391
C14851,221357
C14851,25774
C14851,27306
C14851,2938
C14851,2939
C14851,2940
C14851,2941
C14851,2944
C14851,2946
C14851,2947
C14851,2948
C14851,2949
C14851,2950
C14851,2952
C14851,2953
C14851,373156
C14851,4257
C14851,4258
C14851,4259
C14851,653689
C14851,9446
C14852,100861540
C14852,107987478
C14852,107987479
C14852,11283
C14852,1543
C14852,1544
C14852,1545
C14852,1551
C14852,1553
C14852,1558
C14852,1562
C14852,1564
C14852,1565
C14852,1572
C14852,1573
C14852,1577
C14852,1579
C14852,1580
C14852,199974
C14852,260293
C14852,284541
C14852,29785
C14852,57834
C14852,64816
C14852,66002
C14852,10314
C14852,119391
C14852,221357
C14852,25774
C14852,27306
C14852,2938
C14852,2939
C14852,2940
C14852,2941
C14852,2944
C14852,2946
C14852,2947
C14852,2948
C14852,2949
C14852,2950
C14852,2952
C14852,2953
C14852,373156
C14852,4257
C14852,4258
C14852,4259
C14852,653689
C14852,9446
C14852,2052
C14853,100861540
C14853,107987478
C14853,107987479
C14853,11283
C14853,1543
C14853,1544
C14853,1545
C14853,1551
C14853,1553
C14853,1558
C14853,1562
C14853,1564
C14853,1565
C14853,1572
C14853,1573
C14853,1577
C14853,1579
C14853,1580
C14853,199974
C14853,260293
C14853,284541
C14853,29785
C14853,57834
C14853,64816
C14853,66002
C14854,100861540
C14854,107987478
C14854,107987479
C14854,11283
C14854,1543
C14854,1544
C14854,1545
C14854,1551
C14854,1553
C14854,1558
C14854,1562
C14854,1564
C14854,1565
C14854,1572
C14854,1573
C14854,1577
C14854,1579
C14854,1580
C14854,199974
C14854,260293
C14854,284541
C14854,29785
C14854,57834
C14854,64816
C14854,66002
C14855,10314
C14855,119391
C14855,221357
C14855,25774
C14855,27306
C14855,2938
C14855,2939
C14855,2940
C14855,2941
C14855,2944
C14855,2946
C14855,2947
C14855,2948
C14855,2949
C14855,2950
C14855,2952
C14855,2953
C14855,373156
C14855,4257
C14855,4258
C14855,4259
C14855,653689
C14855,9446
C14856,10314
C14856,119391
C14856,221357
C14856,25774
C14856,27306
C14856,2938
C14856,2939
C14856,2940
C14856,2941
C14856,2944
C14856,2946
C14856,2947
C14856,2948
C14856,2949
C14856,2950
C14856,2952
C14856,2953
C14856,373156
C14856,4257
C14856,4258
C14856,4259
C14856,653689
C14856,9446
C14857,10314
C14857,119391
C14857,221357
C14857,25774
C14857,27306
C14857,2938
C14857,2939
C14857,2940
C14857,2941
C14857,2944
C14857,2946
C14857,2947
C14857,2948
C14857,2949
C14857,2950
C14857,2952
C14857,2953
C14857,373156
C14857,4257
C14857,4258
C14857,4259
C14857,653689
C14857,9446
C14858,10314
C14858,119391
C14858,221357
C14858,25774
C14858,27306
C14858,2938
C14858,2939
C14858,2940
C14858,2941
C14858,2944
C14858,2946
C14858,2947
C14858,2948
C14858,2949
C14858,2950
C14858,2952
C14858,2953
C14858,373156
C14858,4257
C14858,4258
C14858,4259
C14858,653689
C14858,9446
C14859,10314
C14859,119391
C14859,221357
C14859,25774
C14859,27306
C14859,2938
C14859,2939
C14859,2940
C14859,2941
C14859,2944
C14859,2946
C14859,2947
C14859,2948
C14859,2949
C14859,2950
C14859,2952
C14859,2953
C14859,373156
C14859,4257
C14859,4258
C14859,4259
C14859,653689
C14859,9446
C14861,10314
C14861,119391
C14861,221357
C14861,25774
C14861,27306
C14861,2938
C14861,2939
C14861,2940
C14861,2941
C14861,2944
C14861,2946
C14861,2947
C14861,2948
C14861,2949
C14861,2950
C14861,2952
C14861,2953
C14861,373156
C14861,4257
C14861,4258
C14861,4259
C14861,653689
C14861,9446
C14863,10314
C14863,119391
C14863,221357
C14863,25774
C14863,27306
C14863,2938
C14863,2939
C14863,2940
C14863,2941
C14863,2944
C14863,2946
C14863,2947
C14863,2948
C14863,2949
C14863,2950
C14863,2952
C14863,2953
C14863,373156
C14863,4257
C14863,4258
C14863,4259
C14863,653689
C14863,9446
C14864,10314
C14864,119391
C14864,221357
C14864,25774
C14864,27306
C14864,2938
C14864,2939
C14864,2940
C14864,2941
C14864,2944
C14864,2946
C14864,2947
C14864,2948
C14864,2949
C14864,2950
C14864,2952
C14864,2953
C14864,373156
C14864,4257
C14864,4258
C14864,4259
C14864,653689
C14864,9446
C14865,10314
C14865,119391
C14865,221357
C14865,25774
C14865,27306
C14865,2938
C14865,2939
C14865,2940
C14865,2941
C14865,2944
C14865,2946
C14865,2947
C14865,2948
C14865,2949
C14865,2950
C14865,2952
C14865,2953
C14865,373156
C14865,4257
C14865,4258
C14865,4259
C14865,653689
C14865,9446
C14866,100861540
C14866,107987478
C14866,107987479
C14866,11283
C14866,1543
C14866,1544
C14866,1545
C14866,1551
C14866,1553
C14866,1558
C14866,1562
C14866,1564
C14866,1565
C14866,1572
C14866,1573
C14866,1577
C14866,1579
C14866,1580
C14866,199974
C14866,260293
C14866,284541
C14866,29785
C14866,57834
C14866,64816
C14866,66002
C14868,10314
C14868,119391
C14868,221357
C14868,25774
C14868,27306
C14868,2938
C14868,2939
C14868,2940
C14868,2941
C14868,2944
C14868,2946
C14868,2947
C14868,2948
C14868,2949
C14868,2950
C14868,2952
C14868,2953
C14868,373156
C14868,4257
C14868,4258
C14868,4259
C14868,653689
C14868,9446
C14869,10720
C14869,10941
C14869,54490
C14869,54575
C14869,54576
C14869,54577
C14869,54578
C14869,54579
C14869,54600
C14869,54657
C14869,54658
C14869,54659
C14869,574537
C14869,7363
C14869,7364
C14869,7365
C14869,7366
C14869,7367
C14869,79799
C14870,10314
C14870,119391
C14870,221357
C14870,25774
C14870,27306
C14870,2938
C14870,2939
C14870,2940
C14870,2941
C14870,2944
C14870,2946
C14870,2947
C14870,2948
C14870,2949
C14870,2950
C14870,2952
C14870,2953
C14870,373156
C14870,4257
C14870,4258
C14870,4259
C14870,653689
C14870,9446
C14871,10314
C14871,119391
C14871,221357
C14871,25774
C14871,27306
C14871,2938
C14871,2939
C14871,2940
C14871,2941
C14871,2944
C14871,2946
C14871,2947
C14871,2948
C14871,2949
C14871,2950
C14871,2952
C14871,2953
C14871,373156
C14871,4257
C14871,4258
C14871,4259
C14871,653689
C14871,9446
C14874,10314
C14874,119391
C14874,221357
C14874,25774
C14874,27306
C14874,2938
C14874,2939
C14874,2940
C14874,2941
C14874,2944
C14874,2946
C14874,2947
C14874,2948
C14874,2949
C14874,2950
C14874,2952
C14874,2953
C14874,373156
C14874,4257
C14874,4258
C14874,4259
C14874,653689
C14874,9446
C15492,54884
C15493,216
C15493,220
C15493,8854
C15493,316
C15496,285362
C15497,4835
C15498,10549
C15498,10935
C15498,25824
C15498,5052
C15498,7001
C15498,9588
C15516,1576
C15517,1576
C15518,80270
C15518,51302
C15519,9420
C15519,9023
C15520,80270
C15520,9420
C15522,5053
C15522,7054
C15522,121278
C15522,7166
C15522,5092
C15522,84105
C15534,15
C15535,15
C15543,4247
C15544,4248
C15557,6822
C15558,56548
C15558,9469
C15565,51179
C15565,54363
C15566,100037417
C15566,1652
C15571,120356740
C15571,1312
C15571,220074
C15572,120356740
C15572,1312
C15572,220074
C15573,2131
C15573,2132
C15573,2134
C15573,2137
C15574,2131
C15574,2132
C15574,2134
C15574,2137
C15575,2131
C15575,2132
C15576,2131
C15576,2132
C15577,22856
C15577,337876
C15577,54480
C15577,79586
C15578,22856
C15578,337876
C15578,54480
C15578,79586
C15583,5444
C15583,5445
C15583,5446
C15584,445329
C15584,6799
C15584,6817
C15584,6818
C15584,5444
C15584,5445
C15584,5446
C15585,3612
C15585,3613
C15586,144811
C15586,4860
C15587,144811
C15587,4860
C15588,2053
C15588,79852
C15590,55750
C15596,22949
C15597,22949
C15602,2820
C15602,4835
C15602,6389
C15602,6390
C15602,1723
C15602,5625
C15602,58510
C15602,1728
C15602,10493
C15602,1429
C15602,57687
C15602,9540
C15602,58472
C15602,7386
C15603,2820
C15603,4835
C15603,6389
C15603,6390
C15603,1723
C15603,5625
C15603,58510
C15603,1728
C15603,58472
C15603,7386
C15604,51449
C15604,78991
C15605,169355
C15605,3620
C15606,55256
C15606,58478
C15610,1581
C15610,9420
C15610,1593
C15613,8309
C15613,23600
C15613,10998
C15614,8309
C15614,3295
C15646,284161
C15646,5168
C15646,79153
C15647,122618
C15647,23646
C15647,5337
C15647,5338
C15650,58478
C15650,51074
C15651,58478
C15653,22921
C15653,253827
C15653,51734
C15656,2135
C15656,2137
C15658,2822
C15670,1355
C15672,1355
C15672,1352
C15776,3930
C15776,7108
C15776,10682
C15777,51478
C15777,79154
C15777,6309
C15780,6309
C15780,1717
C15781,1717
C15782,51478
C15782,79154
C15782,6309
C15783,6309
C15783,1717
C15785,6715
C15785,6716
C15785,79644
C15786,6715
C15786,6716
C15786,79644
C15796,6715
C15796,6716
C15796,79644
C15797,6715
C15797,6716
C15797,79644
C15804,137902
C15804,4025
C15804,7837
C15804,8288
C15804,9588
C15805,137902
C15805,4025
C15805,7837
C15805,8288
C15805,9588
C15806,137902
C15806,4025
C15806,7837
C15806,8288
C15806,9588
C15807,137902
C15807,4025
C15807,7837
C15807,8288
C15807,9588
C15808,50814
C15808,6307
C15810,27304
C15810,4338
C15811,27304
C15811,9054
C15812,27304
C15812,9054
C15813,27304
C15814,27304
C15814,4338
C15816,50814
C15816,51478
C15816,79154
C15850,59272
C15853,1725
C15854,1725
C15915,1718
C15939,6482
C15939,6483
C15939,6484
C15972,5160
C15972,5161
C15972,5162
C15972,4967
C15972,55753
C15972,593
C15972,594
C15972,1738
C15972,23409
C15973,1738
C15973,1737
C15973,1629
C15973,1743
C15973,11019
C15974,593
C15974,594
C15975,593
C15975,594
C15975,1629
C15976,593
C15976,594
C15977,593
C15977,594
C15977,1629
C15978,593
C15978,594
C15979,593
C15979,594
C15979,1629
C15980,35
C15980,36
C15980,34
C15980,1629
C15988,2053
C15989,2053
C15999,4482
C16011,116969
C16011,417
C16011,419
C16011,420
C16011,141
C16014,2052
C16015,2052
C16071,26007
C16162,9415
C16162,10965
C16162,11332
C16162,117145
C16162,122970
C16162,153364
C16162,284486
C16162,570
C16162,641371
C16163,9415
C16164,9415
C16164,3992
C16165,3992
C16165,10965
C16165,11332
C16165,117145
C16165,122970
C16165,153364
C16165,284486
C16165,570
C16165,641371
C16167,9415
C16168,9415
C16168,51
C16168,8310
C16169,10449
C16169,30
C16169,3032
C16169,6342
C16169,10965
C16169,11332
C16169,117145
C16169,122970
C16169,153364
C16169,284486
C16169,570
C16169,641371
C16171,9415
C16172,9415
C16172,51
C16172,8310
C16173,10449
C16173,30
C16173,3032
C16173,6342
C16177,6482
C16177,6483
C16177,6484
C16179,9415
C16180,9415
C16216,51144
C16216,54898
C16216,60481
C16216,64834
C16216,6785
C16216,79071
C16216,79993
C16216,83401
C16217,51144
C16217,201562
C16217,401494
C16217,51495
C16217,9200
C16218,9524
C16218,201562
C16218,401494
C16218,51495
C16218,9200
C16219,54995
C16219,54898
C16219,60481
C16219,64834
C16219,6785
C16219,79071
C16219,79993
C16219,83401
C16236,387787
C16236,11019
C16237,1738
C16237,387787
C16239,387787
C16239,11019
C16240,387787
C16240,23409
C16254,4967
C16254,55753
C16254,1743
C16255,5160
C16255,5161
C16255,5162
C16255,1737
C16265,23553
C16265,23670
C16265,3373
C16265,57214
C16265,6677
C16265,8372
C16265,8692
C16310,124
C16310,125
C16310,126
C16310,127
C16310,128
C16310,130
C16310,131
C16327,51
C16327,8310
C16328,51
C16328,8310
C16328,1892
C16328,1962
C16328,3030
C16329,3030
C16329,1962
C16329,3028
C16329,3033
C16329,1892
C16330,3030
C16330,1962
C16330,3028
C16330,3033
C16330,10449
C16330,30
C16330,3032
C16331,51
C16331,8310
C16331,10449
C16331,30
C16331,3032
C16332,51
C16332,8310
C16332,1892
C16332,1962
C16332,3030
C16333,3030
C16333,1962
C16333,3028
C16333,3033
C16333,1892
C16334,3030
C16334,1962
C16334,3028
C16334,3033
C16334,10449
C16334,30
C16334,3032
C16335,51
C16335,8310
C16335,10449
C16335,30
C16335,3032
C16336,51
C16336,8310
C16336,1892
C16336,1962
C16336,3030
C16337,3030
C16337,1962
C16337,3028
C16337,3033
C16337,1892
C16338,3030
C16338,1962
C16338,3028
C16338,3033
C16338,10449
C16338,30
C16338,3032
C16339,10449
C16339,30
C16339,3032
C16348,124
C16348,125
C16348,126
C16348,127
C16348,128
C16348,130
C16348,131
C16348,217
C16348,219
C16348,223
C16348,224
C16348,501
C16353,7498
C16355,7498
C16356,100861540
C16356,107987478
C16356,107987479
C16356,11283
C16356,1543
C16356,1544
C16356,1545
C16356,1551
C16356,1553
C16356,1558
C16356,1562
C16356,1564
C16356,1565
C16356,1572
C16356,1573
C16356,1577
C16356,1579
C16356,1580
C16356,199974
C16356,260293
C16356,284541
C16356,29785
C16356,57834
C16356,64816
C16356,66002
C16356,7498
C16358,100861540
C16358,107987478
C16358,107987479
C16358,11283
C16358,1543
C16358,1544
C16358,1545
C16358,1551
C16358,1553
C16358,1558
C16358,1562
C16358,1564
C16358,1565
C16358,1572
C16358,1573
C16358,1577
C16358,1579
C16358,1580
C16358,199974
C16358,260293
C16358,284541
C16358,29785
C16358,57834
C16358,64816
C16358,66002
C16358,7498
C16359,7498
C16360,7498
C16365,10
C16365,9
C16374,51
C16374,8310
C16374,3295
C16375,3295
C16376,10449
C16376,30
C16376,3032
C16376,6342
C16387,51
C16387,8310
C16387,3295
C16388,3295
C16389,10449
C16389,30
C16389,3032
C16389,6342
C16396,10
C16396,9
C16420,10
C16420,9
C16453,3290
C16453,374875
C16453,873
C16453,874
C16453,100861540
C16453,107987478
C16453,107987479
C16453,11283
C16453,1543
C16453,1544
C16453,1545
C16453,1551
C16453,1553
C16453,1558
C16453,1562
C16453,1564
C16453,1565
C16453,1572
C16453,1573
C16453,1577
C16453,1579
C16453,1580
C16453,199974
C16453,260293
C16453,284541
C16453,29785
C16453,57834
C16453,64816
C16453,66002
C16453,1645
C16453,27294
C16466,10449
C16466,30
C16466,3032
C16466,3155
C16466,54511
C16468,1892
C16468,1962
C16468,3030
C16469,1962
C16469,3028
C16469,3033
C16469,1892
C16469,3030
C16470,10449
C16470,30
C16470,3032
C16471,1962
C16471,3028
C16471,3033
C16471,10449
C16471,30
C16471,3032
C16502,217
C16502,219
C16502,223
C16502,224
C16502,501
C16530,9415
C16543,1066
C16543,124641
C16543,221223
C16543,23491
C16543,8824
C16545,2326
C16545,2327
C16545,2328
C16545,2329
C16545,2330
C16546,100861540
C16546,107987478
C16546,107987479
C16546,11283
C16546,1543
C16546,1544
C16546,1545
C16546,1551
C16546,1553
C16546,1558
C16546,1562
C16546,1564
C16546,1565
C16546,1572
C16546,1573
C16546,1577
C16546,1579
C16546,1580
C16546,199974
C16546,260293
C16546,284541
C16546,29785
C16546,57834
C16546,64816
C16546,66002
C16547,100861540
C16547,107987478
C16547,107987479
C16547,11283
C16547,1543
C16547,1544
C16547,1545
C16547,1551
C16547,1553
C16547,1558
C16547,1562
C16547,1564
C16547,1565
C16547,1572
C16547,1573
C16547,1577
C16547,1579
C16547,1580
C16547,199974
C16547,260293
C16547,284541
C16547,29785
C16547,57834
C16547,64816
C16547,66002
C16550,100861540
C16550,107987478
C16550,107987479
C16550,11283
C16550,1543
C16550,1544
C16550,1545
C16550,1551
C16550,1553
C16550,1558
C16550,1562
C16550,1564
C16550,1565
C16550,1572
C16550,1573
C16550,1577
C16550,1579
C16550,1580
C16550,199974
C16550,260293
C16550,284541
C16550,29785
C16550,57834
C16550,64816
C16550,66002
C16551,124
C16551,125
C16551,126
C16551,127
C16551,128
C16551,130
C16551,131
C16555,100861540
C16555,107987478
C16555,107987479
C16555,11283
C16555,1543
C16555,1544
C16555,1545
C16555,1551
C16555,1553
C16555,1558
C16555,1562
C16555,1564
C16555,1565
C16555,1572
C16555,1573
C16555,1577
C16555,1579
C16555,1580
C16555,199974
C16555,260293
C16555,284541
C16555,29785
C16555,57834
C16555,64816
C16555,66002
C16560,100861540
C16560,107987478
C16560,107987479
C16560,11283
C16560,1543
C16560,1544
C16560,1545
C16560,1551
C16560,1553
C16560,1558
C16560,1562
C16560,1564
C16560,1565
C16560,1572
C16560,1573
C16560,1577
C16560,1579
C16560,1580
C16560,199974
C16560,260293
C16560,284541
C16560,29785
C16560,57834
C16560,64816
C16560,66002
C16561,100861540
C16561,107987478
C16561,107987479
C16561,11283
C16561,1543
C16561,1544
C16561,1545
C16561,1551
C16561,1553
C16561,1558
C16561,1562
C16561,1564
C16561,1565
C16561,1572
C16561,1573
C16561,1577
C16561,1579
C16561,1580
C16561,199974
C16561,260293
C16561,284541
C16561,29785
C16561,57834
C16561,64816
C16561,66002
C16561,1066
C16561,124641
C16561,221223
C16561,23491
C16561,8824
C16565,6723
C16577,10720
C16577,10941
C16577,54490
C16577,54575
C16577,54576
C16577,54577
C16577,54578
C16577,54579
C16577,54600
C16577,54657
C16577,54658
C16577,54659
C16577,574537
C16577,7363
C16577,7364
C16577,7365
C16577,7366
C16577,7367
C16577,79799
C16578,10720
C16578,10941
C16578,54490
C16578,54575
C16578,54576
C16578,54577
C16578,54578
C16578,54579
C16578,54600
C16578,54657
C16578,54658
C16578,54659
C16578,574537
C16578,7363
C16578,7364
C16578,7365
C16578,7366
C16578,7367
C16578,79799
C16581,51171
C16586,124
C16586,125
C16586,126
C16586,127
C16586,128
C16586,130
C16586,131
C16587,124
C16587,125
C16587,126
C16587,127
C16587,128
C16587,130
C16587,131
C16587,218
C16587,221
C16587,222
C16591,218
C16591,221
C16591,222
C16595,124
C16595,125
C16595,126
C16595,127
C16595,128
C16595,130
C16595,131
C16596,124
C16596,125
C16596,126
C16596,127
C16596,128
C16596,130
C16596,131
C16607,100861540
C16607,107987478
C16607,107987479
C16607,11283
C16607,1543
C16607,1544
C16607,1545
C16607,1551
C16607,1553
C16607,1558
C16607,1562
C16607,1564
C16607,1565
C16607,1572
C16607,1573
C16607,1577
C16607,1579
C16607,1580
C16607,199974
C16607,260293
C16607,284541
C16607,29785
C16607,57834
C16607,64816
C16607,66002
C16608,100861540
C16608,107987478
C16608,107987479
C16608,11283
C16608,1543
C16608,1544
C16608,1545
C16608,1551
C16608,1553
C16608,1558
C16608,1562
C16608,1564
C16608,1565
C16608,1572
C16608,1573
C16608,1577
C16608,1579
C16608,1580
C16608,199974
C16608,260293
C16608,284541
C16608,29785
C16608,57834
C16608,64816
C16608,66002
C16608,4128
C16608,4129
C16609,100861540
C16609,107987478
C16609,107987479
C16609,11283
C16609,1543
C16609,1544
C16609,1545
C16609,1551
C16609,1553
C16609,1558
C16609,1562
C16609,1564
C16609,1565
C16609,1572
C16609,1573
C16609,1577
C16609,1579
C16609,1580
C16609,199974
C16609,260293
C16609,284541
C16609,29785
C16609,57834
C16609,64816
C16609,66002
C16609,4128
C16609,4129
C16610,316
C16612,316
C16612,4128
C16612,4129
C16613,7498
C16614,7172
C16614,3251
C16615,7172
C16615,3251
C16617,3704
C16618,3614
C16618,3615
C16618,8833
C16619,7172
C16619,3251
C16619,8833
C16620,7172
C16622,10
C16622,9
C16630,1806
C16630,1807
C16631,51733
C16631,1807
C16632,51733
C16633,151531
C16633,7378
C16633,54963
C16633,7371
C16633,83549
C16634,7372
C16634,54963
C16634,7371
C16634,83549
C16634,129607
C16634,51727
C16635,1066
C16635,124641
C16635,221223
C16635,23491
C16635,8824
C16635,81602
C16635,978
C16636,54938
C16636,6301
C16637,1890
C16638,118672
C16638,51091
C16641,1066
C16641,124641
C16641,221223
C16641,23491
C16641,8824
C16643,10720
C16643,10941
C16643,54490
C16643,54575
C16643,54576
C16643,54577
C16643,54578
C16643,54579
C16643,54600
C16643,54657
C16643,54658
C16643,54659
C16643,574537
C16643,7363
C16643,7364
C16643,7365
C16643,7366
C16643,7367
C16643,79799
C16647,1066
C16647,124641
C16647,221223
C16647,23491
C16647,8824
C16663,50484
C16663,6240
C16663,6241
C16664,50484
C16664,6240
C16664,6241
C16669,28960
C16677,100861540
C16677,107987478
C16677,107987479
C16677,11283
C16677,1543
C16677,1544
C16677,1545
C16677,1551
C16677,1553
C16677,1558
C16677,1562
C16677,1564
C16677,1565
C16677,1572
C16677,1573
C16677,1577
C16677,1579
C16677,1580
C16677,199974
C16677,260293
C16677,284541
C16677,29785
C16677,57834
C16677,64816
C16677,66002
C16679,100861540
C16679,107987478
C16679,107987479
C16679,11283
C16679,1543
C16679,1544
C16679,1545
C16679,1551
C16679,1553
C16679,1558
C16679,1562
C16679,1564
C16679,1565
C16679,1572
C16679,1573
C16679,1577
C16679,1579
C16679,1580
C16679,199974
C16679,260293
C16679,284541
C16679,29785
C16679,57834
C16679,64816
C16679,66002
C16680,100861540
C16680,107987478
C16680,107987479
C16680,11283
C16680,1543
C16680,1544
C16680,1545
C16680,1551
C16680,1553
C16680,1558
C16680,1562
C16680,1564
C16680,1565
C16680,1572
C16680,1573
C16680,1577
C16680,1579
C16680,1580
C16680,199974
C16680,260293
C16680,284541
C16680,29785
C16680,57834
C16680,64816
C16680,66002
C16681,5959
C16681,216
C16681,220
C16681,8854
C16681,316
C16682,5959
C16711,154807
C16711,79001
C16729,7173
C16730,7173
C16731,7173
C16732,7173
C16733,7173
C16734,7173
C16738,10314
C16738,119391
C16738,221357
C16738,25774
C16738,27306
C16738,2938
C16738,2939
C16738,2940
C16738,2941
C16738,2944
C16738,2946
C16738,2947
C16738,2948
C16738,2949
C16738,2950
C16738,2952
C16738,2953
C16738,373156
C16738,4257
C16738,4258
C16738,4259
C16738,653689
C16738,9446
C16739,11101
C16741,123688
C16756,100861540
C16756,107987478
C16756,107987479
C16756,11283
C16756,1543
C16756,1544
C16756,1545
C16756,1551
C16756,1553
C16756,1558
C16756,1562
C16756,1564
C16756,1565
C16756,1572
C16756,1573
C16756,1577
C16756,1579
C16756,1580
C16756,199974
C16756,260293
C16756,284541
C16756,29785
C16756,57834
C16756,64816
C16756,66002
C16828,7299
C16832,1738
C16832,11019
C16834,1066
C16834,124641
C16834,221223
C16834,23491
C16834,8824
C16836,1066
C16836,124641
C16836,221223
C16836,23491
C16836,8824
C16837,1066
C16837,124641
C16837,221223
C16837,23491
C16837,8824
C17023,11019
C17023,54901
C17141,3340
C17141,64579
C17141,8509
C17141,9348
C17142,3340
C17142,64579
C17142,8509
C17142,9348
C17202,131540
C17202,158866
C17202,23390
C17202,253832
C17202,254359
C17202,254887
C17202,25921
C17202,283576
C17202,29800
C17202,29801
C17202,340481
C17202,51114
C17202,51201
C17202,51304
C17202,54503
C17202,55146
C17202,55625
C17202,64429
C17202,653082
C17202,79683
C17202,79844
C17202,84243
C17202,84287
C17202,84885
C17202,127018
C17202,51104
C17202,5538
C17202,58489
C17202,81926
C17202,9374
C17207,4126
C17234,10993
C17234,113675
C17234,1491
C17267,23474
C17267,58472
C17276,9227
C17324,55644
C17324,64172
C17324,54802
C17325,54888
C17325,1787
C17331,80270
C17332,80270
C17333,9420
C17335,80270
C17335,9420
C17336,80270
C17337,80270
C17339,1582
C17339,6718
C17343,8309
C17343,23600
C17345,23600
C17345,10998
C17346,8309
C17346,23600
C17432,23590
C17432,57107
C17552,51004
C17552,51117
C17554,51004
C17554,51805
C17559,51805
C17559,51117
C17560,84274
C17561,10229
C17561,84274
C17562,10229
C17562,51805
C17568,51805
C17569,51805
C18026,55862
C18026,84693
C18026,5095
C18026,5096
C18028,51171
C18038,9420
C18040,1646
C18040,340811
C18040,8644
C18040,6715
C18040,6716
C18040,79644
C18041,1645
C18041,1646
C18041,340811
C18041,8644
C18042,1645
C18042,1646
C18042,340811
C18042,8644
C18043,6822
C18043,6820
C18043,412
C18044,6822
C18044,6820
C18044,412
C18045,1581
C18060,2585
C18060,6675
C18060,91373
C18075,3292
C18075,3294
C18075,51144
C18075,51478
C18075,79154
C18075,7923
C18075,8630
C18096,22934
C18125,51365
C18170,196743
C18218,113612
C18231,1591
C18231,1594
C18237,10243
C18237,55034
C18239,4338
C18239,4337
C18796,57733
C18872,11185
C18902,10587
C18902,114112
C18902,7296
C19078,51095
C19080,51095
C19085,51095
C19488,100861540
C19488,107987478
C19488,107987479
C19488,11283
C19488,1543
C19488,1544
C19488,1545
C19488,1551
C19488,1553
C19488,1558
C19488,1562
C19488,1564
C19488,1565
C19488,1572
C19488,1573
C19488,1577
C19488,1579
C19488,1580
C19488,199974
C19488,260293
C19488,284541
C19488,29785
C19488,57834
C19488,64816
C19488,66002
C19489,100861540
C19489,107987478
C19489,107987479
C19489,11283
C19489,1543
C19489,1544
C19489,1545
C19489,1551
C19489,1553
C19489,1558
C19489,1562
C19489,1564
C19489,1565
C19489,1572
C19489,1573
C19489,1577
C19489,1579
C19489,1580
C19489,199974
C19489,260293
C19489,284541
C19489,29785
C19489,57834
C19489,64816
C19489,66002
C19489,2052
C19490,100861540
C19490,107987478
C19490,107987479
C19490,11283
C19490,1543
C19490,1544
C19490,1545
C19490,1551
C19490,1553
C19490,1558
C19490,1562
C19490,1564
C19490,1565
C19490,1572
C19490,1573
C19490,1577
C19490,1579
C19490,1580
C19490,199974
C19490,260293
C19490,284541
C19490,29785
C19490,57834
C19490,64816
C19490,66002
C19490,2052
C19559,100861540
C19559,107987478
C19559,107987479
C19559,11283
C19559,1543
C19559,1544
C19559,1545
C19559,1551
C19559,1553
C19559,1558
C19559,1562
C19559,1564
C19559,1565
C19559,1572
C19559,1573
C19559,1577
C19559,1579
C19559,1580
C19559,199974
C19559,260293
C19559,284541
C19559,29785
C19559,57834
C19559,64816
C19559,66002
C19561,6822
C19562,6822
C19563,100861540
C19563,107987478
C19563,107987479
C19563,11283
C19563,1543
C19563,1544
C19563,1545
C19563,1551
C19563,1553
C19563,1558
C19563,1562
C19563,1564
C19563,1565
C19563,1572
C19563,1573
C19563,1577
C19563,1579
C19563,1580
C19563,199974
C19563,260293
C19563,284541
C19563,29785
C19563,57834
C19563,64816
C19563,66002
C19566,100861540
C19566,107987478
C19566,107987479
C19566,11283
C19566,1543
C19566,1544
C19566,1545
C19566,1551
C19566,1553
C19566,1558
C19566,1562
C19566,1564
C19566,1565
C19566,1572
C19566,1573
C19566,1577
C19566,1579
C19566,1580
C19566,199974
C19566,260293
C19566,284541
C19566,29785
C19566,57834
C19566,64816
C19566,66002
C19574,3290
C19574,374875
C19574,873
C19574,874
C19574,100861540
C19574,107987478
C19574,107987479
C19574,11283
C19574,1543
C19574,1544
C19574,1545
C19574,1551
C19574,1553
C19574,1558
C19574,1562
C19574,1564
C19574,1565
C19574,1572
C19574,1573
C19574,1577
C19574,1579
C19574,1580
C19574,199974
C19574,260293
C19574,284541
C19574,29785
C19574,57834
C19574,64816
C19574,66002
C19574,1645
C19574,27294
C19574,10720
C19574,10941
C19574,54490
C19574,54575
C19574,54576
C19574,54577
C19574,54578
C19574,54579
C19574,54600
C19574,54657
C19574,54658
C19574,54659
C19574,574537
C19574,7363
C19574,7364
C19574,7365
C19574,7366
C19574,7367
C19574,79799
C19577,100861540
C19577,107987478
C19577,107987479
C19577,11283
C19577,1543
C19577,1544
C19577,1545
C19577,1551
C19577,1553
C19577,1558
C19577,1562
C19577,1564
C19577,1565
C19577,1572
C19577,1573
C19577,1577
C19577,1579
C19577,1580
C19577,199974
C19577,260293
C19577,284541
C19577,29785
C19577,57834
C19577,64816
C19577,66002
C19580,100861540
C19580,107987478
C19580,107987479
C19580,11283
C19580,1543
C19580,1544
C19580,1545
C19580,1551
C19580,1553
C19580,1558
C19580,1562
C19580,1564
C19580,1565
C19580,1572
C19580,1573
C19580,1577
C19580,1579
C19580,1580
C19580,199974
C19580,260293
C19580,284541
C19580,29785
C19580,57834
C19580,64816
C19580,66002
C19585,100861540
C19585,107987478
C19585,107987479
C19585,11283
C19585,1543
C19585,1544
C19585,1545
C19585,1551
C19585,1553
C19585,1558
C19585,1562
C19585,1564
C19585,1565
C19585,1572
C19585,1573
C19585,1577
C19585,1579
C19585,1580
C19585,199974
C19585,260293
C19585,284541
C19585,29785
C19585,57834
C19585,64816
C19585,66002
C19586,100861540
C19586,107987478
C19586,107987479
C19586,11283
C19586,1543
C19586,1544
C19586,1545
C19586,1551
C19586,1553
C19586,1558
C19586,1562
C19586,1564
C19586,1565
C19586,1572
C19586,1573
C19586,1577
C19586,1579
C19586,1580
C19586,199974
C19586,260293
C19586,284541
C19586,29785
C19586,57834
C19586,64816
C19586,66002
C19586,10314
C19586,119391
C19586,221357
C19586,25774
C19586,27306
C19586,2938
C19586,2939
C19586,2940
C19586,2941
C19586,2944
C19586,2946
C19586,2947
C19586,2948
C19586,2949
C19586,2950
C19586,2952
C19586,2953
C19586,373156
C19586,4257
C19586,4258
C19586,4259
C19586,653689
C19586,9446
C19586,2052
C19588,2052
C19594,100861540
C19594,107987478
C19594,107987479
C19594,11283
C19594,1543
C19594,1544
C19594,1545
C19594,1551
C19594,1553
C19594,1558
C19594,1562
C19594,1564
C19594,1565
C19594,1572
C19594,1573
C19594,1577
C19594,1579
C19594,1580
C19594,199974
C19594,260293
C19594,284541
C19594,29785
C19594,57834
C19594,64816
C19594,66002
C19595,100861540
C19595,107987478
C19595,107987479
C19595,11283
C19595,1543
C19595,1544
C19595,1545
C19595,1551
C19595,1553
C19595,1558
C19595,1562
C19595,1564
C19595,1565
C19595,1572
C19595,1573
C19595,1577
C19595,1579
C19595,1580
C19595,199974
C19595,260293
C19595,284541
C19595,29785
C19595,57834
C19595,64816
C19595,66002
C19604,100861540
C19604,107987478
C19604,107987479
C19604,11283
C19604,1543
C19604,1544
C19604,1545
C19604,1551
C19604,1553
C19604,1558
C19604,1562
C19604,1564
C19604,1565
C19604,1572
C19604,1573
C19604,1577
C19604,1579
C19604,1580
C19604,199974
C19604,260293
C19604,284541
C19604,29785
C19604,57834
C19604,64816
C19604,66002
C19604,2052
C19605,10720
C19605,10941
C19605,54490
C19605,54575
C19605,54576
C19605,54577
C19605,54578
C19605,54579
C19605,54600
C19605,54657
C19605,54658
C19605,54659
C19605,574537
C19605,7363
C19605,7364
C19605,7365
C19605,7366
C19605,7367
C19605,79799
C19606,10720
C19606,10941
C19606,54490
C19606,54575
C19606,54576
C19606,54577
C19606,54578
C19606,54579
C19606,54600
C19606,54657
C19606,54658
C19606,54659
C19606,574537
C19606,7363
C19606,7364
C19606,7365
C19606,7366
C19606,7367
C19606,79799
C19607,2052
C19616,113612
C19645,10720
C19645,10941
C19645,54490
C19645,54575
C19645,54576
C19645,54577
C19645,54578
C19645,54579
C19645,54600
C19645,54657
C19645,54658
C19645,54659
C19645,574537
C19645,7363
C19645,7364
C19645,7365
C19645,7366
C19645,7367
C19645,79799
C19646,10720
C19646,10941
C19646,54490
C19646,54575
C19646,54576
C19646,54577
C19646,54578
C19646,54579
C19646,54600
C19646,54657
C19646,54658
C19646,54659
C19646,574537
C19646,7363
C19646,7364
C19646,7365
C19646,7366
C19646,7367
C19646,79799
C19670,158584
C19670,2166
C19673,54995
C19691,51449
C19691,78991
C19697,4353
C19776,196051
C19776,84513
C19802,285203
C19802,8473
C19802,10724
C19803,10585
C19803,29954
C19803,54916
C19803,285203
C19803,8473
C19803,11113
C19803,91754
C19803,6093
C19803,9475
C19803,10724
C19804,285203
C19804,8473
C19804,10724
C19848,10243
C19858,51004
C19858,84274
C19859,84274
C19967,4521
C19967,55270
C19968,4521
C19968,55270
C19968,11164
C19968,79873
C19969,4521
C19970,4521
C20119,100529261
C20119,2339
C20119,2342
C20120,100529261
C20120,2339
C20120,2342
C20120,10269
C20176,11164
C20176,79873
C20183,115024
C20183,51251
C20183,131870
C20183,167227
C20238,84693
C20239,5805
C20252,340811
C20252,8644
C20252,3283
C20252,3284
C20265,154807
C20265,79001
C20265,2677
C20300,57412
C20326,1576
C20372,54995
C20375,54995
C20376,54995
C20380,55347
C20383,55347
C20458,23536
C20459,23536
C20463,144811
C20463,4860
C20482,128240
C20483,128240
C20485,112817
C20621,56913
C20622,56913
C20640,115004
C20641,55644
C20641,64172
C20641,79693
C20647,154743
C20647,23378
C20648,27292
C20648,154743
C20648,23378
C20649,129450
C20649,127253
C20649,9836
C20652,127253
C20652,55039
C20658,22933
C20658,23408
C20658,23409
C20658,23410
C20658,23411
C20658,51547
C20658,51548
C20658,140733
C20658,28992
C20659,9836
C20660,9836
C20661,129450
C20663,1801
C20674,115024
C20674,51251
C20675,35
C20676,35
C20683,55301
C20688,441250
C20688,55253
C20690,117283
C20690,51447
C20690,9807
C20690,23262
C20690,9677
C20691,55039
C20691,441250
C20691,55253
C20695,83875
C20722,10585
C20722,29954
C20722,54916
C20722,84892
C20723,84892
C20723,148789
C20734,148789
C20734,84197
C20735,91703
C20742,683
C20742,952
C20743,22933
C20743,23408
C20743,23409
C20743,23410
C20743,23411
C20743,51547
C20743,51548
C20743,25864
C20743,84836
C20744,55328
C20745,55328
C20751,55644
C20751,64172
C20751,54901
C20752,54901
C20754,54901
C20775,57494
C20776,10003
C20776,10004
C20776,2346
C20776,254827
C20776,284716
C20791,196410
C20791,25840
C20796,27292
C20806,4051
C20806,57834
C20806,8529
C20825,9514
C20832,59344
C20833,59344
C20835,282969
C20836,197258
C20836,282969
C20837,59344
C20840,23600
C20855,285440
C20855,4051
C20855,8529
C20858,29104
C20858,51409
C20859,7368
C20859,9514
C20862,55783
C20863,131870
C20863,167227
C20864,11128
C20864,25885
C20864,5430
C20864,5431
C20864,5442
C20864,55703
C20864,84172
C20876,9524
C20876,54898
C20876,60481
C20876,64834
C20876,6785
C20876,79071
C20876,79993
C20876,83401
C20877,51144
C20877,54898
C20877,60481
C20877,64834
C20877,6785
C20877,79071
C20877,79993
C20877,83401
C20878,51144
C20878,201562
C20878,401494
C20878,51495
C20878,9200
C20879,9524
C20879,201562
C20879,401494
C20879,51495
C20879,9200
C20904,10247
C20904,10993
C20904,113675
C20905,10247
C20905,10993
C20905,113675
C20907,51363
C20908,51363
C20908,113189
C20909,51363
C20934,55907
C20935,4938
C20935,4939
C20935,4940
C20936,4938
C20936,4939
C20936,4940
C20969,790
C21015,2729
C21015,2937
C21016,2937
C21017,593
C21017,594
C21018,593
C21018,594
C21018,1629
C21020,79152
C21028,1806
C21028,1807
C21029,51733
C21029,1807
C21030,64902
C21031,200424
C21031,54790
C21031,80312
C21031,10514
C21031,10721
C21031,11201
C21031,201973
C21031,27343
C21031,27434
C21031,353497
C21031,51426
C21031,54107
C21031,5422
C21031,5423
C21031,5424
C21031,5426
C21031,5427
C21031,5428
C21031,5429
C21031,56655
C21031,5980
C21072,6319
C21072,79966
C21072,64840
C21113,25961
C21113,83594
C21151,51611
C21151,92715
C21171,64840
C21171,147111
C21172,64840
C21172,147111
C21188,10196
C21188,10498
C21188,3275
C21188,3276
C21188,55170
C21188,56341
C21189,10419
C21189,90826
C21284,2235
C21299,4128
C21299,4129
C21300,4128
C21300,4129
C21310,4337
C21366,84197
C21377,57553
C21377,64780
C21377,9645
C21378,57553
C21378,64780
C21378,9645
C21383,54187
C21384,55907
C21423,55328
C21424,55328
C21440,4357
C21440,7263
C21440,9054
C21456,55093
C21458,123803
C21465,123803
C21466,11315
C21467,11315
C21468,11315
C21486,55034
C21640,6697
C21640,231
C21640,441282
C21640,57016
C21640,1646
C21640,340811
C21640,8644
C21730,87769
C21740,285362
C21741,285362
C21742,2651
C21743,2651
C21748,50484
C21748,6240
C21748,6241
C21748,129607
C21748,51727
C21748,10201
C21748,221264
C21748,29922
C21748,4830
C21748,4831
C21748,4832
C21748,4833
C21748,654364
C21749,10201
C21749,221264
C21749,29922
C21749,4830
C21749,4831
C21749,4832
C21749,4833
C21749,654364
C21750,50484
C21750,6240
C21750,6241
C21750,129607
C21750,51727
C21750,10201
C21750,221264
C21750,29922
C21750,4830
C21750,4831
C21750,4832
C21750,4833
C21750,654364
C21751,10201
C21751,221264
C21751,29922
C21751,4830
C21751,4831
C21751,4832
C21751,4833
C21751,654364
C21751,1854
C21754,4353
C21758,10314
C21758,119391
C21758,221357
C21758,25774
C21758,27306
C21758,2938
C21758,2939
C21758,2940
C21758,2941
C21758,2944
C21758,2946
C21758,2947
C21758,2948
C21758,2949
C21758,2950
C21758,2952
C21758,2953
C21758,373156
C21758,4257
C21758,4258
C21758,4259
C21758,653689
C21758,9446
C21762,1644
C21775,2052
C21776,2052
C21777,1644
C21787,23474
C21797,339761
C21798,79066
C21799,79066
C21836,6121
C21844,56339
C21845,56339
C21858,4817
C21860,51805
C21876,1573
C21876,1576
C21876,1557
C21882,1573
C21882,1576
C21883,1573
C21884,1557
C21884,1573
C21886,113612
C21906,10449
C21906,30
C21906,3032
C21918,1595
C21919,1595
C21920,1595
C21921,1595
C21925,116285
C21925,123876
C21925,142827
C21925,341392
C21925,348158
C21925,54988
C21925,6296
C21925,80221
C21926,116285
C21926,123876
C21926,142827
C21926,341392
C21926,348158
C21926,54988
C21926,6296
C21926,80221
C21935,9415
C21937,9415
C21937,3992
C21939,3992
C21943,9415
C22076,100137047
C22111,50814
C22112,50814
C22112,6307
C22121,51478
C22121,79154
C22122,51478
C22122,79154
C22123,51478
C22123,79154
C22131,140733
C22131,28992
C22136,50814
C22136,51478
C22136,79154
C22150,51004
C22150,11019
C22151,51004
C22151,11019
C22154,11019
C22155,11019
C22157,387787
C22158,387787
C22159,387787
C22159,11019
C22160,387787
C22160,11019
C22215,6646
C22215,8435
C22235,11164
C22235,79873
C22237,51365
C22239,5053
C22239,7054
C22239,121278
C22239,7166
C22239,392636
C22258,1666
C22258,26063
C22274,11164
C22274,79873
C22296,79831
C22315,1487
C22315,1488
C22328,1355
C22329,1355
C22352,126410
C22353,126410
C22382,80896
C22395,158
C22400,80821
C22401,26061
C22402,26061
C22405,26061
C22406,26061
C22417,57412
C22431,57412
C22441,2987
C22441,158
C22442,10201
C22442,221264
C22442,29922
C22442,4830
C22442,4831
C22442,4832
C22442,4833
C22442,654364
C22442,2987
C22443,10201
C22443,221264
C22443,29922
C22443,4830
C22443,4831
C22443,4832
C22443,4833
C22443,654364
C22454,145482
C22454,22949
C22454,284273
C22467,2583
C22467,284004
C22467,3073
C22467,3074
C22490,26151
C22491,26151
C22499,7498
C22500,7498
C22519,79697
C22519,84864
C22527,79712
C22549,222537
C22549,9957
C22549,9956
C22549,9953
C22549,9955
C22551,3340
C22551,64579
C22551,8509
C22551,9348
C22554,9953
C22554,9955
C22555,9953
C22555,9955
C22573,103
C22574,103
C22620,200424
C22620,54790
C22620,80312
C22621,200424
C22621,54790
C22621,80312
C22690,23409
C22692,11113
C22692,91754
C22692,6093
C22692,9475
C22693,11113
C22693,91754
C22693,6093
C22693,9475
C22831,3294
C22831,7923
C22831,8630
C22831,1109
C22831,1645
C22831,1646
C22831,340811
C22831,8644
C22831,1586
C22831,6715
C22831,6716
C22831,79644
C22832,3294
C22832,7923
C22832,8630
C22832,1109
C22832,1645
C22832,1646
C22832,340811
C22832,8644
C22832,1586
C22851,9562
C22852,9562
C22853,9562
C22854,9562
C22974,207063
C22974,79644
C22975,207063
C22975,79644
C22979,64921
C23006,10449
C23006,30
C23006,3032
C23007,10449
C23007,30
C23007,3032
C23011,23600
C23013,10449
C23013,30
C23013,3032
C23016,10449
C23016,30
C23016,3032
C23017,10449
C23017,30
C23017,3032
C23021,10449
C23021,30
C23021,3032
C23022,10449
C23022,30
C23022,3032
C23067,124872
C23068,124872
C23154,147991
C23154,23333
C23154,283417
C23154,286148
C23161,130367
C23161,81537
C23161,8611
C23161,8612
C23161,8613
C23162,130367
C23162,81537
C23162,8611
C23162,8612
C23162,8613
