source,native,name,p_value,significant,description,term_size,query_size,intersection_size,effective_domain_size,precision,recall,query,parents
KEGG,KEGG:01240,Biosynthesis of cofactors,0.08908177292224218,False,Biosynthesis of cofactors,154,28,4,8716,0.14285714285714285,0.025974025974025976,query_1,['KEGG:00000']
KEGG,KEGG:04610,Complement and coagulation cascades,0.16424398327366133,False,Complement and coagulation cascades,86,28,3,8716,0.10714285714285714,0.03488372093023256,query_1,['KEGG:00000']
KEGG,KEGG:01040,Biosynthesis of unsaturated fatty acids,0.21473250885650702,False,Biosynthesis of unsaturated fatty acids,27,28,2,8716,0.07142857142857142,0.07407407407407407,query_1,['KEGG:00000']
KEGG,KEGG:00062,Fatty acid elongation,0.23079230745942234,False,Fatty acid elongation,28,28,2,8716,0.07142857142857142,0.07142857142857142,query_1,['KEGG:00000']
REAC,REAC:R-HSA-166658,Complement cascade,0.2358532723377697,False,Complement cascade,111,39,4,11056,0.10256410256410256,0.036036036036036036,query_1,['REAC:R-HSA-168249']
KEGG,KEGG:00053,Ascorbate and aldarate metabolism,0.2822278694649001,False,Ascorbate and aldarate metabolism,31,28,2,8716,0.07142857142857142,0.06451612903225806,query_1,['KEGG:00000']
KEGG,KEGG:00040,Pentose and glucuronate interconversions,0.37860478838187067,False,Pentose and glucuronate interconversions,36,28,2,8716,0.07142857142857142,0.05555555555555555,query_1,['KEGG:00000']
KEGG,KEGG:01250,Biosynthesis of nucleotide sugars,0.399447716489931,False,Biosynthesis of nucleotide sugars,37,28,2,8716,0.07142857142857142,0.05405405405405406,query_1,['KEGG:00000']
KEGG,KEGG:00520,Amino sugar and nucleotide sugar metabolism,0.4208054404532807,False,Amino sugar and nucleotide sugar metabolism,38,28,2,8716,0.07142857142857142,0.05263157894736842,query_1,['KEGG:00000']
KEGG,KEGG:04913,Ovarian steroidogenesis,0.7720569614370608,False,Ovarian steroidogenesis,52,28,2,8716,0.07142857142857142,0.038461538461538464,query_1,['KEGG:00000']
GO:BP,GO:0090183,regulation of kidney development,1.0,False,"""Any process that modulates the rate, frequency or extent of kidney development. Kidney development is the process whose specific outcome is the progression of the kidney over time, from its formation to the mature structure. The kidney is an organ that filters the blood and excretes the end products of body metabolism in the form of urine."" [GOC:dph, GOC:tb, GOC:yaf]",34,54,1,20972,0.018518518518518517,0.029411764705882353,query_1,"['GO:0001822', 'GO:0050793']"
GO:BP,GO:0090150,establishment of protein localization to membrane,1.0,False,"""The directed movement of a protein to a specific location in a membrane."" [GOC:ascb_2009, GOC:dph, GOC:tb]",484,54,2,20972,0.037037037037037035,0.004132231404958678,query_1,"['GO:0045184', 'GO:0051668']"
GO:BP,GO:0090141,positive regulation of mitochondrial fission,1.0,False,"""Any process that increases the rate, frequency or extent of mitochondrial fission. Mitochondrial fission is the division of a mitochondrion within a cell to form two or more separate mitochondrial compartments."" [GOC:ascb_2009, GOC:dph, GOC:tb]",20,54,1,20972,0.018518518518518517,0.05,query_1,"['GO:0000266', 'GO:0010638', 'GO:0051094', 'GO:0090140']"
GO:BP,GO:0090140,regulation of mitochondrial fission,1.0,False,"""Any process that modulates the rate, frequency or extent of mitochondrial fission. Mitochondrial fission is the division of a mitochondrion within a cell to form two or more separate mitochondrial compartments."" [GOC:ascb_2009, GOC:dph, GOC:tb]",29,54,1,20972,0.018518518518518517,0.034482758620689655,query_1,"['GO:0000266', 'GO:0010821', 'GO:0022603']"
GO:BP,GO:0080134,regulation of response to stress,1.0,False,"""Any process that modulates the frequency, rate or extent of a response to stress. Response to stress is a change in state or activity of a cell or an organism (in terms of movement, secretion, enzyme production, gene expression, etc.) as a result of a disturbance in organismal or cellular homeostasis, usually, but not necessarily, exogenous (e.g. temperature, humidity, ionizing radiation)."" [GOC:dhl]",1410,54,7,20972,0.12962962962962962,0.004964539007092199,query_1,"['GO:0006950', 'GO:0048583']"
GO:BP,GO:0090087,regulation of peptide transport,1.0,False,"""Any process that modulates the frequency, rate or extent of the directed movement of peptides, compounds of two or more amino acids where the alpha carboxyl group of one is bound to the alpha amino group of another, into, out of or within a cell, or between cells, by means of some agent such as a transporter or pore."" [GOC:dph, GOC:tb]",209,54,1,20972,0.018518518518518517,0.004784688995215311,query_1,"['GO:0015833', 'GO:0051049']"
GO:BP,GO:0090077,foam cell differentiation,1.0,False,"""The process in which a relatively unspecialized cell acquires the specialized features of a foam cell. A foam cell is a type of cell containing lipids in small vacuoles and typically seen in atherosclerotic lesions, as well as other conditions."" [GOC:add, GOC:BHF, GOC:dph, GOC:tb]",38,54,1,20972,0.018518518518518517,0.02631578947368421,query_1,['GO:0030154']
GO:BP,GO:0085017,entry into host cell by a symbiont-containing vacuole,1.0,False,"""The invasion by a symbiont of a cell of a host organism, forming a vacuole in which the symbiont resides. The vacuole membrane is formed from lipids and proteins derived from both host and symbiont. Begins when the symbiont attaches on to the host cell membrane which invaginates and deepens as the symbiont enters, and ends when the host cell membrane closes behind the newly-formed vacuole."" [GOC:jl, PMID:18665841, PMID:8690024, PMID:9580555]",1,54,1,20972,0.018518518518518517,1.0,query_1,['GO:0046718']
GO:BP,GO:0072207,metanephric epithelium development,1.0,False,"""The process whose specific outcome is the progression of an epithelium in the metanephros over time, from its formation to the mature structure. An epithelium is a tissue that covers the internal or external surfaces of an anatomical structure."" [GOC:mtg_kidney_jan10]",29,54,2,20972,0.037037037037037035,0.06896551724137931,query_1,"['GO:0001656', 'GO:0072073']"
GO:BP,GO:0090090,negative regulation of canonical Wnt signaling pathway,1.0,False,"""Any process that decreases the rate, frequency, or extent of the Wnt signaling pathway through beta-catenin, the series of molecular signals initiated by binding of a Wnt protein to a frizzled family receptor on the surface of the target cell, followed by propagation of the signal via beta-catenin, and ending with a change in transcription of target genes."" [GOC:dph, GOC:tb]",137,54,1,20972,0.018518518518518517,0.0072992700729927005,query_1,"['GO:0030178', 'GO:0060070', 'GO:0060828']"
GO:BP,GO:0072210,metanephric nephron development,1.0,False,"""The process whose specific outcome is the progression of a nephron in the metanephros over time, from its formation to the mature structure. A nephron is the functional unit of the kidney."" [GOC:mtg_kidney_jan10]",40,54,1,20972,0.018518518518518517,0.025,query_1,"['GO:0001656', 'GO:0072006']"
GO:BP,GO:0072234,metanephric nephron tubule development,1.0,False,"""The progression of a metanephric nephron tubule over time, from its initial formation to the mature structure. A metanephric nephron tubule is an epithelial tube that is part of the metanephric nephron, the functional part of the metanephros."" [GOC:mtg_kidney_jan10]",23,54,2,20972,0.037037037037037035,0.08695652173913043,query_1,"['GO:0072080', 'GO:0072170', 'GO:0072243']"
GO:BP,GO:0072221,metanephric distal convoluted tubule development,1.0,False,"""The process whose specific outcome is the progression of the metanephric distal convoluted tubule over time, from its formation to the mature structure. The metanephric distal convoluted tubule is the first segment of the metanephric nephron lying just downstream from the loop of Henle, immediately after the macula densa. Among other functions, in humans it is responsible for the reabsorption of about 5% of filtered sodium via the thiazide-sensitive Na-Cl symporter."" [GOC:mtg_kidney_jan10]",5,54,1,20972,0.018518518518518517,0.2,query_1,"['GO:0072025', 'GO:0072234', 'GO:0072235']"
GO:BP,GO:0072224,metanephric glomerulus development,1.0,False,"""The progression of the metanephric glomerulus over time from its initial formation until its mature state. The metanephric glomerulus is a capillary tuft which forms a close network with the visceral epithelium (podocytes) and the mesangium to form the filtration barrier and is surrounded by Bowman's capsule in nephrons of the mature vertebrate kidney, or metanephros."" [GOC:mah]",17,54,1,20972,0.018518518518518517,0.058823529411764705,query_1,"['GO:0032835', 'GO:0072210']"
GO:BP,GO:0072233,metanephric thick ascending limb development,1.0,False,"""The process whose specific outcome is the progression of the metanephric thick ascending limb over time, from its formation to the mature structure. The metanephric thick ascending limb is the last part of the metanephric loop of Henle. Its thick, mitochondria-rich epithelium characterizes the outer medulla, and is responsible for very avid active salt transport. At the macula densa, the thick ascending limb connects to the distal convoluted tubule."" [GOC:mtg_kidney_jan10]",2,54,1,20972,0.018518518518518517,0.5,query_1,"['GO:0072023', 'GO:0072234', 'GO:0072235']"
GO:BP,GO:0080090,regulation of primary metabolic process,1.0,False,"""Any process that modulates the frequency, rate or extent of the chemical reactions and pathways within a cell or an organism involving those compounds formed as a part of the normal anabolic and catabolic processes. These processes take place in most, if not all, cells of the organism."" [PMID:19211694]",5215,54,9,20972,0.16666666666666666,0.0017257909875359539,query_1,"['GO:0019222', 'GO:0044238']"
GO:BP,GO:0072235,metanephric distal tubule development,1.0,False,"""The process whose specific outcome is the progression of the metanephric distal tubule over time, from its formation to the mature structure. The metanephric distal tubule is a metanephric nephron tubule that begins at the metanephric macula densa and extends to the metanephric connecting tubule."" [GOC:mtg_kidney_jan10]",7,54,1,20972,0.018518518518518517,0.14285714285714285,query_1,"['GO:0072017', 'GO:0072234']"
GO:BP,GO:0072236,metanephric loop of Henle development,1.0,False,"""The process whose specific outcome is the progression of the metanephric loop of Henle over time, from its formation to the mature structure. The metanephric loop of Henle is a metanephric nephron tubule that connects the proximal convoluted tubule to the distal convoluted tubule in the metanephros."" [GOC:mtg_kidney_jan10]",6,54,1,20972,0.018518518518518517,0.16666666666666666,query_1,"['GO:0072070', 'GO:0072234']"
GO:BP,GO:0072243,metanephric nephron epithelium development,1.0,False,"""The process whose specific outcome is the progression of the metanephric nephron epithelium over time, from its formation to the mature structure. An epithelium is a tissue that covers the internal or external surfaces of an anatomical structure. The metanephric nephron epithelium is a tissue that covers the surface of a nephron in the metanephros."" [GOC:mtg_kidney_jan10]",26,54,2,20972,0.037037037037037035,0.07692307692307693,query_1,"['GO:0072009', 'GO:0072207']"
GO:BP,GO:0072273,metanephric nephron morphogenesis,1.0,False,"""The process in which the anatomical structures of the metanephric nephron are generated and organized. A metanephric nephron is the functional unit of the metanephros."" [GOC:mtg_kidney_jan10]",23,54,1,20972,0.018518518518518517,0.043478260869565216,query_1,"['GO:0003338', 'GO:0072028', 'GO:0072210']"
GO:BP,GO:0072282,metanephric nephron tubule morphogenesis,1.0,False,"""The process in which the anatomical structures of a metanephric nephron tubule are generated and organized. A metanephric nephron tubule is an epithelial tube that is part of the metanephric nephron, the functional part of the metanephros."" [GOC:mtg_kidney_jan10]",8,54,1,20972,0.018518518518518517,0.125,query_1,"['GO:0072078', 'GO:0072173', 'GO:0072234', 'GO:0072273']"
GO:BP,GO:0072337,modified amino acid transport,1.0,False,"""The directed movement of modified amino acids into, out of or within a cell, or between cells, by means of some agent such as a transporter or pore."" [GOC:mah]",40,54,1,20972,0.018518518518518517,0.025,query_1,['GO:0071705']
GO:BP,GO:0072218,metanephric ascending thin limb development,1.0,False,"""The process whose specific outcome is the progression of a metanephric ascending thin limb over time, from its formation to the mature structure. The metanephric ascending thin limb is a segment of a nephron tubule in the metanephros lying in the inner medulla that is permeable to ions but not to water and has a simple epithelium; active transepithelial solute transport is absent."" [GOC:mtg_kidney_jan10]",4,54,1,20972,0.018518518518518517,0.25,query_1,"['GO:0072021', 'GO:0072234', 'GO:0072236']"
GO:BP,GO:0075509,endocytosis involved in viral entry into host cell,1.0,False,"""Any endocytosis that is involved in the uptake of a virus into a host cell."" [GOC:bf, GOC:jl, VZ:977]",13,54,1,20972,0.018518518518518517,0.07692307692307693,query_1,['GO:0046718']
GO:BP,GO:0072522,purine-containing compound biosynthetic process,1.0,False,"""The chemical reactions and pathways resulting in the formation of a purine-containing compound, i.e. any compound that contains purine or a formal derivative thereof."" [GOC:mah]",258,54,1,20972,0.018518518518518517,0.003875968992248062,query_1,"['GO:0009058', 'GO:0072521']"
GO:BP,GO:0072659,protein localization to plasma membrane,1.0,False,"""A process in which a protein is transported to, or maintained in, a specific location in the plasma membrane."" [GOC:mah]",286,54,2,20972,0.037037037037037035,0.006993006993006993,query_1,"['GO:0072657', 'GO:1990778']"
GO:BP,GO:0097720,calcineurin-mediated signaling,1.0,False,"""Any intracellular signal transduction in which the signal is passed on within the cell by activation of a transcription factor as a consequence of dephosphorylation by Ca(2+)-activated calcineurin. The process begins with calcium-dependent activation of the phosphatase calcineurin. Calcineurin is a calcium- and calmodulin-dependent serine/threonine protein phosphatase with a conserved function in eukaryotic species from yeast to humans. In yeast and fungi, calcineurin regulates stress signaling and cell cycle, and sporulation and virulence in pathogenic fungi. In metazoans, calcineurin is involved in cell commitment, organogenesis and organ development and immune function of T-lymphocytes. By a conserved mechanism, calcineurin phosphatase activates fungal Crz1 and mammalian NFATc by dephosphorylation and translocation of these transcription factors to the nucleus to regulate gene expression."" [GOC:di, PMID:25655284, PMID:25878052, PMID:26851544]",53,54,1,20972,0.018518518518518517,0.018867924528301886,query_1,['GO:0019722']
GO:BP,GO:0097744,renal urate salt excretion,1.0,False,"""The elimination of urate salt or uric acid from peritubular capillaries (or surrounding hemolymph in invertebrates) into the renal tubules to be incorporated subsequently into the urine."" [GOC:jl, PMID:25287933, PMID:3906799, Wikipedia:Renal_physiology#Secretion]",3,54,1,20972,0.018518518518518517,0.3333333333333333,query_1,['GO:0097254']
GO:BP,GO:0098542,defense response to other organism,1.0,False,"""Reactions triggered in response to the presence of another organism that act to protect the cell or organism from damage caused by that organism."" [GOC:dos]",1121,54,8,20972,0.14814814814814814,0.007136485280999108,query_1,"['GO:0006952', 'GO:0051707']"
GO:BP,GO:0090189,regulation of branching involved in ureteric bud morphogenesis,1.0,False,"""Any process that modulates the rate, frequency or extent of branching involved in ureteric bud morphogenesis, the process in which the branching structure of the ureteric bud is generated and organized. The ureteric bud is an epithelial tube that grows out from the metanephric duct. The bud elongates and branches to give rise to the ureter and kidney collecting tubules."" [GOC:dph, GOC:tb, GOC:yaf]",21,54,1,20972,0.018518518518518517,0.047619047619047616,query_1,"['GO:0001658', 'GO:0060688', 'GO:0090183', 'GO:1905330', 'GO:2000027']"
GO:BP,GO:0090190,positive regulation of branching involved in ureteric bud morphogenesis,1.0,False,"""Any process that increases the rate, frequency or extent of branching involved in ureteric bud morphogenesis, the process in which the branching structure of the ureteric bud is generated and organized. The ureteric bud is an epithelial tube that grows out from the metanephric duct. The bud elongates and branches to give rise to the ureter and kidney collecting tubules."" [GOC:dph, GOC:tb, GOC:yaf]",18,54,1,20972,0.018518518518518517,0.05555555555555555,query_1,"['GO:0001658', 'GO:0051240', 'GO:0090189', 'GO:1905332']"
GO:BP,GO:0090207,regulation of triglyceride metabolic process,1.0,False,"""Any process that modulates the frequency, rate or extent of the chemical reactions and pathways involving triglyceride, any triester of glycerol."" [GOC:dph, GOC:sl, GOC:tb]",38,54,1,20972,0.018518518518518517,0.02631578947368421,query_1,"['GO:0006641', 'GO:0019216']"
GO:BP,GO:0090263,positive regulation of canonical Wnt signaling pathway,1.0,False,"""Any process that increases the rate, frequency, or extent of the Wnt signaling pathway through beta-catenin, the series of molecular signals initiated by binding of a Wnt protein to a frizzled family receptor on the surface of the target cell, followed by propagation of the signal via beta-catenin, and ending with a change in transcription of target genes."" [GOC:tb]",108,54,1,20972,0.018518518518518517,0.009259259259259259,query_1,"['GO:0030177', 'GO:0060070', 'GO:0060828']"
GO:BP,GO:0090276,regulation of peptide hormone secretion,1.0,False,"""Any process that modulates the rate, frequency, or extent of the regulated release of a peptide hormone from secretory granules."" [GOC:tb]",204,54,1,20972,0.018518518518518517,0.004901960784313725,query_1,"['GO:0002791', 'GO:0030072', 'GO:0046883']"
GO:BP,GO:0090277,positive regulation of peptide hormone secretion,1.0,False,"""Any process that increases the rate, frequency, or extent of the regulated release of a peptide hormone from secretory granules."" [GOC:tb]",110,54,1,20972,0.018518518518518517,0.00909090909090909,query_1,"['GO:0002793', 'GO:0030072', 'GO:0046887', 'GO:0090276']"
GO:BP,GO:0090279,regulation of calcium ion import,1.0,False,"""Any process that modulates the rate, frequency, or extent of the directed movement of calcium ions into a cell or organelle."" [GOC:BHF]",45,54,2,20972,0.037037037037037035,0.044444444444444446,query_1,"['GO:0051924', 'GO:0070509']"
GO:BP,GO:0072665,protein localization to vacuole,1.0,False,"""A process in which a protein is transported to, or maintained at, a location in a vacuole."" [GOC:ecd]",79,54,1,20972,0.018518518518518517,0.012658227848101266,query_1,['GO:0033365']
GO:BP,GO:0090280,positive regulation of calcium ion import,1.0,False,"""Any process that increases the rate, frequency, or extent of the directed movement of calcium ions into a cell or organelle."" [GOC:BHF]",25,54,1,20972,0.018518518518518517,0.04,query_1,"['GO:0051928', 'GO:0070509', 'GO:0090279']"
GO:BP,GO:0090303,positive regulation of wound healing,1.0,False,"""Any process that increases the rate, frequency, or extent of the series of events that restore integrity to a damaged tissue, following an injury."" [GOC:BHF]",61,54,1,20972,0.018518518518518517,0.01639344262295082,query_1,"['GO:0042060', 'GO:0061041', 'GO:1903036']"
GO:BP,GO:0090304,nucleic acid metabolic process,1.0,False,"""Any cellular metabolic process involving nucleic acids."" [GOC:dph, GOC:tb]",7401,54,8,20972,0.14814814814814814,0.001080935008782597,query_1,"['GO:0006139', 'GO:0043170']"
GO:BP,GO:0090407,organophosphate biosynthetic process,1.0,False,"""The chemical reactions and pathways resulting in the biosynthesis of deoxyribose phosphate, the phosphorylated sugar 2-deoxy-erythro-pentose."" [GOC:chem_mtg]",603,54,2,20972,0.037037037037037035,0.003316749585406302,query_1,"['GO:0009058', 'GO:0019637']"
GO:BP,GO:0090504,epiboly,1.0,False,"""The expansion of one cell sheet over other cells or yolk."" [GOC:dph, GOC:tb]",41,54,1,20972,0.018518518518518517,0.024390243902439025,query_1,['GO:0002011']
GO:BP,GO:0090505,epiboly involved in wound healing,1.0,False,"""The expansion of one cell sheet over other cells involved in wound healing."" [GOC:dph, GOC:tb]",40,54,1,20972,0.018518518518518517,0.025,query_1,"['GO:0042060', 'GO:0090504']"
GO:BP,GO:0097049,motor neuron apoptotic process,1.0,False,"""Any apoptotic process in a motor neuron, an efferent neuron that passes from the central nervous system or a ganglion toward or to a muscle and conducts an impulse that causes movement."" [CL:0000100, GOC:BHF, GOC:mtg_apoptosis, PMID:14523086]",21,54,1,20972,0.018518518518518517,0.047619047619047616,query_1,['GO:0051402']
GO:BP,GO:0097120,receptor localization to synapse,1.0,False,"""Any process in which a receptor is transported to, and/or maintained at the synapse, the junction between a nerve fiber of one neuron and another neuron or muscle fiber or glial cell."" [GOC:BHF, GOC:sjp, PMID:21525273]",77,54,2,20972,0.037037037037037035,0.025974025974025976,query_1,['GO:0051179']
GO:BP,GO:0072350,tricarboxylic acid metabolic process,1.0,False,"""The chemical reactions and pathways involving dicarboxylic acids, any organic acid containing three carboxyl (COOH) groups or anions (COO-)."" [GOC:mah]",15,54,1,20972,0.018518518518518517,0.06666666666666667,query_1,['GO:0019752']
GO:BP,GO:0072593,reactive oxygen species metabolic process,1.0,False,"""The chemical reactions and pathways involving a reactive oxygen species, any molecules or ions formed by the incomplete one-electron reduction of oxygen. They contribute to the microbicidal activity of phagocytes, regulation of signal transduction and gene expression, and the oxidative damage to biopolymers."" [GOC:mah]",228,54,2,20972,0.037037037037037035,0.008771929824561403,query_1,['GO:0008152']
GO:BP,GO:0072657,protein localization to membrane,1.0,False,"""A process in which a protein is transported to, or maintained in, a specific location in a membrane."" [GOC:mah]",445,54,3,20972,0.05555555555555555,0.006741573033707865,query_1,"['GO:0008104', 'GO:0051668']"
GO:BP,GO:0090281,negative regulation of calcium ion import,1.0,False,"""Any process that decreases the rate, frequency, or extent of the directed movement of calcium ions into a cell or organelle."" [GOC:BHF]",14,54,2,20972,0.037037037037037035,0.14285714285714285,query_1,"['GO:0051926', 'GO:0070509', 'GO:0090279']"
GO:BP,GO:0072359,circulatory system development,1.0,False,"""The process whose specific outcome is the progression of the circulatory system over time, from its formation to the mature structure. The circulatory system is the organ system that passes nutrients (such as amino acids and electrolytes), gases, hormones, blood cells, etc. to and from cells in the body to help fight diseases and help stabilize body temperature and pH to maintain homeostasis."" [GOC:mah, UBERON:0001009]",1135,54,6,20972,0.1111111111111111,0.0052863436123348016,query_1,['GO:0048731']
GO:BP,GO:0072051,juxtaglomerular apparatus development,1.0,False,"""The process whose specific outcome is the progression of the juxtaglomerular apparatus over time, from its formation to the mature structure. The juxtaglomerular apparatus is an anatomical structure that lies adjacent to the glomerulus and regulates kidney function."" [GOC:mtg_kidney_jan10]",4,54,1,20972,0.018518518518518517,0.25,query_1,"['GO:0001822', 'GO:0048856']"
GO:BP,GO:0072025,distal convoluted tubule development,1.0,False,"""The process whose specific outcome is the progression of the distal convoluted tubule over time, from its formation to the mature structure. The distal convoluted tubule is the first segment of the nephron lying just downstream from the loop of Henle, immediately after the macula densa. Among other functions, in humans it is responsible for the reabsorption of about 5% of filtered sodium via the thiazide-sensitive Na-Cl symporter."" [GOC:mtg_kidney_jan10]",5,54,1,20972,0.018518518518518517,0.2,query_1,"['GO:0072017', 'GO:0072080']"
GO:BP,GO:0072009,nephron epithelium development,1.0,False,"""The process whose specific outcome is the progression of the nephron epithelium over time, from its formation to the mature structure. An epithelium is a tissue that covers the internal or external surfaces of an anatomical structure. The nephron epithelium is a tissue that covers the surface of a nephron."" [GOC:mtg_kidney_jan10]",123,54,2,20972,0.037037037037037035,0.016260162601626018,query_1,"['GO:0072006', 'GO:0072073']"
GO:BP,GO:0072017,distal tubule development,1.0,False,"""The process whose specific outcome is the progression of the distal tubule over time, from its formation to the mature structure. In mammals, the distal tubule is a nephron tubule that begins at the macula densa and extends to the connecting tubule."" [GOC:mtg_kidney_jan10]",12,54,1,20972,0.018518518518518517,0.08333333333333333,query_1,['GO:0072080']
GO:BP,GO:0072021,ascending thin limb development,1.0,False,"""The process whose specific outcome is the progression of an ascending thin limb over time, from its formation to the mature structure. The ascending thin limb is a segment of a nephron tubule lying in the inner medulla that is permeable to ions but not to water and has a simple epithelium; active transepithelial solute transport is absent."" [GOC:mtg_kidney_jan10]",4,54,1,20972,0.018518518518518517,0.25,query_1,"['GO:0072070', 'GO:0072080']"
GO:BP,GO:0072023,thick ascending limb development,1.0,False,"""The process whose specific outcome is the progression of the thick ascending limb over time, from its formation to the mature structure. The thick ascending limb is the last part of the loop of Henle. Its thick, mitochondria-rich epithelium characterizes the outer medulla, and is responsible for very avid active salt transport. At the macula densa, the thick ascending limb connects to the distal convoluted tubule."" [GOC:mtg_kidney_jan10]",2,54,1,20972,0.018518518518518517,0.5,query_1,"['GO:0072017', 'GO:0072080']"
GO:BP,GO:0070848,response to growth factor,1.0,False,"""Any process that results in a change in state or activity of a cell or an organism (in terms of movement, secretion, enzyme production, gene expression, etc.) as a result of a growth factor stimulus."" [GOC:BHF, GOC:mah]",734,54,1,20972,0.018518518518518517,0.0013623978201634877,query_1,['GO:0009719']
GO:BP,GO:0070884,regulation of calcineurin-NFAT signaling cascade,1.0,False,"""Any process that modulates the frequency, rate or extent of the calcineurin-NFAT signaling cascade."" [GOC:ai]",39,54,1,20972,0.018518518518518517,0.02564102564102564,query_1,"['GO:0033173', 'GO:0106056']"
GO:BP,GO:0070886,positive regulation of calcineurin-NFAT signaling cascade,1.0,False,"""Any process that activates or increases the frequency, rate or extent of signaling via the calcineurin-NFAT signaling cascade."" [GOC:mah]",21,54,1,20972,0.018518518518518517,0.047619047619047616,query_1,"['GO:0033173', 'GO:0070884', 'GO:0106058']"
GO:BP,GO:0070887,cellular response to chemical stimulus,1.0,False,"""Any process that results in a change in state or activity of a cell (in terms of movement, secretion, enzyme production, gene expression, etc.) as a result of a chemical stimulus."" [GOC:mah]",2199,54,5,20972,0.09259259259259259,0.002273760800363802,query_1,"['GO:0042221', 'GO:0051716']"
GO:BP,GO:0070925,organelle assembly,1.0,False,"""The aggregation, arrangement and bonding together of a set of components to form an organelle. An organelle is an organized structure of distinctive morphology and function. Includes the nucleus, mitochondria, plastids, vacuoles, vesicles, ribosomes and the cytoskeleton. Excludes the plasma membrane."" [GOC:mah]",1057,54,1,20972,0.018518518518518517,0.000946073793755913,query_1,"['GO:0006996', 'GO:0022607']"
GO:BP,GO:0070942,neutrophil mediated cytotoxicity,1.0,False,"""The directed killing of a target cell by a neutrophil."" [GOC:add, ISBN:0781765196]",16,54,1,20972,0.018518518518518517,0.0625,query_1,"['GO:0001909', 'GO:0002446']"
GO:BP,GO:0072006,nephron development,1.0,False,"""The process whose specific outcome is the progression of the nephron over time, from its formation to the mature structure. A nephron is the functional unit of the kidney."" [GOC:mtg_kidney_jan10]",159,54,2,20972,0.037037037037037035,0.012578616352201259,query_1,"['GO:0001822', 'GO:0048856']"
GO:BP,GO:0070943,neutrophil-mediated killing of symbiont cell,1.0,False,"""The directed killing of a symbiont target cell by a neutrophil. The symbiont is defined as the smaller of the organisms involved in a symbiotic interaction."" [GOC:add, ISBN:0781765196]",14,54,1,20972,0.018518518518518517,0.07142857142857142,query_1,"['GO:0031640', 'GO:0070942']"
GO:BP,GO:0070945,neutrophil-mediated killing of gram-negative bacterium,1.0,False,"""The directed killing of a gram-negative bacterium by a neutrophil."" [GOC:add, ISBN:0781765196]",7,54,1,20972,0.018518518518518517,0.14285714285714285,query_1,"['GO:0050829', 'GO:0070944']"
GO:BP,GO:0071248,cellular response to metal ion,1.0,False,"""Any process that results in a change in state or activity of a cell (in terms of movement, secretion, enzyme production, gene expression, etc.) as a result of a metal ion stimulus."" [GOC:mah]",173,54,1,20972,0.018518518518518517,0.005780346820809248,query_1,"['GO:0010038', 'GO:0070887']"
GO:BP,GO:0071277,cellular response to calcium ion,1.0,False,"""Any process that results in a change in state or activity of a cell (in terms of movement, secretion, enzyme production, gene expression, etc.) as a result of a calcium ion stimulus."" [GOC:mah]",77,54,1,20972,0.018518518518518517,0.012987012987012988,query_1,"['GO:0051592', 'GO:0071248']"
GO:BP,GO:0071345,cellular response to cytokine stimulus,1.0,False,"""Any process that results in a change in state or activity of a cell (in terms of movement, secretion, enzyme production, gene expression, etc.) as a result of a cytokine stimulus."" [GOC:mah]",891,54,3,20972,0.05555555555555555,0.003367003367003367,query_1,['GO:0034097']
GO:BP,GO:0071356,cellular response to tumor necrosis factor,1.0,False,"""Any process that results in a change in state or activity of a cell (in terms of movement, secretion, enzyme production, gene expression, etc.) as a result of a tumor necrosis factor stimulus."" [GOC:mah]",198,54,2,20972,0.037037037037037035,0.010101010101010102,query_1,"['GO:0034612', 'GO:0071345']"
GO:BP,GO:0071363,cellular response to growth factor stimulus,1.0,False,"""Any process that results in a change in state or activity of a cell (in terms of movement, secretion, enzyme production, gene expression, etc.) as a result of a growth factor stimulus."" [GOC:mah]",706,54,1,20972,0.018518518518518517,0.00141643059490085,query_1,"['GO:0070848', 'GO:0071495']"
GO:BP,GO:0071425,hematopoietic stem cell proliferation,1.0,False,"""The expansion of a hematopoietic stem cell population by cell division. A hematopoietic stem cell is a stem cell from which all cells of the lymphoid and myeloid lineages develop."" [CL:0000037, GOC:add, GOC:BHF, GOC:mah, GOC:rl]",35,54,1,20972,0.018518518518518517,0.02857142857142857,query_1,"['GO:0030097', 'GO:0072089']"
GO:BP,GO:0071466,cellular response to xenobiotic stimulus,1.0,False,"""Any process that results in a change in state or activity of a cell (in terms of movement, secretion, enzyme production, gene expression, etc.) as a result of a stimulus from a xenobiotic, a compound foreign to the organism exposed to it. It may be synthesized by another organism (like ampicilin) or it can be a synthetic chemical."" [GOC:krc, GOC:mah]",194,54,1,20972,0.018518518518518517,0.005154639175257732,query_1,"['GO:0009410', 'GO:0070887']"
GO:BP,GO:0070120,ciliary neurotrophic factor-mediated signaling pathway,1.0,False,"""The series of molecular signals initiated by the binding of a ciliary neurotrophic factor (CNTF) to its receptor on the surface of a target cell, and ending with the regulation of a downstream cellular process, e.g. transcription."" [GOC:BHF, GOC:mah]",5,54,1,20972,0.018518518518518517,0.2,query_1,['GO:0019221']
GO:BP,GO:0070126,mitochondrial translational termination,1.0,False,"""The process resulting in the release of a polypeptide chain from the ribosome in a mitochondrion, usually in response to a termination codon (note that mitochondria use variants of the universal genetic code that differ between different taxa)."" [GOC:mah, http://mitogenome.org/index.php/Genetic_Code_of_mitochondria]",4,54,1,20972,0.018518518518518517,0.25,query_1,"['GO:0006415', 'GO:0032543']"
GO:BP,GO:0070944,neutrophil-mediated killing of bacterium,1.0,False,"""The directed killing of a bacterium by a neutrophil."" [GOC:add, ISBN:0781765196]",13,54,1,20972,0.018518518518518517,0.07692307692307693,query_1,"['GO:0042742', 'GO:0070943']"
GO:BP,GO:0072001,renal system development,1.0,False,"""The process whose specific outcome is the progression of the renal system over time, from its formation to the mature structure. The renal system maintains fluid balance and contributes to electrolyte balance, acid/base balance, and disposal of nitrogenous waste products. In humans, the renal system comprises a pair of kidneys, a pair of ureters, urinary bladder, urethra, sphincter muscle and associated blood vessels."" [GOC:mtg_kidney_jan10, GOC:yaf, PMID:6996269]",331,54,2,20972,0.037037037037037035,0.006042296072507553,query_1,['GO:0048731']
GO:BP,GO:0071918,urea transmembrane transport,1.0,False,"""The process in which urea, the water-soluble compound H2N-CO-NH2, is transported from one side of a membrane to the other by means of some agent such as a transporter or pore."" [GOC:mah]",7,54,1,20972,0.018518518518518517,0.14285714285714285,query_1,"['GO:0015840', 'GO:0055085']"
GO:BP,GO:0071840,cellular component organization or biogenesis,1.0,False,"""A process that results in the biosynthesis of constituent macromolecules, assembly, arrangement of constituent parts, or disassembly of a cellular component."" [GOC:mah]",8538,54,25,20972,0.46296296296296297,0.002928086202857812,query_1,['GO:0009987']
GO:BP,GO:0072028,nephron morphogenesis,1.0,False,"""The process in which the anatomical structures of the nephron are generated and organized. A nephron is the functional unit of the kidney."" [GOC:mtg_kidney_jan10]",81,54,1,20972,0.018518518518518517,0.012345679012345678,query_1,"['GO:0009653', 'GO:0060993', 'GO:0072006']"
GO:BP,GO:0072044,collecting duct development,1.0,False,"""The process whose specific outcome is the progression of a collecting duct over time, from its formation to the mature structure. The collecting duct responds to vasopressin and aldosterone to regulate water, electrolyte and acid-base balance. It is the final common path through which urine flows before entering the ureter and then emptying into the bladder."" [GOC:mtg_kidney_jan10]",14,54,1,20972,0.018518518518518517,0.07142857142857142,query_1,"['GO:0001822', 'GO:0035295']"
GO:BP,GO:0097709,connective tissue replacement,1.0,False,"""The series of events leading to growth of connective tissue when loss of tissues that are incapable of regeneration occurs, or when fibrinous exudate cannot be adequately cleared."" [GOC:bc, GOC:BHF, GOC:BHF_miRNA, PMID:25590961]",16,54,1,20972,0.018518518518518517,0.0625,query_1,['GO:0048771']
GO:BP,GO:0072070,loop of Henle development,1.0,False,"""The process whose specific outcome is the progression of the loop of Henle over time, from its formation to the mature structure. The loop of Henle is a nephron tubule that connects the proximal convoluted tubule to the distal convoluted tubule."" [GOC:mtg_kidney_jan10]",12,54,1,20972,0.018518518518518517,0.08333333333333333,query_1,['GO:0072080']
GO:BP,GO:0072073,kidney epithelium development,1.0,False,"""The process whose specific outcome is the progression of an epithelium in the kidney over time, from its formation to the mature structure. An epithelium is a tissue that covers the internal or external surfaces of an anatomical structure."" [GOC:mtg_kidney_jan10]",152,54,2,20972,0.037037037037037035,0.013157894736842105,query_1,"['GO:0001822', 'GO:0060429']"
GO:BP,GO:0072078,nephron tubule morphogenesis,1.0,False,"""The process in which the anatomical structures of a nephron tubule are generated and organized. A nephron tubule is an epithelial tube that is part of the nephron, the functional part of the kidney."" [GOC:mtg_kidney_jan10]",77,54,1,20972,0.018518518518518517,0.012987012987012988,query_1,"['GO:0061333', 'GO:0072080', 'GO:0072088']"
GO:BP,GO:0072080,nephron tubule development,1.0,False,"""The progression of a nephron tubule over time, from its initial formation to the mature structure. A nephron tubule is an epithelial tube that is part of the nephron, the functional part of the kidney."" [GOC:mtg_kidney_jan10]",100,54,2,20972,0.037037037037037035,0.02,query_1,"['GO:0061326', 'GO:0072009']"
GO:BP,GO:0072088,nephron epithelium morphogenesis,1.0,False,"""The process in which the anatomical structures of the nephron epithelium are generated and organized. The nephron epithelium is a tissue that covers the surface of a nephron."" [GOC:mtg_kidney_jan10]",79,54,1,20972,0.018518518518518517,0.012658227848101266,query_1,"['GO:0002009', 'GO:0072009', 'GO:0072028']"
GO:BP,GO:0072089,stem cell proliferation,1.0,False,"""The multiplication or reproduction of stem cells, resulting in the expansion of a stem cell population. A stem cell is a cell that retains the ability to divide and proliferate throughout life to provide progenitor cells that can differentiate into specialized cells."" [GOC:mtg_kidney_jan10]",125,54,1,20972,0.018518518518518517,0.008,query_1,['GO:0008283']
GO:BP,GO:0072091,regulation of stem cell proliferation,1.0,False,"""Any process that modulates the frequency, rate or extent of stem cell proliferation. A stem cell is a cell that retains the ability to divide and proliferate throughout life to provide progenitor cells that can differentiate into specialized cells."" [GOC:mtg_kidney_jan10]",90,54,1,20972,0.018518518518518517,0.011111111111111112,query_1,"['GO:0042127', 'GO:0072089']"
GO:BP,GO:0072163,mesonephric epithelium development,1.0,False,"""The process whose specific outcome is the progression of an epithelium in the mesonephros over time, from its formation to the mature structure. An epithelium is a tissue that covers the internal or external surfaces of an anatomical structure."" [GOC:mtg_kidney_jan10]",100,54,1,20972,0.018518518518518517,0.01,query_1,"['GO:0001823', 'GO:0072073']"
GO:BP,GO:0072164,mesonephric tubule development,1.0,False,"""The progression of a mesonephric tubule over time, from its initial formation to the mature structure. A mesonephric tubule is an epithelial tube that is part of the mesonephros."" [GOC:mtg_kidney_jan10]",100,54,1,20972,0.018518518518518517,0.01,query_1,"['GO:0035295', 'GO:0072163']"
GO:BP,GO:0072170,metanephric tubule development,1.0,False,"""The progression of a metanephric tubule over time, from its initial formation to the mature structure. A metanephric tubule is an epithelial tube that is part of the metanephros."" [GOC:mtg_kidney_jan10]",25,54,2,20972,0.037037037037037035,0.08,query_1,"['GO:0035295', 'GO:0072207']"
GO:BP,GO:0072171,mesonephric tubule morphogenesis,1.0,False,"""The process in which the anatomical structures of a mesonephric tubule are generated and organized. A mesonephric tubule is an epithelial tube that is part of the mesonephros."" [GOC:mtg_kidney_jan10]",69,54,1,20972,0.018518518518518517,0.014492753623188406,query_1,"['GO:0072078', 'GO:0072164']"
GO:BP,GO:0072173,metanephric tubule morphogenesis,1.0,False,"""The process in which the anatomical structures of a metanephric tubule are generated and organized from an epithelium. A metanephric tubule is an epithelial tube that is part of the metanephros."" [GOC:mtg_kidney_jan10]",10,54,1,20972,0.018518518518518517,0.1,query_1,"['GO:0060562', 'GO:0072170']"
GO:BP,GO:0071495,cellular response to endogenous stimulus,1.0,False,"""Any process that results in a change in state or activity of a cell (in terms of movement, secretion, enzyme production, gene expression, etc.) as a result of a stimulus arising within the organism."" [GOC:mah]",1238,54,1,20972,0.018518518518518517,0.0008077544426494346,query_1,['GO:0009719']
GO:BP,GO:0071604,transforming growth factor beta production,1.0,False,"""The appearance of any member of the transforming growth factor-beta family of cytokines due to biosynthesis or secretion following a cellular stimulus, resulting in an increase in its intracellular or extracellular levels. Transforming growth factor-beta family members include TGF-B1, TGF-B2, and TGF-B3."" [GOC:add, GOC:rv, PMID:16891311, PMID:2022183]",33,54,1,20972,0.018518518518518517,0.030303030303030304,query_1,['GO:0001816']
GO:BP,GO:0071692,protein localization to extracellular region,1.0,False,"""Any process in which a protein is transported from one specific location in the extracellular region to another, or maintained in a specific extracellular location."" [GOC:mah]",366,54,1,20972,0.018518518518518517,0.00273224043715847,query_1,['GO:0033036']
GO:BP,GO:0071695,anatomical structure maturation,1.0,False,"""A developmental process, independent of morphogenetic (shape) change, that is required for an anatomical structure to attain its fully functional state."" [GOC:mah]",272,54,1,20972,0.018518518518518517,0.003676470588235294,query_1,"['GO:0021700', 'GO:0048856']"
GO:BP,GO:0071696,ectodermal placode development,1.0,False,"""The progression of an ectodermal placode over time from its initial formation until its mature state. An ectodermal placode is a thickening of the ectoderm that is the primordium of many structures derived from the ectoderm."" [GOC:mah]",15,54,1,20972,0.018518518518518517,0.06666666666666667,query_1,['GO:0048856']
GO:BP,GO:0071697,ectodermal placode morphogenesis,1.0,False,"""The process in which the anatomical structures of an ectodermal placode are generated and organized. An ectodermal placode is a thickening of the ectoderm that is the primordium of many structures derived from the ectoderm."" [GOC:mah]",13,54,1,20972,0.018518518518518517,0.07692307692307693,query_1,"['GO:0009653', 'GO:0071696']"
GO:BP,GO:0071705,nitrogen compound transport,1.0,False,"""The directed movement of nitrogen-containing compounds into, out of or within a cell, or between cells, by means of some agent such as a transporter or pore."" [GOC:mah]",798,54,3,20972,0.05555555555555555,0.0037593984962406013,query_1,['GO:0006810']
GO:BP,GO:0071800,podosome assembly,1.0,False,"""The aggregation, arrangement and bonding together of a set of components to form a podosome, an actin-rich adhesion structure characterized by formation upon cell substrate contact and localization at the substrate-attached part of the cell."" [GOC:mah, GOC:sl]",21,54,1,20972,0.018518518518518517,0.047619047619047616,query_1,"['GO:0065003', 'GO:0140694']"
GO:BP,GO:0072521,purine-containing compound metabolic process,1.0,False,"""The chemical reactions and pathways involving a purine-containing compound, i.e. any compound that contains purine or a formal derivative thereof."" [GOC:mah]",567,54,3,20972,0.05555555555555555,0.005291005291005291,query_1,['GO:0008152']
GO:BP,GO:0097696,cell surface receptor signaling pathway via STAT,1.0,False,"""An intracellular signal transduction process in which STAT proteins (Signal Transducers and Activators of Transcription) convey a signal to trigger a change in the activity or state of a cell. The STAT cascade begins with receptor activation followed by activation of STAT proteins by kinases. It proceeds through STA dimerization and subsequent nuclear translocation of STAT proteins, and ends with regulation of target gene expression by STAT proteins."" [GOC:rjd, PMID:21534947, PMID:24587195]",150,54,1,20972,0.018518518518518517,0.006666666666666667,query_1,['GO:0007166']
GO:BP,GO:0097484,dendrite extension,1.0,False,"""Long distance growth of a single dendrite involved in cellular development."" [GOC:BHF, GOC:rl]",34,54,1,20972,0.018518518518518517,0.029411764705882353,query_1,['GO:1990138']
GO:BP,GO:0097530,granulocyte migration,1.0,False,"""The movement of a granulocyte within or between different tissues and organs of the body."" [GOC:cvs, PMID:24163421, PMID:24193336]",148,54,1,20972,0.018518518518518517,0.006756756756756757,query_1,['GO:0097529']
GO:BP,GO:1902001,fatty acid transmembrane transport,1.0,False,"""The process in which a fatty acid is transported across a membrane."" [GOC:rb, GOC:TermGenie, PMID:9395310]",20,54,1,20972,0.018518518518518517,0.05,query_1,"['GO:0015908', 'GO:1905039']"
GO:BP,GO:1902033,regulation of hematopoietic stem cell proliferation,1.0,False,"""Any process that modulates the frequency, rate or extent of hematopoietic stem cell proliferation."" [GOC:TermGenie, PMID:23403623]",15,54,1,20972,0.018518518518518517,0.06666666666666667,query_1,"['GO:0071425', 'GO:0072091']"
GO:BP,GO:0141124,intracellular signaling cassette,1.0,False,"""An intracellular signaling module that is part of larger signaling pathways that can be initiated either intracellularly or by cell surface receptors. Intracellular signaling cassettes are discrete signaling units that are often shared by multiple signaling pathways."" [GOC:ha, GOC:pg]",1866,54,12,20972,0.2222222222222222,0.006430868167202572,query_1,['GO:0035556']
GO:BP,GO:0141187,nucleic acid biosynthetic process,1.0,False,"""The biosynthetic process resulting in the formation of a nucleic acid."" [GOC:dph, GOC:tb]",6735,54,5,20972,0.09259259259259259,0.0007423904974016332,query_1,"['GO:0009059', 'GO:0034654', 'GO:0090304']"
GO:BP,GO:0141188,nucleic acid catabolic process,1.0,False,"""The cellular DNA metabolic process resulting in the breakdown of a nucleic acid."" [GOC:curators]",341,54,1,20972,0.018518518518518517,0.002932551319648094,query_1,"['GO:0009057', 'GO:0034655', 'GO:0090304']"
GO:BP,GO:0150011,regulation of neuron projection arborization,1.0,False,"""Any process that modulates the frequency, rate or extent of the process in which the anatomical structures of a neuron projection are generated and organized into branches."" [GOC:aruk, GOC:bc, PMID:17114044]",15,54,1,20972,0.018518518518518517,0.06666666666666667,query_1,"['GO:0022604', 'GO:0031344', 'GO:0140058']"
GO:BP,GO:0150012,positive regulation of neuron projection arborization,1.0,False,"""Any process that activates or increases the frequency, rate or extent of the process in which the anatomical structures of a neuron projection are generated and organized into branches."" [GOC:aruk, GOC:bc, PMID:17114044]",8,54,1,20972,0.018518518518518517,0.125,query_1,"['GO:0031346', 'GO:0051094', 'GO:0140058', 'GO:0150011']"
GO:BP,GO:0150063,visual system development,1.0,False,"""The process whose specific outcome is the progression of the visual system over time, from its formation to the mature structure, including the eye, parts of the central nervous system (CNS) involved in processing of visual inputs, and connecting nerve pathways."" [GOC:aruk, GOC:bc, GOC:krc, PMID:15004427, PMID:20647017, PMID:22632727]",422,54,1,20972,0.018518518518518517,0.002369668246445498,query_1,['GO:0048880']
GO:BP,GO:0160307,protein biosynthetic process,1.0,False,"""The chemical reactions and pathways resulting in the formation of protein."" [Wikipedia:Protein_biosynthesis]",712,54,1,20972,0.018518518518518517,0.0014044943820224719,query_1,"['GO:0009059', 'GO:0010467', 'GO:0019538']"
GO:BP,GO:0170062,nutrient storage,1.0,False,"""The accumulation and maintenance in cells or tissues of a nutrient, a substance that is used by an organism to survive, to grow, and to reproduce; such as proteins, vitamins, and minerals. Nutrient reserves can be accumulated for mobilization and utilization when needed."" [GOC:ew]",90,54,1,20972,0.018518518518518517,0.011111111111111112,query_1,['GO:0009987']
GO:BP,GO:1901701,cellular response to oxygen-containing compound,1.0,False,"""Any process that results in a change in state or activity of a cell (in terms of movement, secretion, enzyme production, gene expression, etc.) as a result of an oxygen-containing compound stimulus."" [GOC:pr, GOC:TermGenie]",1194,54,2,20972,0.037037037037037035,0.0016750418760469012,query_1,"['GO:0070887', 'GO:1901700']"
GO:BP,GO:0180064,protein O-linked glycosylation via xylose,1.0,False,"""A glycoprotein biosynthetic process starting with the covalent linkage of a xylose via a beta-glycosidic bond to the oxygen atom of a serine or a threonine side chain in a protein, which can be further elongated with the sequential addition of sugar units resulting in the formation of a protein O-linked glycan."" [PMID:22117070]",40,54,1,20972,0.018518518518518517,0.025,query_1,['GO:0006493']
GO:BP,GO:1900016,negative regulation of cytokine production involved in inflammatory response,1.0,False,"""Any process that stops, prevents or reduces the frequency, rate or extent of cytokine production involved in inflammatory response."" [GOC:TermGenie]",35,54,1,20972,0.018518518518518517,0.02857142857142857,query_1,"['GO:0001818', 'GO:0002534', 'GO:1900015']"
GO:BP,GO:1900046,regulation of hemostasis,1.0,False,"""Any process that modulates the frequency, rate or extent of hemostasis."" [GOC:TermGenie]",70,54,2,20972,0.037037037037037035,0.02857142857142857,query_1,"['GO:0007599', 'GO:0050789', 'GO:0050878']"
GO:BP,GO:1900047,negative regulation of hemostasis,1.0,False,"""Any process that stops, prevents or reduces the frequency, rate or extent of hemostasis."" [GOC:TermGenie]",51,54,2,20972,0.037037037037037035,0.0392156862745098,query_1,"['GO:0007599', 'GO:0048519', 'GO:1900046']"
GO:BP,GO:1900048,positive regulation of hemostasis,1.0,False,"""Any process that activates or increases the frequency, rate or extent of hemostasis."" [GOC:TermGenie]",26,54,1,20972,0.018518518518518517,0.038461538461538464,query_1,"['GO:0007599', 'GO:0048518', 'GO:1900046']"
GO:BP,GO:1900180,regulation of protein localization to nucleus,1.0,False,"""Any process that modulates the frequency, rate or extent of protein localization to nucleus."" [GOC:TermGenie]",146,54,1,20972,0.018518518518518517,0.00684931506849315,query_1,"['GO:0032880', 'GO:0034504']"
GO:BP,GO:1900182,positive regulation of protein localization to nucleus,1.0,False,"""Any process that activates or increases the frequency, rate or extent of protein localization to nucleus."" [GOC:TermGenie]",94,54,1,20972,0.018518518518518517,0.010638297872340425,query_1,"['GO:0034504', 'GO:1900180', 'GO:1903829']"
GO:BP,GO:0120036,plasma membrane bounded cell projection organization,1.0,False,"""A process that is carried out at the cellular level which results in the assembly, arrangement of constituent parts, or disassembly of a plasma membrane bounded prolongation or process extending from a cell, e.g. a cilium or axon."" [GOC:krc]",1582,54,5,20972,0.09259259259259259,0.0031605562579013905,query_1,['GO:0030030']
GO:BP,GO:0120039,plasma membrane bounded cell projection morphogenesis,1.0,False,"""The process in which the anatomical structures of a plasma membrane bounded cell projection are generated and organized."" [GOC:krc]",664,54,4,20972,0.07407407407407407,0.006024096385542169,query_1,['GO:0048858']
GO:BP,GO:0120161,regulation of cold-induced thermogenesis,1.0,False,"""Any process that modulates the frequency, rate or extent of cold-induced thermogenesis."" [PMID:27876809]",150,54,1,20972,0.018518518518518517,0.006666666666666667,query_1,"['GO:0051239', 'GO:0106106']"
GO:BP,GO:0120163,negative regulation of cold-induced thermogenesis,1.0,False,"""Any process that stops, prevents, or reduces the rate of cold-induced thermogenesis."" [PMID:27876809]",48,54,1,20972,0.018518518518518517,0.020833333333333332,query_1,"['GO:0051241', 'GO:0106106', 'GO:0120161']"
GO:BP,GO:1900015,regulation of cytokine production involved in inflammatory response,1.0,False,"""Any process that modulates the frequency, rate or extent of cytokine production involved in inflammatory response."" [GOC:TermGenie]",69,54,1,20972,0.018518518518518517,0.014492753623188406,query_1,"['GO:0001817', 'GO:0002534']"
GO:BP,GO:0120254,olefinic compound metabolic process,1.0,False,"""The chemical reactions and pathways involving an olefinic compound, any compound which contains a carbon-carbon double bond (aka C=C)."" [GOC:krc]",158,54,2,20972,0.037037037037037035,0.012658227848101266,query_1,['GO:0008152']
GO:BP,GO:1901700,response to oxygen-containing compound,1.0,False,"""Any process that results in a change in state or activity of a cell or an organism (in terms of movement, secretion, enzyme production, gene expression, etc.) as a result of an oxygen-containing compound stimulus."" [GOC:pr, GOC:TermGenie]",1632,54,4,20972,0.07407407407407407,0.0024509803921568627,query_1,['GO:0042221']
GO:BP,GO:1901532,regulation of hematopoietic progenitor cell differentiation,1.0,False,"""Any process that modulates the frequency, rate or extent of hematopoietic progenitor cell differentiation."" [GOC:BHF, GOC:rl, GOC:TermGenie]",40,54,1,20972,0.018518518518518517,0.025,query_1,"['GO:0002244', 'GO:0045595']"
GO:BP,GO:1902531,regulation of intracellular signal transduction,1.0,False,"""Any process that modulates the frequency, rate or extent of intracellular signal transduction."" [GOC:dph, GOC:signaling, GOC:tb, GOC:TermGenie]",1945,54,7,20972,0.12962962962962962,0.0035989717223650387,query_1,"['GO:0009966', 'GO:0035556']"
GO:BP,GO:1902532,negative regulation of intracellular signal transduction,1.0,False,"""Any process that stops, prevents or reduces the frequency, rate or extent of intracellular signal transduction."" [GOC:dph, GOC:signaling, GOC:tb, GOC:TermGenie]",681,54,2,20972,0.037037037037037035,0.002936857562408223,query_1,"['GO:0009968', 'GO:0035556', 'GO:1902531']"
GO:BP,GO:1902533,positive regulation of intracellular signal transduction,1.0,False,"""Any process that activates or increases the frequency, rate or extent of intracellular signal transduction."" [GOC:BHF, GOC:dph, GOC:signaling, GOC:tb, GOC:TermGenie]",1108,54,4,20972,0.07407407407407407,0.0036101083032490976,query_1,"['GO:0009967', 'GO:0035556', 'GO:1902531']"
GO:BP,GO:1902603,carnitine transmembrane transport,1.0,False,"""The directed movement of carnitine across a membrane."" [GO_REF:0000069, GOC:pr, GOC:TermGenie]",7,54,1,20972,0.018518518518518517,0.14285714285714285,query_1,"['GO:0015879', 'GO:0055085']"
GO:BP,GO:1902616,O-acyl-L-carnitine transmembrane transport,1.0,False,"""The process in which O-acyl-L-carnitine is transported across a membrane."" [GO_REF:0000069, GOC:pr, GOC:TermGenie]",2,54,1,20972,0.018518518518518517,0.5,query_1,"['GO:0015697', 'GO:0055085']"
GO:BP,GO:1902652,secondary alcohol metabolic process,1.0,False,"""The chemical reactions and pathways involving secondary alcohol."" [GO_REF:0000068, GOC:mengo_curators, GOC:TermGenie, PMID:11288200]",154,54,1,20972,0.018518518518518517,0.006493506493506494,query_1,['GO:0006066']
GO:BP,GO:1902656,calcium ion import into cytosol,1.0,False,"""The directed movement of calcium ion into a cytosol."" [GO_REF:0000075, GOC:TermGenie, GOC:vw]",41,54,1,20972,0.018518518518518517,0.024390243902439025,query_1,['GO:0006816']
GO:BP,GO:1902679,negative regulation of RNA biosynthetic process,1.0,False,"""Any process that stops, prevents or reduces the frequency, rate or extent of RNA biosynthetic process."" [GO:jl, GO_REF:0000058, GOC:TermGenie]",1284,54,1,20972,0.018518518518518517,0.000778816199376947,query_1,"['GO:0010558', 'GO:0032774', 'GO:0051253', 'GO:2001141']"
GO:BP,GO:1902680,positive regulation of RNA biosynthetic process,1.0,False,"""Any process that activates or increases the frequency, rate or extent of RNA biosynthetic process."" [GO:jl, GO_REF:0000058, GOC:TermGenie]",1674,54,1,20972,0.018518518518518517,0.0005973715651135006,query_1,"['GO:0010557', 'GO:0032774', 'GO:0051254', 'GO:2001141']"
GO:BP,GO:1903027,regulation of opsonization,1.0,False,"""Any process that modulates the frequency, rate or extent of opsonization."" [GO_REF:0000058, GOC:BHF, GOC:rl, GOC:TermGenie, PMID:22333221]",11,54,1,20972,0.018518518518518517,0.09090909090909091,query_1,"['GO:0002697', 'GO:0008228', 'GO:0050794']"
GO:BP,GO:1901652,response to peptide,1.0,False,"""Any process that results in a change in state or activity of a cell or an organism (in terms of movement, secretion, enzyme production, gene expression, etc.) as a result of a peptide stimulus."" [GOC:pr, GOC:TermGenie]",993,54,4,20972,0.07407407407407407,0.004028197381671702,query_1,['GO:0042221']
GO:BP,GO:1903028,positive regulation of opsonization,1.0,False,"""Any process that activates or increases the frequency, rate or extent of opsonization."" [GO_REF:0000058, GOC:BHF, GOC:rl, GOC:TermGenie, PMID:22333221]",9,54,1,20972,0.018518518518518517,0.1111111111111111,query_1,"['GO:0002699', 'GO:0008228', 'GO:0050766', 'GO:1903027']"
GO:BP,GO:1900242,regulation of synaptic vesicle endocytosis,1.0,False,"""Any process that modulates the frequency, rate or extent of synaptic vesicle endocytosis."" [GOC:BHF, GOC:TermGenie]",20,54,1,20972,0.018518518518518517,0.05,query_1,"['GO:0030100', 'GO:0048488', 'GO:1903421']"
GO:BP,GO:1900244,positive regulation of synaptic vesicle endocytosis,1.0,False,"""Any process that activates or increases the frequency, rate or extent of synaptic vesicle endocytosis."" [GOC:BHF, GOC:TermGenie]",6,54,1,20972,0.018518518518518517,0.16666666666666666,query_1,"['GO:0045807', 'GO:0048488', 'GO:1900242', 'GO:1903423']"
GO:BP,GO:1900736,regulation of phospholipase C-activating G protein-coupled receptor signaling pathway,1.0,False,"""Any process that modulates the frequency, rate or extent of phospholipase C-activating G protein-coupled receptor signaling pathway."" [GOC:BHF, GOC:TermGenie]",7,54,1,20972,0.018518518518518517,0.14285714285714285,query_1,"['GO:0007200', 'GO:0008277']"
GO:BP,GO:1900738,positive regulation of phospholipase C-activating G protein-coupled receptor signaling pathway,1.0,False,"""Any process that activates or increases the frequency, rate or extent of phospholipase C-activating G protein-coupled receptor signaling pathway."" [GOC:BHF, GOC:TermGenie]",5,54,1,20972,0.018518518518518517,0.2,query_1,"['GO:0007200', 'GO:0045745', 'GO:1900736']"
GO:BP,GO:1901072,glucosamine-containing compound catabolic process,1.0,False,"""The chemical reactions and pathways resulting in the breakdown of glucosamine-containing compounds (glucosamines)."" [GOC:TermGenie]",10,54,1,20972,0.018518518518518517,0.1,query_1,['GO:0046348']
GO:BP,GO:1901135,carbohydrate derivative metabolic process,1.0,False,"""The chemical reactions and pathways involving carbohydrate derivative."" [GOC:TermGenie]",943,54,2,20972,0.037037037037037035,0.0021208907741251328,query_1,['GO:0008152']
GO:BP,GO:1901136,carbohydrate derivative catabolic process,1.0,False,"""The chemical reactions and pathways resulting in the breakdown of carbohydrate derivative."" [GOC:TermGenie]",248,54,1,20972,0.018518518518518517,0.004032258064516129,query_1,"['GO:0009056', 'GO:1901135']"
GO:BP,GO:1901137,carbohydrate derivative biosynthetic process,1.0,False,"""The chemical reactions and pathways resulting in the formation of carbohydrate derivative."" [GOC:TermGenie]",556,54,1,20972,0.018518518518518517,0.0017985611510791368,query_1,"['GO:0009058', 'GO:1901135']"
GO:BP,GO:1901293,nucleoside phosphate biosynthetic process,1.0,False,"""The chemical reactions and pathways resulting in the formation of a nucleoside phosphate."" [GOC:TermGenie]",317,54,2,20972,0.037037037037037035,0.006309148264984227,query_1,"['GO:0006753', 'GO:0034654', 'GO:0090407']"
GO:BP,GO:1901342,regulation of vasculature development,1.0,False,"""Any process that modulates the frequency, rate or extent of vasculature development."" [GOC:TermGenie]",299,54,1,20972,0.018518518518518517,0.0033444816053511705,query_1,"['GO:0001944', 'GO:2000026']"
GO:BP,GO:1903034,regulation of response to wounding,1.0,False,"""Any process that modulates the frequency, rate or extent of response to wounding."" [GO_REF:0000058, GOC:kmv, GOC:TermGenie, PMID:19164535]",163,54,2,20972,0.037037037037037035,0.012269938650306749,query_1,"['GO:0009611', 'GO:0080134']"
GO:BP,GO:0140053,mitochondrial gene expression,1.0,False,"""The process in which a mitochondrial gene's sequence is converted into a mature gene product or products (proteins or RNA). This includes the production of an RNA transcript as well as any processing to produce a mature RNA product or an mRNA or circRNA (for protein-coding genes) and the translation of that mRNA or circRNA into protein. Protein maturation is included when required to form an active form of a product from an inactive precursor form."" [PMID:27058308]",175,54,1,20972,0.018518518518518517,0.005714285714285714,query_1,['GO:0010467']
GO:BP,GO:0140056,organelle localization by membrane tethering,1.0,False,"""The process by which an organelle membrane interacts with another membrane via molecular tethers that physically bridge the two membranes and attach them to each other."" [PMID:27875684]",78,54,1,20972,0.018518518518518517,0.01282051282051282,query_1,"['GO:0022406', 'GO:0051640']"
GO:BP,GO:0140058,neuron projection arborization,1.0,False,"""The process in which the anatomical structures of a neuron projection are generated and organized into branches. A neuron projection is any process extending from a neural cell, such as axons or dendrites."" [GOC:aruk, GOC:bc, PMID:17114044, PMID:23270857, PMID:23764288]",36,54,1,20972,0.018518518518518517,0.027777777777777776,query_1,['GO:0048812']
GO:BP,GO:0098659,inorganic cation import across plasma membrane,1.0,False,"""The directed movement of inorganic cations from outside of a cell, across the plasma membrane and into the cytosol."" [GOC:dos]",125,54,1,20972,0.018518518518518517,0.008,query_1,['GO:0099587']
GO:BP,GO:0098703,calcium ion import across plasma membrane,1.0,False,"""The directed movement of calcium ions from outside of a cell, across the plasma membrane and into the cytosol."" [GOC:dos]",41,54,1,20972,0.018518518518518517,0.024390243902439025,query_1,"['GO:0070509', 'GO:0097553', 'GO:0098659', 'GO:1902656']"
GO:BP,GO:0098739,import across plasma membrane,1.0,False,"""The directed movement of some substance from outside of a cell, across the plasma membrane and into the cytosol."" [GOC:dos]",257,54,1,20972,0.018518518518518517,0.0038910505836575876,query_1,"['GO:0055085', 'GO:0098657']"
GO:BP,GO:0098754,detoxification,1.0,False,"""Any process that reduces or removes the toxicity of a toxic substance. These may include transport of the toxic substance away from sensitive areas and to compartments or complexes whose purpose is sequestration of the toxic substance."" [GOC:dos]",149,54,2,20972,0.037037037037037035,0.013422818791946308,query_1,"['GO:0008150', 'GO:0009636']"
GO:BP,GO:0098771,inorganic ion homeostasis,1.0,False,"""Any process involved in the maintenance of an internal steady state of inorganic ions within an organism or cell."" [GOC:dos]",445,54,2,20972,0.037037037037037035,0.0044943820224719105,query_1,['GO:0048878']
GO:BP,GO:0098773,skin epidermis development,1.0,False,"""The process whose specific outcome is the progression of the skin epidermis over time, from its formation to the mature structure."" [GOC:dos]",136,54,2,20972,0.037037037037037035,0.014705882352941176,query_1,"['GO:0008544', 'GO:0043588', 'GO:0060429']"
GO:BP,GO:0098869,cellular oxidant detoxification,1.0,False,"""Any process carried out at the cellular level that reduces or removes the toxicity superoxide radicals or hydrogen peroxide."" [GOC:dos, GOC:vw]",95,54,1,20972,0.018518518518518517,0.010526315789473684,query_1,['GO:1990748']
GO:BP,GO:0098876,vesicle-mediated transport to the plasma membrane,1.0,False,"""The directed movement of substances to the plasma membrane in transport vesicles that fuse with the plasma membrane by exocytosis."" [GOC:dos]",155,54,2,20972,0.037037037037037035,0.012903225806451613,query_1,"['GO:0016192', 'GO:0051668']"
GO:BP,GO:0098877,neurotransmitter receptor transport to plasma membrane,1.0,False,"""The directed movement of neurotransmitter receptor to the plasma membrane in transport vesicles."" [GOC:dos]",14,54,1,20972,0.018518518518518517,0.07142857142857142,query_1,"['GO:0072657', 'GO:0090150', 'GO:0098876', 'GO:0099637', 'GO:1990778']"
GO:BP,GO:0098887,"neurotransmitter receptor transport, endosome to postsynaptic membrane",1.0,False,"""The directed movement of neurotransmitter receptor from the postsynaptic endosome to the postsynaptic membrane in transport vesicles."" [GOC:dos]",9,54,1,20972,0.018518518518518517,0.1111111111111111,query_1,"['GO:0098969', 'GO:0099639']"
GO:BP,GO:0098657,import into cell,1.0,False,"""The directed movement of some substance from outside of a cell into a cell. This may occur via transport across the plasma membrane or via endocytosis."" [GOC:dos]",958,54,6,20972,0.1111111111111111,0.006263048016701462,query_1,['GO:0006810']
GO:BP,GO:0098968,neurotransmitter receptor transport postsynaptic membrane to endosome,1.0,False,"""Vesicle-mediated transport of a neurotransmitter receptor complex from the postsynaptic membrane to the postsynaptic early endosome."" [GOC:dos]",2,54,1,20972,0.018518518518518517,0.5,query_1,"['GO:0016192', 'GO:0097120']"
GO:BP,GO:0098974,postsynaptic actin cytoskeleton organization,1.0,False,"""A process that is carried out at the cellular level which results in the assembly, arrangement of constituent parts, or disassembly of cytoskeletal structures comprising actin filaments and their associated proteins in the postsynaptic actin cytoskeleton."" [GOC:dos]",17,54,1,20972,0.018518518518518517,0.058823529411764705,query_1,"['GO:0030036', 'GO:0099188']"
GO:BP,GO:0097190,apoptotic signaling pathway,1.0,False,"""The series of molecular signals which triggers the apoptotic death of a cell. The pathway starts with reception of a signal, and ends when the execution phase of apoptosis is triggered."" [GOC:mtg_apoptosis]",612,54,2,20972,0.037037037037037035,0.0032679738562091504,query_1,"['GO:0006915', 'GO:0007165']"
GO:BP,GO:0097191,extrinsic apoptotic signaling pathway,1.0,False,"""The series of molecular signals in which a signal is conveyed from the cell surface to trigger the apoptotic death of a cell. The pathway starts with either a ligand binding to a cell surface receptor, or a ligand being withdrawn from a cell surface receptor (e.g. in the case of signaling by dependence receptors), and ends when the execution phase of apoptosis is triggered."" [GOC:mtg_apoptosis, GOC:yaf, PMID:17340152]",233,54,1,20972,0.018518518518518517,0.004291845493562232,query_1,"['GO:0007166', 'GO:0097190']"
GO:BP,GO:0097192,extrinsic apoptotic signaling pathway in absence of ligand,1.0,False,"""The series of molecular signals in which a signal is conveyed from the cell surface to trigger the apoptotic death of a cell. The pathway starts with withdrawal of a ligand from a cell surface receptor, and ends when the execution phase of apoptosis is triggered."" [GOC:mtg_apoptosis, PMID:15044679, PMID:20816705]",67,54,1,20972,0.018518518518518517,0.014925373134328358,query_1,"['GO:0038034', 'GO:0097191']"
GO:BP,GO:0097205,renal filtration,1.0,False,"""A renal system process in which fluid circulating through the body is filtered through a barrier system."" [GOC:pr, GOC:sart]",33,54,1,20972,0.018518518518518517,0.030303030303030304,query_1,['GO:0003014']
GO:BP,GO:0097237,cellular response to toxic substance,1.0,False,"""Any process that results in a change in state or activity of a cell (in terms of movement, secretion, enzyme production, gene expression, etc.) as a result of a toxic stimulus."" [GOC:pr]",130,54,2,20972,0.037037037037037035,0.015384615384615385,query_1,"['GO:0009636', 'GO:0070887']"
GO:BP,GO:0097254,renal tubular secretion,1.0,False,"""The elimination of substances from peritubular capillaries (or surrounding hemolymph in invertebrates) into the renal tubules to be incorporated subsequently into the urine. Substances that are secreted include organic anions, ammonia, potassium and drugs."" [GOC:rph, PMID:25287933, Wikipedia:Renal_secretion#Secretion]",20,54,1,20972,0.018518518518518517,0.05,query_1,"['GO:0003014', 'GO:0007588']"
GO:BP,GO:0070201,regulation of establishment of protein localization,1.0,False,"""Any process that modulates the frequency, rate or extent of the directed movement of a protein to a specific location."" [GOC:BHF, GOC:mah]",481,54,2,20972,0.037037037037037035,0.004158004158004158,query_1,"['GO:0032880', 'GO:0045184']"
GO:BP,GO:0097485,neuron projection guidance,1.0,False,"""The process in which the migration of a neuron projection is directed to a specific target site in response to a combination of attractive and repulsive cues."" [GOC:BHF, GOC:rl, PMID:22790009]",235,54,1,20972,0.018518518518518517,0.00425531914893617,query_1,"['GO:0031175', 'GO:0048812']"
GO:BP,GO:0097529,myeloid leukocyte migration,1.0,False,"""The movement of a myeloid leukocyte within or between different tissues and organs of the body."" [GOC:cvs, PMID:22342843, PMID:24157461]",227,54,1,20972,0.018518518518518517,0.004405286343612335,query_1,['GO:0050900']
GO:BP,GO:0098969,neurotransmitter receptor transport to postsynaptic membrane,1.0,False,"""The directed movement of neurotransmitter receptor to the postsynaptic membrane in transport vesicles."" [GOC:dos]",13,54,1,20972,0.018518518518518517,0.07692307692307693,query_1,"['GO:0097120', 'GO:0098877', 'GO:0099072', 'GO:1903539', 'GO:1903540']"
GO:BP,GO:0098655,monoatomic cation transmembrane transport,1.0,False,"""The process in which a monoatomic cation is transported across a membrane. Monatomic cations (also called simple cations) are positively charged ions consisting of exactly one atom."" [GOC:dos, GOC:vw]",859,54,3,20972,0.05555555555555555,0.0034924330616996507,query_1,"['GO:0006812', 'GO:0034220']"
GO:BP,GO:0098609,cell-cell adhesion,1.0,False,"""The attachment of one cell to another cell via adhesion molecules."" [GOC:dos]",965,54,2,20972,0.037037037037037035,0.002072538860103627,query_1,['GO:0007155']
GO:BP,GO:0120009,intermembrane lipid transfer,1.0,False,"""The transport of lipids between membranes in which a lipid molecule is transported through an aqueous phase from the outer leaflet of a donor membrane to the outer leaflet of an acceptor membrane. This process does not require metabolic energy and can be either spontaneous or mediated by lipid transfer proteins (LTPs)."" [GOC:krc, PMID:20823909, PMID:24220498, PMID:25797198]",35,54,1,20972,0.018518518518518517,0.02857142857142857,query_1,"['GO:0006869', 'GO:0061024']"
GO:BP,GO:0140238,presynaptic endocytosis,1.0,False,"""A vesicle-mediated transport process in which the presynapse take up external materials or membrane constituents by the invagination of a small region of the plasma membrane to form a new membrane-bounded vesicle."" [PMID:24719103]",75,54,1,20972,0.018518518518518517,0.013333333333333334,query_1,"['GO:0006897', 'GO:0051649', 'GO:0099003']"
GO:BP,GO:0140352,export from cell,1.0,False,"""The directed movement of some substance from a cell, into the extracellular region. This may occur via transport across the plasma membrane or via exocytosis."" [GOC:pg]",914,54,1,20972,0.018518518518518517,0.0010940919037199124,query_1,"['GO:0006810', 'GO:0009987']"
GO:BP,GO:0140367,antibacterial innate immune response,1.0,False,"""An defense response against a bacteria mediated through an innate immune response. An innate immune response is mediated by germline encoded components that directly recognize components of potential pathogens."" [PMID:16177355, PMID:23006328]",10,54,1,20972,0.018518518518518517,0.1,query_1,"['GO:0042742', 'GO:0045087']"
GO:BP,GO:0140546,defense response to symbiont,1.0,False,"""Reactions triggered in response to the presence of a symbiont that act to protect or prevent damage to the host."" [GOC:pg]",1100,54,8,20972,0.14814814814814814,0.007272727272727273,query_1,['GO:0098542']
GO:BP,GO:0140694,membraneless organelle assembly,1.0,False,"""The aggregation, arrangement and bonding together of a set of components to form a non-membrane-bounded organelle."" [PMID:28225081]",436,54,1,20972,0.018518518518518517,0.0022935779816513763,query_1,['GO:0070925']
GO:BP,GO:0140962,multicellular organismal-level chemical homeostasis,1.0,False,"""A homeostatic process involved in the maintenance of a steady state level of a chemical within extracellular body fluids, such as blood, xylem or phloem, of a multicellular organism. This is distinct from maintenance of cellular homeostasis, which occurs within a cell."" [GOC:curators]",79,54,1,20972,0.018518518518518517,0.012658227848101266,query_1,"['GO:0048871', 'GO:0048878']"
GO:BP,GO:0141060,disruption of anatomical structure in another organism,1.0,False,"""The disruption of an anatomical structure of another organism, leading to damage or temporary subversion of that structure."" [GOC:pg]",83,54,2,20972,0.037037037037037035,0.024096385542168676,query_1,['GO:0044419']
GO:BP,GO:0141061,disruption of cell in another organism,1.0,False,"""The disruption of a cell of another organism, leading to damage or temporary subversion of that cell."" [GOC:pg]",79,54,2,20972,0.037037037037037035,0.02531645569620253,query_1,['GO:0141060']
GO:BP,GO:0099003,vesicle-mediated transport in synapse,1.0,False,"""Any vesicle-mediated transport that occurs in a synapse."" [GOC:dos]",246,54,2,20972,0.037037037037037035,0.008130081300813009,query_1,['GO:0016192']
GO:BP,GO:0099072,regulation of postsynaptic membrane neurotransmitter receptor levels,1.0,False,"""Any process that regulates the the local concentration of neurotransmitter receptor at the postsynaptic membrane."" [GOC:dos]",113,54,1,20972,0.018518518518518517,0.008849557522123894,query_1,['GO:0065008']
GO:BP,GO:0099111,microtubule-based transport,1.0,False,"""A microtubule-based process that results in the transport of organelles, other microtubules, or other cellular components. Examples include motor-driven movement along microtubules and movement driven by polymerization or depolymerization of microtubules."" [GOC:cjm, ISBN:0815316194]",222,54,1,20972,0.018518518518518517,0.0045045045045045045,query_1,['GO:0006810']
GO:BP,GO:0099173,postsynapse organization,1.0,False,"""A process that is carried out at the cellular level which results in the assembly, arrangement of constituent parts, or disassembly of a postsynapse."" [GOC:dos]",233,54,1,20972,0.018518518518518517,0.004291845493562232,query_1,"['GO:0016043', 'GO:0050808']"
GO:BP,GO:0099188,postsynaptic cytoskeleton organization,1.0,False,"""A process that is carried out at the cellular level which results in the assembly, arrangement of constituent parts, or disassembly of cytoskeletal structures comprising cytoskeletal filaments and their associated proteins in the postsynaptic cytoskeleton."" [GOC:dos]",21,54,1,20972,0.018518518518518517,0.047619047619047616,query_1,"['GO:0007010', 'GO:0099173']"
GO:BP,GO:0099504,synaptic vesicle cycle,1.0,False,"""A biological process in which synaptic vesicles are loaded with neurotransmitters, move to the active zone, exocytose and are then recycled via endocytosis, ultimately leading to reloading with neurotransmitters."" [GOC:aruk, GOC:bc, PMID:15217342]",211,54,1,20972,0.018518518518518517,0.004739336492890996,query_1,"['GO:0051649', 'GO:0099003']"
GO:BP,GO:0099587,inorganic ion import across plasma membrane,1.0,False,"""The directed movement of inorganic ions from outside of a cell, across the plasma membrane and into the cytosol."" [GOC:dos]",125,54,1,20972,0.018518518518518517,0.008,query_1,['GO:0098739']
GO:BP,GO:0099637,neurotransmitter receptor transport,1.0,False,"""The directed movement of neurotransmitter receptors."" [GOC:dos]",18,54,1,20972,0.018518518518518517,0.05555555555555555,query_1,"['GO:0015031', 'GO:0031503']"
GO:BP,GO:0099638,endosome to plasma membrane protein transport,1.0,False,"""The directed movement of proteins from the endosome to the plasma membrane in transport vesicles."" [GOC:dos]",16,54,1,20972,0.018518518518518517,0.0625,query_1,"['GO:0006886', 'GO:0032456', 'GO:0061951', 'GO:0072659']"
GO:BP,GO:0099639,"neurotransmitter receptor transport, endosome to plasma membrane",1.0,False,"""The directed movement of neurotransmitter receptor from the endosome to the plasma membrane in transport vesicles."" [GOC:dos]",9,54,1,20972,0.018518518518518517,0.1111111111111111,query_1,"['GO:0098877', 'GO:0099638']"
GO:BP,GO:0106056,regulation of calcineurin-mediated signaling,1.0,False,"""Any process that modulates the frequency, rate or extent of calcineurin-mediated signaling."" [PMID:25081204]",40,54,1,20972,0.018518518518518517,0.025,query_1,"['GO:0050848', 'GO:0097720']"
GO:BP,GO:0106058,positive regulation of calcineurin-mediated signaling,1.0,False,"""Any process that activates or increases the frequency, rate or extent of calcineurin-mediated signaling."" [PMID:25081204]",21,54,1,20972,0.018518518518518517,0.047619047619047616,query_1,"['GO:0050850', 'GO:0097720', 'GO:0106056']"
GO:BP,GO:0106106,cold-induced thermogenesis,1.0,False,"""The process by which heat is generated by increasing metabolism in response to cold ambient temperatures in order to maintain a stable core body temperature."" [PMID:27876809]",151,54,1,20972,0.018518518518518517,0.006622516556291391,query_1,['GO:1990845']
GO:BP,GO:0110095,cellular detoxification of aldehyde,1.0,False,"""Any process carried out at the cellular level that reduces or removes the toxicity of an aldehyde. These may include transport of aldehydes away from sensitive areas and to compartments or complexes whose purpose is sequestration of the toxic substance."" [GOC:vw, PMID:25656103]",9,54,1,20972,0.018518518518518517,0.1111111111111111,query_1,"['GO:0110096', 'GO:1990748']"
GO:BP,GO:0110096,cellular response to aldehyde,1.0,False,"""Any process that results in a change in state or activity of a cell (in terms of movement, secretion, enzyme production, gene expression, etc.) as a result of an aldehyde stimulus."" [GOC:vw, PMID:25656103]",16,54,1,20972,0.018518518518518517,0.0625,query_1,['GO:1901701']
GO:BP,GO:0097553,calcium ion transmembrane import into cytosol,1.0,False,"""A process in which a calcium ion is transported from one side of a membrane to the other into the cytosol by means of some agent such as a transporter or pore."" [GOC:vw]",182,54,2,20972,0.037037037037037035,0.01098901098901099,query_1,['GO:0070588']
GO:BP,GO:0070293,renal absorption,1.0,False,"""A renal system process in which water, ions, glucose and proteins are taken up from the collecting ducts, glomerulus and proximal and distal loops of the nephron. In non-mammalian species, absorption may occur in related structures (e.g. protein absorption is observed in nephrocytes in Drosophila, see PMID:23264686)."" [GOC:dph, GOC:mah, GOC:yaf]",37,54,1,20972,0.018518518518518517,0.02702702702702703,query_1,['GO:0003014']
GO:BP,GO:0070372,regulation of ERK1 and ERK2 cascade,1.0,False,"""Any process that modulates the frequency, rate or extent of signal transduction mediated by the ERK1 and ERK2 cascade."" [GOC:add, ISBN:0121245462, ISBN:0896039986]",276,54,1,20972,0.018518518518518517,0.0036231884057971015,query_1,"['GO:0043408', 'GO:0070371']"
GO:BP,GO:0070301,cellular response to hydrogen peroxide,1.0,False,"""Any process that results in a change in state or activity of a cell (in terms of movement, secretion, enzyme production, gene expression, etc.) as a result of a hydrogen peroxide (H2O2) stimulus."" [CHEBI:16240, GOC:mah]",58,54,1,20972,0.018518518518518517,0.017241379310344827,query_1,"['GO:0034614', 'GO:0042542']"
GO:BP,GO:0051174,regulation of phosphorus metabolic process,1.0,False,"""Any process that modulates the frequency, rate or extent of the chemical reactions and pathways involving phosphorus or compounds containing phosphorus."" [GOC:ai]",702,54,1,20972,0.018518518518518517,0.0014245014245014246,query_1,"['GO:0006793', 'GO:0019222']"
GO:BP,GO:0051179,localization,1.0,False,"""Any process in which a cell, a substance, or a cellular entity, such as a protein complex or organelle, is transported, tethered to or otherwise maintained in a specific location. In the case of substances, localization may also be achieved via selective degradation."" [GOC:ai, GOC:dos]",5493,54,17,20972,0.3148148148148148,0.0030948479883488077,query_1,['GO:0008150']
GO:BP,GO:0051209,release of sequestered calcium ion into cytosol,1.0,False,"""The process in which calcium ions sequestered in the endoplasmic reticulum, Golgi apparatus or mitochondria are released into the cytosolic compartment."" [GOC:dph, GOC:hjd, GOC:mtg_lung, PMID:1814929]",125,54,1,20972,0.018518518518518517,0.008,query_1,['GO:0097553']
GO:BP,GO:0051216,cartilage development,1.0,False,"""The process whose specific outcome is the progression of a cartilage element over time, from its formation to the mature structure. Cartilage elements are skeletal elements that consist of connective tissue dominated by extracellular matrix containing collagen type II and large amounts of proteoglycan, particularly chondroitin sulfate."" [GOC:cjm, PMID:23251424]",213,54,1,20972,0.018518518518518517,0.004694835680751174,query_1,"['GO:0001501', 'GO:0048513', 'GO:0061448']"
GO:BP,GO:0051222,positive regulation of protein transport,1.0,False,"""Any process that activates or increases the frequency, rate or extent of the directed movement of a protein into, out of or within a cell, or between cells, by means of some agent such as a transporter or pore."" [GOC:ai]",248,54,1,20972,0.018518518518518517,0.004032258064516129,query_1,"['GO:0015031', 'GO:0051050', 'GO:0051223', 'GO:1903829', 'GO:1904951']"
GO:BP,GO:0051223,regulation of protein transport,1.0,False,"""Any process that modulates the frequency, rate or extent of the directed movement of a protein into, out of or within a cell, or between cells, by means of some agent such as a transporter or pore."" [GOC:ai]",433,54,2,20972,0.037037037037037035,0.004618937644341801,query_1,"['GO:0015031', 'GO:0051049', 'GO:0070201']"
GO:BP,GO:0050865,regulation of cell activation,1.0,False,"""Any process that modulates the frequency, rate or extent of cell activation, the change in the morphology or behavior of a cell resulting from exposure to an activating factor such as a cellular or soluble ligand."" [GOC:ai]",627,54,1,20972,0.018518518518518517,0.001594896331738437,query_1,"['GO:0001775', 'GO:0050794', 'GO:0051239']"
GO:BP,GO:0050866,negative regulation of cell activation,1.0,False,"""Any process that stops, prevents, or reduces the frequency, rate or extent of cell activation."" [GOC:ai]",213,54,1,20972,0.018518518518518517,0.004694835680751174,query_1,"['GO:0001775', 'GO:0048523', 'GO:0050865', 'GO:0051241']"
GO:BP,GO:0050877,nervous system process,1.0,False,"""An organ system process carried out by any of the organs or tissues of the neurological system."" [GOC:ai, GOC:mtg_cardio]",1503,54,5,20972,0.09259259259259259,0.00332667997338656,query_1,['GO:0003008']
GO:BP,GO:0050878,regulation of body fluid levels,1.0,False,"""Any process that modulates the levels of body fluids."" [GOC:ai, GOC:dph, GOC:tb]",374,54,3,20972,0.05555555555555555,0.008021390374331552,query_1,['GO:0065008']
GO:BP,GO:0051169,nuclear transport,1.0,False,"""The directed movement of substances into, out of, or within the nucleus."" [GOC:ai]",332,54,1,20972,0.018518518518518517,0.0030120481927710845,query_1,['GO:0046907']
GO:BP,GO:0050890,cognition,1.0,False,"""The operation of the mind by which an organism becomes aware of objects of thought or perception; it includes the mental activities associated with thinking, learning, and memory."" [ISBN:0721619908]",315,54,2,20972,0.037037037037037035,0.006349206349206349,query_1,['GO:0050877']
GO:BP,GO:0050896,response to stimulus,1.0,False,"""Any process that results in a change in state or activity of a cell or an organism (in terms of movement, secretion, enzyme production, gene expression, etc.) as a result of a stimulus. The process begins with detection of the stimulus and ends with a change in state or activity or the cell or organism."" [GOC:ai, GOC:bf]",9051,54,32,20972,0.5925925925925926,0.0035355209369130483,query_1,['GO:0008150']
GO:BP,GO:0050900,leukocyte migration,1.0,False,"""The movement of a leukocyte within or between different tissues and organs of the body."" [GOC:add, ISBN:0781735149, PMID:14680625, PMID:14708592, PMID:7507411, PMID:8600538]",386,54,1,20972,0.018518518518518517,0.0025906735751295338,query_1,"['GO:0002376', 'GO:0016477']"
GO:BP,GO:0050906,detection of stimulus involved in sensory perception,1.0,False,"""The series of events involved in sensory perception in which a sensory stimulus is received and converted into a molecular signal."" [GOC:ai, GOC:dos, GOC:dph]",515,54,1,20972,0.018518518518518517,0.001941747572815534,query_1,"['GO:0007600', 'GO:0051606']"
GO:BP,GO:0050908,detection of light stimulus involved in visual perception,1.0,False,"""The series of events involved in visual perception in which a light stimulus is received and converted into a molecular signal."" [GOC:ai, GOC:dos]",23,54,1,20972,0.018518518518518517,0.043478260869565216,query_1,"['GO:0007601', 'GO:0050962']"
GO:BP,GO:0050919,negative chemotaxis,1.0,False,"""The directed movement of a motile cell or organism towards a lower concentration of a chemical."" [GOC:ai, GOC:bf, GOC:isa_complete]",45,54,1,20972,0.018518518518518517,0.022222222222222223,query_1,['GO:0006935']
GO:BP,GO:0050953,sensory perception of light stimulus,1.0,False,"""The series of events required for an organism to receive a sensory light stimulus, convert it to a molecular signal, and recognize and characterize the signal. This is a neurological process."" [GOC:ai]",226,54,2,20972,0.037037037037037035,0.008849557522123894,query_1,['GO:0007600']
GO:BP,GO:0050962,detection of light stimulus involved in sensory perception,1.0,False,"""The series of events in which a light stimulus is received by a cell and converted into a molecular signal as part of the sensory perception of light."" [GOC:ai, GOC:dos]",23,54,1,20972,0.018518518518518517,0.043478260869565216,query_1,"['GO:0009583', 'GO:0050906', 'GO:0050953']"
GO:BP,GO:0051046,regulation of secretion,1.0,False,"""Any process that modulates the frequency, rate or extent of the controlled release of a substance from a cell or a tissue."" [GOC:ai]",608,54,1,20972,0.018518518518518517,0.001644736842105263,query_1,"['GO:0046903', 'GO:0051049']"
GO:BP,GO:0051047,positive regulation of secretion,1.0,False,"""Any process that activates or increases the frequency, rate or extent of the controlled release of a substance from a cell or a tissue."" [GOC:ai]",312,54,1,20972,0.018518518518518517,0.003205128205128205,query_1,"['GO:0046903', 'GO:0051046', 'GO:0051050']"
GO:BP,GO:0051049,regulation of transport,1.0,False,"""Any process that modulates the frequency, rate or extent of the directed movement of substances (such as macromolecules, small molecules, ions) into, out of or within a cell, or between cells, by means of some agent such as a transporter or pore."" [GOC:ai]",1566,54,7,20972,0.12962962962962962,0.004469987228607918,query_1,"['GO:0006810', 'GO:0032879']"
GO:BP,GO:0050891,multicellular organismal-level water homeostasis,1.0,False,"""A chemical homeostatic process involved in the maintenance of a steady state level of water within extracellular body fluids, such as blood, xylem or phloem, of a multicellular organism. This is distinct from maintenance of cellular homeostasis, which occurs within a cell."" [GOC:dph, GOC:tb]",33,54,1,20972,0.018518518518518517,0.030303030303030304,query_1,"['GO:0050878', 'GO:0140962']"
GO:BP,GO:0050776,regulation of immune response,1.0,False,"""Any process that modulates the frequency, rate or extent of the immune response, the immunological reaction of an organism to an immunogenic stimulus."" [GOC:ai]",970,54,6,20972,0.1111111111111111,0.006185567010309278,query_1,"['GO:0002682', 'GO:0006955', 'GO:0048583']"
GO:BP,GO:0051168,nuclear export,1.0,False,"""The directed movement of substances out of the nucleus."" [GOC:ai]",166,54,1,20972,0.018518518518518517,0.006024096385542169,query_1,['GO:0006913']
GO:BP,GO:0051128,regulation of cellular component organization,1.0,False,"""Any process that modulates the frequency, rate or extent of a process involved in the formation, arrangement of constituent parts, or disassembly of cell structures, including the plasma membrane and any external encapsulating structures such as the cell wall and cell envelope."" [GOC:ai]",2427,54,8,20972,0.14814814814814814,0.003296250515039143,query_1,"['GO:0016043', 'GO:0050794']"
GO:BP,GO:0051234,establishment of localization,1.0,False,"""Any process that localizes a substance or cellular component. This may occur via movement, tethering or selective degradation."" [GOC:ai, GOC:dos]",4804,54,16,20972,0.2962962962962963,0.0033305578684429643,query_1,['GO:0051179']
GO:BP,GO:0051239,regulation of multicellular organismal process,1.0,False,"""Any process that modulates the frequency, rate or extent of a multicellular organismal process, the processes pertinent to the function of a multicellular organism above the cellular level; includes the integrated processes of tissues and organs."" [GOC:ai, GOC:dph, GOC:tb]",2923,54,8,20972,0.14814814814814814,0.0027369141293191925,query_1,"['GO:0032501', 'GO:0050789']"
GO:BP,GO:0051240,positive regulation of multicellular organismal process,1.0,False,"""Any process that activates or increases the frequency, rate or extent of an organismal process, any of the processes pertinent to the function of an organism above the cellular level; includes the integrated processes of tissues and organs."" [GOC:ai]",1639,54,4,20972,0.07407407407407407,0.0024405125076266015,query_1,"['GO:0032501', 'GO:0048518', 'GO:0051239']"
GO:BP,GO:0051241,negative regulation of multicellular organismal process,1.0,False,"""Any process that stops, prevents, or reduces the frequency, rate or extent of an organismal process, the processes pertinent to the function of an organism above the cellular level; includes the integrated processes of tissues and organs."" [GOC:ai]",1091,54,5,20972,0.09259259259259259,0.00458295142071494,query_1,"['GO:0032501', 'GO:0048519', 'GO:0051239']"
GO:BP,GO:0051246,regulation of protein metabolic process,1.0,False,"""Any process that modulates the frequency, rate or extent of the chemical reactions and pathways involving a protein."" [GOC:ai]",1574,54,3,20972,0.05555555555555555,0.0019059720457433292,query_1,"['GO:0019538', 'GO:0060255', 'GO:0080090']"
GO:BP,GO:0051247,positive regulation of protein metabolic process,1.0,False,"""Any process that activates or increases the frequency, rate or extent of the chemical reactions and pathways involving a protein."" [GOC:ai]",863,54,1,20972,0.018518518518518517,0.0011587485515643105,query_1,"['GO:0010604', 'GO:0019538', 'GO:0051246']"
GO:BP,GO:0051248,negative regulation of protein metabolic process,1.0,False,"""Any process that stops, prevents, or reduces the frequency, rate or extent of chemical reactions and pathways involving a protein."" [GOC:ai]",569,54,2,20972,0.037037037037037035,0.0035149384885764497,query_1,"['GO:0010605', 'GO:0019538', 'GO:0051246']"
GO:BP,GO:0051252,regulation of RNA metabolic process,1.0,False,"""Any process that modulates the frequency, rate or extent of the chemical reactions and pathways involving RNA."" [GOC:ai]",3654,54,4,20972,0.07407407407407407,0.0010946907498631637,query_1,"['GO:0016070', 'GO:0019219', 'GO:0060255']"
GO:BP,GO:0051253,negative regulation of RNA metabolic process,1.0,False,"""Any process that stops, prevents, or reduces the frequency, rate or extent of the chemical reactions and pathways involving RNA."" [GOC:ai]",1389,54,2,20972,0.037037037037037035,0.0014398848092152627,query_1,"['GO:0010605', 'GO:0016070', 'GO:0045934', 'GO:0051252']"
GO:BP,GO:0051254,positive regulation of RNA metabolic process,1.0,False,"""Any process that activates or increases the frequency, rate or extent of the chemical reactions and pathways involving RNA."" [GOC:ai]",1804,54,1,20972,0.018518518518518517,0.0005543237250554324,query_1,"['GO:0010604', 'GO:0016070', 'GO:0051252']"
GO:BP,GO:0051130,positive regulation of cellular component organization,1.0,False,"""Any process that activates or increases the frequency, rate or extent of a process involved in the formation, arrangement of constituent parts, or disassembly of cell structures, including the plasma membrane and any external encapsulating structures such as the cell wall and cell envelope."" [GOC:ai]",1091,54,4,20972,0.07407407407407407,0.0036663611365719525,query_1,"['GO:0016043', 'GO:0048522', 'GO:0051128']"
GO:BP,GO:0051259,protein complex oligomerization,1.0,False,"""The process of creating protein oligomers, compounds composed of a small number, usually between three and ten, of component monomers; protein oligomers may be composed of different or identical monomers. Oligomers may be formed by the polymerization of a number of monomers or the depolymerization of a large protein polymer."" [GOC:ai, PMID:18293929]",275,54,4,20972,0.07407407407407407,0.014545454545454545,query_1,['GO:0065003']
GO:BP,GO:0051276,chromosome organization,1.0,False,"""A process that is carried out at the cellular level that results in the assembly, arrangement of constituent parts, or disassembly of chromosomes, structures composed of a very long molecule of DNA and associated proteins that carries hereditary information. This term covers covalent modifications at the molecular level as well as spatial relationships among the major components of a chromosome."" [GOC:ai, GOC:dph, GOC:jl, GOC:mah]",575,54,1,20972,0.018518518518518517,0.0017391304347826088,query_1,['GO:0006996']
GO:BP,GO:0051279,regulation of release of sequestered calcium ion into cytosol,1.0,False,"""Any process that modulates the frequency, rate or extent of the release into the cytosolic compartment of calcium ions sequestered in the endoplasmic reticulum or mitochondria."" [GOC:ai, GOC:tb]",77,54,1,20972,0.018518518518518517,0.012987012987012988,query_1,"['GO:0051209', 'GO:1903169']"
GO:BP,GO:0051281,positive regulation of release of sequestered calcium ion into cytosol,1.0,False,"""Any process that activates or increases the frequency, rate or extent of the release into the cytosolic compartment of calcium ions sequestered in the endoplasmic reticulum or mitochondria."" [GOC:ai]",32,54,1,20972,0.018518518518518517,0.03125,query_1,"['GO:0051209', 'GO:0051279', 'GO:1904427']"
GO:BP,GO:0051291,protein heterooligomerization,1.0,False,"""The process of creating protein oligomers, compounds composed of a small number, usually between three and ten, of component monomers that are not all identical. Oligomers may be formed by the polymerization of a number of monomers or the depolymerization of a large protein polymer."" [GOC:ai]",31,54,1,20972,0.018518518518518517,0.03225806451612903,query_1,['GO:0051259']
GO:BP,GO:0051050,positive regulation of transport,1.0,False,"""Any process that activates or increases the frequency, rate or extent of the directed movement of substances (such as macromolecules, small molecules, ions) into, out of or within a cell, or between cells, by means of some agent such as a transporter or pore."" [GOC:ai]",818,54,3,20972,0.05555555555555555,0.003667481662591687,query_1,"['GO:0006810', 'GO:0048518', 'GO:0051049']"
GO:BP,GO:0051051,negative regulation of transport,1.0,False,"""Any process that stops, prevents, or reduces the frequency, rate or extent of the directed movement of substances (such as macromolecules, small molecules, ions) into, out of or within a cell, or between cells, by means of some agent such as a transporter or pore."" [GOC:ai]",404,54,3,20972,0.05555555555555555,0.007425742574257425,query_1,"['GO:0006810', 'GO:0048519', 'GO:0051049']"
GO:BP,GO:0051056,regulation of small GTPase mediated signal transduction,1.0,False,"""Any process that modulates the frequency, rate or extent of small GTPase mediated signal transduction."" [GOC:go_curators]",302,54,1,20972,0.018518518518518517,0.0033112582781456954,query_1,"['GO:0007264', 'GO:1902531']"
GO:BP,GO:0051057,positive regulation of small GTPase mediated signal transduction,1.0,False,"""Any process that activates or increases the frequency, rate or extent of small GTPase mediated signal transduction."" [GOC:ai]",67,54,1,20972,0.018518518518518517,0.014925373134328358,query_1,"['GO:0007264', 'GO:0051056', 'GO:1902533']"
GO:BP,GO:0051093,negative regulation of developmental process,1.0,False,"""Any process that stops, prevents or reduces the rate or extent of development, the biological process whose specific outcome is the progression of an organism over time from an initial condition (e.g. a zygote, or a young adult) to a later condition (e.g. a multicellular animal or an aged adult)."" [GOC:ai]",916,54,3,20972,0.05555555555555555,0.0032751091703056767,query_1,"['GO:0032502', 'GO:0048519', 'GO:0050793']"
GO:BP,GO:0051094,positive regulation of developmental process,1.0,False,"""Any process that activates or increases the rate or extent of development, the biological process whose specific outcome is the progression of an organism over time from an initial condition (e.g. a zygote, or a young adult) to a later condition (e.g. a multicellular animal or an aged adult)."" [GOC:ai]",1305,54,6,20972,0.1111111111111111,0.004597701149425287,query_1,"['GO:0032502', 'GO:0048518', 'GO:0050793']"
GO:BP,GO:0051260,protein homooligomerization,1.0,False,"""The process of creating protein oligomers, compounds composed of a small number, usually between three and ten, of identical component monomers. Oligomers may be formed by the polymerization of a number of monomers or the depolymerization of a large protein polymer."" [GOC:ai]",206,54,2,20972,0.037037037037037035,0.009708737864077669,query_1,['GO:0051259']
GO:BP,GO:0050778,positive regulation of immune response,1.0,False,"""Any process that activates or increases the frequency, rate or extent of the immune response, the immunological reaction of an organism to an immunogenic stimulus."" [GOC:ai]",775,54,5,20972,0.09259259259259259,0.0064516129032258064,query_1,"['GO:0002684', 'GO:0006955', 'GO:0048584', 'GO:0050776']"
GO:BP,GO:0050789,regulation of biological process,1.0,False,"""Any process that modulates the frequency, rate or extent of a biological process. Biological processes are regulated by many means; examples include the control of gene expression, protein modification or interaction with a protein or substrate molecule."" [GOC:ai, GOC:go_curators]",12397,54,34,20972,0.6296296296296297,0.0027425990158909414,query_1,"['GO:0008150', 'GO:0065007']"
GO:BP,GO:0050790,regulation of catalytic activity,1.0,False,"""Any process that modulates the activity of an enzyme."" [GOC:ai, GOC:ebc, GOC:vw]",774,54,1,20972,0.018518518518518517,0.0012919896640826874,query_1,['GO:0065009']
GO:BP,GO:0050769,positive regulation of neurogenesis,1.0,False,"""Any process that activates or increases the frequency, rate or extent of neurogenesis, the generation of cells within the nervous system."" [GOC:ai]",221,54,1,20972,0.018518518518518517,0.004524886877828055,query_1,"['GO:0010720', 'GO:0022008', 'GO:0050767', 'GO:0051962']"
GO:BP,GO:0048666,neuron development,1.0,False,"""The process whose specific outcome is the progression of a neuron over time, from initial commitment of the cell to a specific fate, to the fully functional differentiated cell."" [GOC:dph]",1167,54,7,20972,0.12962962962962962,0.005998286203941731,query_1,"['GO:0030182', 'GO:0048468']"
GO:BP,GO:0048667,cell morphogenesis involved in neuron differentiation,1.0,False,"""The process in which the structures of a neuron are generated and organized. This process occurs while the initially relatively unspecialized cell is acquiring the specialized features of a neuron."" [GOC:dph, GOC:tb]",584,54,1,20972,0.018518518518518517,0.0017123287671232876,query_1,"['GO:0000902', 'GO:0048666']"
GO:BP,GO:0048699,generation of neurons,1.0,False,"""The process in which nerve cells are generated. This includes the production of neuroblasts and their differentiation into neurons."" [GOC:nln]",1523,54,7,20972,0.12962962962962962,0.004596191726854892,query_1,['GO:0022008']
GO:BP,GO:0048708,astrocyte differentiation,1.0,False,"""The process in which a relatively unspecialized cell acquires the specialized features of an astrocyte. An astrocyte is the most abundant type of glial cell. Astrocytes provide support for neurons and regulate the environment in which they function."" [GOC:vp, PMID:15139015]",83,54,1,20972,0.018518518518518517,0.012048192771084338,query_1,"['GO:0007417', 'GO:0010001']"
GO:BP,GO:0048710,regulation of astrocyte differentiation,1.0,False,"""Any process that modulates the frequency, rate or extent of astrocyte differentiation."" [GOC:vp, PMID:15139015]",28,54,1,20972,0.018518518518518517,0.03571428571428571,query_1,"['GO:0045685', 'GO:0048708']"
GO:BP,GO:0048712,negative regulation of astrocyte differentiation,1.0,False,"""Any process that stops, prevents, or reduces the frequency, rate or extent of astrocyte differentiation."" [GOC:vp, PMID:15139015]",12,54,1,20972,0.018518518518518517,0.08333333333333333,query_1,"['GO:0045686', 'GO:0048708', 'GO:0048710']"
GO:BP,GO:0048729,tissue morphogenesis,1.0,False,"""The process in which the anatomical structures of a tissue are generated and organized."" [GOC:dph, GOC:jid]",612,54,2,20972,0.037037037037037035,0.0032679738562091504,query_1,"['GO:0009653', 'GO:0009888']"
GO:BP,GO:0048731,system development,1.0,False,"""The process whose specific outcome is the progression of an organismal system over time, from its formation to the mature structure. A system is a regularly interacting or interdependent group of organs or tissues that work together to carry out a given biological process."" [GOC:dph, GOC:jid]",4023,54,17,20972,0.3148148148148148,0.004225702212279393,query_1,"['GO:0007275', 'GO:0048856']"
GO:BP,GO:0048738,cardiac muscle tissue development,1.0,False,"""The process whose specific outcome is the progression of cardiac muscle over time, from its formation to the mature structure."" [GOC:dph, GOC:jid, GOC:lm]",225,54,1,20972,0.018518518518518517,0.0044444444444444444,query_1,"['GO:0007507', 'GO:0014706']"
GO:BP,GO:0050768,negative regulation of neurogenesis,1.0,False,"""Any process that stops, prevents, or reduces the frequency, rate or extent of neurogenesis, the generation of cells within the nervous system."" [GOC:ai]",129,54,1,20972,0.018518518518518517,0.007751937984496124,query_1,"['GO:0010721', 'GO:0022008', 'GO:0050767', 'GO:0051961']"
GO:BP,GO:0048754,branching morphogenesis of an epithelial tube,1.0,False,"""The process in which the anatomical structures of branches in an epithelial tube are generated and organized. A tube is a long hollow cylinder."" [GOC:dgh, GOC:dph, GOC:jid]",159,54,1,20972,0.018518518518518517,0.006289308176100629,query_1,"['GO:0035239', 'GO:0060562', 'GO:0061138']"
GO:BP,GO:0048806,genitalia development,1.0,False,"""The process whose specific outcome is the progression of the genitalia over time, from its formation to the mature structure."" [GOC:jid]",47,54,1,20972,0.018518518518518517,0.02127659574468085,query_1,"['GO:0007548', 'GO:0048513', 'GO:0048608']"
GO:BP,GO:0048812,neuron projection morphogenesis,1.0,False,"""The process in which the anatomical structures of a neuron projection are generated and organized. A neuron projection is any process extending from a neural cell, such as axons or dendrites."" [GOC:mah]",648,54,4,20972,0.07407407407407407,0.006172839506172839,query_1,"['GO:0031175', 'GO:0120039']"
GO:BP,GO:0048844,artery morphogenesis,1.0,False,"""The process in which the anatomical structures of arterial blood vessels are generated and organized. Arteries are blood vessels that transport blood from the heart to the body and its organs."" [GOC:dsf, PMID:16740480]",73,54,1,20972,0.018518518518518517,0.0136986301369863,query_1,"['GO:0048514', 'GO:0060840']"
GO:BP,GO:0048856,anatomical structure development,1.0,False,"""The biological process whose specific outcome is the progression of an anatomical structure from an initial condition to its mature state. This process begins with the formation of the structure and ends with the mature structure, whatever form that may be including its natural destruction. An anatomical structure is any biological entity that occupies space and is distinguished from its surroundings. Anatomical structures can be macroscopic such as a carpel, or microscopic such as an acrosome."" [GO_REF:0000021]",5948,54,23,20972,0.42592592592592593,0.00386684599865501,query_1,['GO:0032502']
GO:BP,GO:0048858,cell projection morphogenesis,1.0,False,"""The process in which the anatomical structures of a cell projection are generated and organized."" [GO_REF:0000021]",669,54,4,20972,0.07407407407407407,0.005979073243647235,query_1,"['GO:0000902', 'GO:0009653', 'GO:0030030']"
GO:BP,GO:0048522,positive regulation of cellular process,1.0,False,"""Any process that activates or increases the frequency, rate or extent of a cellular process, any of those that are carried out at the cellular level, but are not necessarily restricted to a single cell. For example, cell communication occurs among more than one cell, but occurs at the cellular level."" [GOC:jid]",5739,54,15,20972,0.2777777777777778,0.0026136957658128594,query_1,"['GO:0009987', 'GO:0048518', 'GO:0050794']"
GO:BP,GO:0048523,negative regulation of cellular process,1.0,False,"""Any process that stops, prevents, or reduces the frequency, rate or extent of a cellular process, any of those that are carried out at the cellular level, but are not necessarily restricted to a single cell. For example, cell communication occurs among more than one cell, but occurs at the cellular level."" [GOC:jid]",5510,54,15,20972,0.2777777777777778,0.0027223230490018148,query_1,"['GO:0009987', 'GO:0048519', 'GO:0050794']"
GO:BP,GO:0048532,anatomical structure arrangement,1.0,False,"""The process that gives rise to the configuration of the constituent parts of an anatomical structure. This process pertains to the physical shaping of a rudimentary structure. Anatomical structures can be macroscopic such as a carpel, or microscopic such as an acrosome."" [GOC:go_curators]",17,54,1,20972,0.018518518518518517,0.058823529411764705,query_1,"['GO:0009653', 'GO:0032502']"
GO:BP,GO:0048565,digestive tract development,1.0,False,"""The process whose specific outcome is the progression of the digestive tract over time, from its formation to the mature structure. The digestive tract is the anatomical structure through which food passes and is processed."" [GOC:go_curators]",134,54,1,20972,0.018518518518518517,0.007462686567164179,query_1,"['GO:0035295', 'GO:0055123']"
GO:BP,GO:0048568,embryonic organ development,1.0,False,"""Development, taking place during the embryonic phase, of a tissue or tissues that work together to perform a specific function or functions. Development pertains to the process whose specific outcome is the progression of a structure over time, from its formation to the mature structure. Organs are commonly observed as visibly distinct structures, but may also exist as loosely associated clusters of cells that work together to perform a specific function or functions."" [GOC:jid]",457,54,2,20972,0.037037037037037035,0.00437636761487965,query_1,"['GO:0009790', 'GO:0048513']"
GO:BP,GO:0048771,tissue remodeling,1.0,False,"""The reorganization or renovation of existing tissues. This process can either change the characteristics of a tissue such as in blood vessel remodeling, or result in the dynamic equilibrium of a tissue such as in bone remodeling."" [GOC:ebc]",178,54,2,20972,0.037037037037037035,0.011235955056179775,query_1,['GO:0032501']
GO:BP,GO:0050767,regulation of neurogenesis,1.0,False,"""Any process that modulates the frequency, rate or extent of neurogenesis, the generation of cells in the nervous system."" [GOC:ai]",350,54,2,20972,0.037037037037037035,0.005714285714285714,query_1,"['GO:0022008', 'GO:0051960', 'GO:0060284']"
GO:BP,GO:0050766,positive regulation of phagocytosis,1.0,False,"""Any process that activates or increases the frequency, rate or extent of phagocytosis."" [GOC:ai]",72,54,1,20972,0.018518518518518517,0.013888888888888888,query_1,"['GO:0006909', 'GO:0045807', 'GO:0050764']"
GO:BP,GO:0050764,regulation of phagocytosis,1.0,False,"""Any process that modulates the frequency, rate or extent of phagocytosis, the process in which phagocytes engulf external particulate material."" [GOC:ai]",100,54,2,20972,0.037037037037037035,0.02,query_1,"['GO:0006909', 'GO:0030100']"
GO:BP,GO:0050793,regulation of developmental process,1.0,False,"""Any process that modulates the frequency, rate or extent of development, the biological process whose specific outcome is the progression of a multicellular organism over time from an initial condition (e.g. a zygote, or a young adult) to a later condition (e.g. a multicellular animal or an aged adult)."" [GOC:go_curators]",2431,54,10,20972,0.18518518518518517,0.004113533525298231,query_1,"['GO:0032502', 'GO:0050789']"
GO:BP,GO:0050794,regulation of cellular process,1.0,False,"""Any process that modulates the frequency, rate or extent of a cellular process, any of those that are carried out at the cellular level, but are not necessarily restricted to a single cell. For example, cell communication occurs among more than one cell, but occurs at the cellular level."" [GOC:go_curators]",11962,54,32,20972,0.5925925925925926,0.002675137936799866,query_1,"['GO:0009987', 'GO:0050789']"
GO:BP,GO:0050796,regulation of insulin secretion,1.0,False,"""Any process that modulates the frequency, rate or extent of the regulated release of insulin."" [GOC:ai]",176,54,1,20972,0.018518518518518517,0.005681818181818182,query_1,"['GO:0030073', 'GO:0050708', 'GO:0090276']"
GO:BP,GO:0050801,monoatomic ion homeostasis,1.0,False,"""Any process involved in the maintenance of an internal steady state of monoatomic ions within an organism or cell. Monatomic ions (also called simple ions) are ions consisting of exactly one atom."" [GOC:ai]",524,54,2,20972,0.037037037037037035,0.003816793893129771,query_1,['GO:0048878']
GO:BP,GO:0050808,synapse organization,1.0,False,"""A process that is carried out at the cellular level which results in the assembly, arrangement of constituent parts, or disassembly of a synapse, the junction between a neuron and a target (neuron, muscle, or secretory cell)."" [GOC:ai, GOC:pr]",561,54,1,20972,0.018518518518518517,0.0017825311942959,query_1,['GO:0034330']
GO:BP,GO:0050817,coagulation,1.0,False,"""The process in which a fluid solution, or part of it, changes into a solid or semisolid mass."" [ISBN:0198506732]",246,54,2,20972,0.037037037037037035,0.008130081300813009,query_1,['GO:0032501']
GO:BP,GO:0050818,regulation of coagulation,1.0,False,"""Any process that modulates the frequency, rate or extent of coagulation, the process in which a fluid solution, or part of it, changes into a solid or semisolid mass."" [GOC:ai]",76,54,2,20972,0.037037037037037035,0.02631578947368421,query_1,"['GO:0050817', 'GO:0051239']"
GO:BP,GO:0050819,negative regulation of coagulation,1.0,False,"""Any process that stops, prevents, or reduces the frequency, rate or extent of coagulation."" [GOC:ai]",54,54,2,20972,0.037037037037037035,0.037037037037037035,query_1,"['GO:0050817', 'GO:0050818', 'GO:0051241']"
GO:BP,GO:0050820,positive regulation of coagulation,1.0,False,"""Any process that activates or increases the frequency, rate or extent of coagulation."" [GOC:ai]",30,54,1,20972,0.018518518518518517,0.03333333333333333,query_1,"['GO:0050817', 'GO:0050818', 'GO:0051240']"
GO:BP,GO:0050829,defense response to Gram-negative bacterium,1.0,False,"""Reactions triggered in response to the presence of a Gram-negative bacterium that act to protect the cell or organism."" [GOC:ai]",100,54,2,20972,0.037037037037037035,0.02,query_1,['GO:0042742']
GO:BP,GO:0050848,regulation of calcium-mediated signaling,1.0,False,"""Any process that modulates the frequency, rate or extent of calcium-mediated signaling, the process in which a cell uses calcium ions to convert an extracellular signal into a response."" [GOC:ai]",98,54,2,20972,0.037037037037037035,0.02040816326530612,query_1,"['GO:0019722', 'GO:1902531']"
GO:BP,GO:0050850,positive regulation of calcium-mediated signaling,1.0,False,"""Any process that activates or increases the frequency, rate or extent of calcium-mediated signaling."" [GOC:ai]",59,54,1,20972,0.018518518518518517,0.01694915254237288,query_1,"['GO:0019722', 'GO:0050848', 'GO:1902533']"
GO:BP,GO:0048869,cellular developmental process,1.0,False,"""A biological process whose specific outcome is the progression of a cell over time from an initial condition to a later condition."" [GOC:isa_complete]",4444,54,16,20972,0.2962962962962963,0.0036003600360036,query_1,"['GO:0009987', 'GO:0032502']"
GO:BP,GO:0048870,cell motility,1.0,False,"""Any process involved in the controlled self-propelled movement of a cell that results in translocation of the cell from one place to another."" [GOC:dgh, GOC:dph, GOC:isa_complete, GOC:mlg]",1794,54,2,20972,0.037037037037037035,0.0011148272017837235,query_1,['GO:0009987']
GO:BP,GO:0048871,multicellular organismal-level homeostasis,1.0,False,"""Any process involved in the maintenance of an internal steady state at the level of the multicellular organism."" [GOC:isa_complete]",839,54,3,20972,0.05555555555555555,0.003575685339690107,query_1,"['GO:0032501', 'GO:0042592']"
GO:BP,GO:0048872,homeostasis of number of cells,1.0,False,"""Any biological process involved in the maintenance of the steady-state number of cells within a population of cells."" [GOC:isa_complete]",338,54,2,20972,0.037037037037037035,0.005917159763313609,query_1,['GO:0048871']
GO:BP,GO:0048878,chemical homeostasis,1.0,False,"""Any biological process involved in the maintenance of an internal steady state of a chemical."" [GOC:isa_complete]",951,54,2,20972,0.037037037037037035,0.002103049421661409,query_1,['GO:0042592']
GO:BP,GO:0048880,sensory system development,1.0,False,"""The process whose specific outcome is the progression of a sensory system over time from its formation to the mature structure."" [GOC:dgh]",429,54,1,20972,0.018518518518518517,0.002331002331002331,query_1,['GO:0048731']
GO:BP,GO:0050673,epithelial cell proliferation,1.0,False,"""The multiplication or reproduction of epithelial cells, resulting in the expansion of a cell population. Epithelial cells make up the epithelium, the covering of internal and external surfaces of the body, including the lining of vessels and other small cavities. It consists of cells joined by small amounts of cementing substances."" [ISBN:0721662544]",435,54,1,20972,0.018518518518518517,0.0022988505747126436,query_1,['GO:0008283']
GO:BP,GO:0050708,regulation of protein secretion,1.0,False,"""Any process that modulates the frequency, rate or extent of the controlled release of a protein from a cell."" [GOC:ai]",265,54,1,20972,0.018518518518518517,0.0037735849056603774,query_1,"['GO:0009306', 'GO:0051223', 'GO:1903530']"
GO:BP,GO:0050714,positive regulation of protein secretion,1.0,False,"""Any process that activates or increases the frequency, rate or extent of the controlled release of a protein from a cell."" [GOC:ai]",147,54,1,20972,0.018518518518518517,0.006802721088435374,query_1,"['GO:0009306', 'GO:0050708', 'GO:0051222', 'GO:1903532']"
GO:BP,GO:0050746,regulation of lipoprotein metabolic process,1.0,False,"""Any process that modulates the frequency, rate or extent of the chemical reactions and pathways involving lipoproteins, any conjugated, water-soluble protein in which the nonprotein group consists of a lipid or lipids."" [GOC:ai]",13,54,1,20972,0.018518518518518517,0.07692307692307693,query_1,"['GO:0042157', 'GO:0051246']"
GO:BP,GO:0050748,negative regulation of lipoprotein metabolic process,1.0,False,"""Any process that stops, prevents, or reduces the frequency, rate or extent of the chemical reactions and pathways involving lipoproteins, any conjugated, water-soluble protein in which the nonprotein group consists of a lipid or lipids."" [GOC:ai]",5,54,1,20972,0.018518518518518517,0.2,query_1,"['GO:0042157', 'GO:0050746', 'GO:0051248']"
GO:BP,GO:0051707,response to other organism,1.0,False,"""Any process that results in a change in state or activity of a cell or an organism (in terms of movement, secretion, enzyme production, gene expression, etc.) as a result of a stimulus from another living organism."" [GOC:ai]",1610,54,8,20972,0.14814814814814814,0.004968944099378882,query_1,"['GO:0043207', 'GO:0044419']"
GO:BP,GO:0051701,biological process involved in interaction with host,1.0,False,"""An interaction between two organisms living together in more or less intimate association. The term host is used for the larger (macro) of the two members of a symbiosis; the various forms of symbiosis include parasitism, commensalism and mutualism."" [GOC:cc]",176,54,2,20972,0.037037037037037035,0.011363636363636364,query_1,['GO:0044403']
GO:BP,GO:0051668,localization within membrane,1.0,False,"""Any process in which a substance or cellular entity, such as a protein complex or organelle, is transported to, and/or maintained in, a specific location within a membrane."" [GOC:ai]",921,54,4,20972,0.07407407407407407,0.004343105320304018,query_1,['GO:0051641']
GO:BP,GO:0051649,establishment of localization in cell,1.0,False,"""Any process, occurring in a cell, that localizes a substance or cellular component. This may occur via movement, tethering or selective degradation."" [GOC:ai, GOC:dos, GOC:dph, GOC:tb]",1938,54,7,20972,0.12962962962962962,0.003611971104231166,query_1,"['GO:0051234', 'GO:0051641']"
GO:BP,GO:0060840,artery development,1.0,False,"""The progression of the artery over time, from its initial formation to the mature structure. An artery is a blood vessel that carries blood away from the heart to a capillary bed."" [GOC:dph, GOC:sdb_2009, GOC:tb]",107,54,2,20972,0.037037037037037035,0.018691588785046728,query_1,['GO:0001568']
GO:BP,GO:0060993,kidney morphogenesis,1.0,False,"""Morphogenesis of a kidney. A kidney is an organ that filters the blood and excretes the end products of body metabolism in the form of urine."" [GOC:dph, GOC:mtg_kidney_jan10]",98,54,1,20972,0.018518518518518517,0.01020408163265306,query_1,"['GO:0001822', 'GO:0009887']"
GO:BP,GO:0061013,regulation of mRNA catabolic process,1.0,False,"""Any process that modulates the rate, frequency, or extent of a mRNA catabolic process, the chemical reactions and pathways resulting in the breakdown of RNA, ribonucleic acid, one of the two main type of nucleic acid, consisting of a long, unbranched macromolecule formed from ribonucleotides joined in 3',5'-phosphodiester linkage."" [GOC:ascb_2009, GOC:dph, GOC:tb]",192,54,1,20972,0.018518518518518517,0.005208333333333333,query_1,"['GO:0006402', 'GO:0009894', 'GO:0010468', 'GO:1903311']"
GO:BP,GO:0061024,membrane organization,1.0,False,"""A process which results in the assembly, arrangement of constituent parts, or disassembly of a membrane. A membrane is a double layer of lipid molecules that encloses all cells, and, in eukaryotes, many organelles; may be a single or double lipid bilayer; also includes associated proteins."" [GOC:dph, GOC:tb]",783,54,4,20972,0.07407407407407407,0.005108556832694764,query_1,['GO:0016043']
GO:BP,GO:0061025,membrane fusion,1.0,False,"""The membrane organization process that joins two lipid bilayers to form a single membrane."" [GOC:dph, GOC:tb]",197,54,1,20972,0.018518518518518517,0.005076142131979695,query_1,['GO:0061024']
GO:BP,GO:0061041,regulation of wound healing,1.0,False,"""Any process that modulates the rate, frequency, or extent of the series of events that restore integrity to a damaged tissue, following an injury."" [GOC:BHF, GOC:dph]",129,54,2,20972,0.037037037037037035,0.015503875968992248,query_1,"['GO:0042060', 'GO:1903034']"
GO:BP,GO:0061045,negative regulation of wound healing,1.0,False,"""Any process that decreases the rate, frequency, or extent of the series of events that restore integrity to a damaged tissue, following an injury."" [GOC:dph]",71,54,2,20972,0.037037037037037035,0.028169014084507043,query_1,"['GO:0032102', 'GO:0042060', 'GO:0061041', 'GO:1903035']"
GO:BP,GO:0061061,muscle structure development,1.0,False,"""The progression of a muscle structure over time, from its formation to its mature state. Muscle structures are contractile cells, tissues or organs that are found in multicellular organisms."" [GOC:dph]",673,54,2,20972,0.037037037037037035,0.0029717682020802376,query_1,['GO:0048856']
GO:BP,GO:0061138,morphogenesis of a branching epithelium,1.0,False,"""The process in which the anatomical structures of a branched epithelium are generated and organized."" [GOC:dph]",191,54,1,20972,0.018518518518518517,0.005235602094240838,query_1,"['GO:0001763', 'GO:0002009']"
GO:BP,GO:0061168,regulation of hair follicle placode formation,1.0,False,"""Any process that modulates the rate, frequency, or extent of hair follicle placode formation, the developmental process in which a hair placode forms. An hair follicle placode is a thickening of the ectoderm that will give rise to the hair follicle bud."" [GOC:dph]",1,54,1,20972,0.018518518518518517,1.0,query_1,"['GO:0022603', 'GO:0060789']"
GO:BP,GO:0060828,regulation of canonical Wnt signaling pathway,1.0,False,"""Any process that modulates the rate, frequency, or extent of the Wnt signaling pathway through beta-catenin, the series of molecular signals initiated by binding of a Wnt protein to a frizzled family receptor on the surface of the target cell, followed by propagation of the signal via beta-catenin, and ending with a change in transcription of target genes."" [GOC:dph, GOC:sdb_2009, GOC:tb]",255,54,2,20972,0.037037037037037035,0.00784313725490196,query_1,"['GO:0030111', 'GO:0060070']"
GO:BP,GO:0061170,negative regulation of hair follicle placode formation,1.0,False,"""Any process that decreases the rate, frequency, or extent of hair follicle placode formation, the developmental process in which a hair placode forms. An hair follicle placode is a thickening of the ectoderm that will give rise to the hair follicle bud."" [GOC:dph]",1,54,1,20972,0.018518518518518517,1.0,query_1,"['GO:0051799', 'GO:0060789', 'GO:0061168']"
GO:BP,GO:0061333,renal tubule morphogenesis,1.0,False,"""The process in which the renal tubule is generated by specification of cell fate, through the maintenance of cell polarity, regulated cell proliferation and morphogenetic cell rearrangements, shape changes and growth. A renal tubule is a tube that filters, re-absorbs and secretes substances to rid an organism of waste and to play a role in fluid homeostasis."" [GOC:dph, GOC:mtg_kidney_jan10]",82,54,1,20972,0.018518518518518517,0.012195121951219513,query_1,"['GO:0060562', 'GO:0061326']"
GO:BP,GO:0061448,connective tissue development,1.0,False,"""The progression of a connective tissue over time, from its formation to the mature structure."" [GOC:BHF]",291,54,1,20972,0.018518518518518517,0.003436426116838488,query_1,['GO:0009888']
GO:BP,GO:0061458,reproductive system development,1.0,False,"""The progression of the reproductive system over time from its formation to the mature structure. The reproductive system consists of the organs that function in reproduction."" [GOC:dph]",306,54,2,20972,0.037037037037037035,0.006535947712418301,query_1,['GO:0048731']
GO:BP,GO:0060215,primitive hemopoiesis,1.0,False,"""A first transient wave of blood cell production that, in vertebrates, gives rise to erythrocytes (red blood cells) and myeloid cells."" [GOC:bf, GOC:dph, PMID:15378083, PMID:15617691]",9,54,1,20972,0.018518518518518517,0.1111111111111111,query_1,['GO:0035162']
GO:BP,GO:0060255,regulation of macromolecule metabolic process,1.0,False,"""Any process that modulates the frequency, rate or extent of the chemical reactions and pathways involving macromolecules, any molecule of high relative molecular mass, the structure of which essentially comprises the multiple repetition of units derived, actually or conceptually, from molecules of low relative molecular mass."" [GOC:dph, GOC:tb]",6392,54,8,20972,0.14814814814814814,0.0012515644555694619,query_1,"['GO:0019222', 'GO:0043170']"
GO:BP,GO:0060284,regulation of cell development,1.0,False,"""Any process that modulates the rate, frequency or extent of the progression of the cell over time, from its formation to the mature structure. Cell development does not include the steps involved in committing a cell to a specific fate."" [GOC:dph, GOC:tb]",816,54,2,20972,0.037037037037037035,0.0024509803921568627,query_1,"['GO:0045595', 'GO:0048468']"
GO:BP,GO:0060319,primitive erythrocyte differentiation,1.0,False,"""Erythrocyte differentiation which occurs as part of the process of primitive hemopoiesis."" [GOC:add, GOC:BHF, GOC:dph]",5,54,1,20972,0.018518518518518517,0.2,query_1,"['GO:0030218', 'GO:0060215']"
GO:BP,GO:0060322,head development,1.0,False,"""The biological process whose specific outcome is the progression of a head from an initial condition to its mature state. The head is the anterior-most division of the body."" [GOC:dph]",787,54,2,20972,0.037037037037037035,0.0025412960609911056,query_1,['GO:0048856']
GO:BP,GO:0060429,epithelium development,1.0,False,"""The process whose specific outcome is the progression of an epithelium over time, from its formation to the mature structure. An epithelium is a tissue that covers the internal or external surfaces of an anatomical structure."" [GOC:dph, GOC:mtg_lung]",1234,54,4,20972,0.07407407407407407,0.0032414910858995136,query_1,['GO:0009888']
GO:BP,GO:0060537,muscle tissue development,1.0,False,"""The progression of muscle tissue over time, from its initial formation to its mature state. Muscle tissue is a contractile tissue made up of actin and myosin fibers."" [GOC:dph]",421,54,2,20972,0.037037037037037035,0.004750593824228029,query_1,['GO:0009888']
GO:BP,GO:0061326,renal tubule development,1.0,False,"""The progression of the renal tubule over time from its formation to the mature form. A renal tubule is a tube that filters, re-absorbs and secretes substances to rid an organism of waste and to play a role in fluid homeostasis."" [GOC:dph, GOC:mtg_kidney_jan10]",105,54,2,20972,0.037037037037037035,0.01904761904761905,query_1,"['GO:0035295', 'GO:0060429', 'GO:0072001']"
GO:BP,GO:0065009,regulation of molecular function,1.0,False,"""Any process that modulates the frequency, rate or extent of a molecular function, an elemental biological activity occurring at the molecular level, such as catalysis or binding."" [GOC:isa_complete]",1070,54,1,20972,0.018518518518518517,0.0009345794392523365,query_1,['GO:0065007']
GO:BP,GO:0065008,regulation of biological quality,1.0,False,"""Any process that modulates a qualitative or quantitative trait of a biological quality. A biological quality is a measurable attribute of an organism or part of an organism, such as size, mass, shape, color, etc."" [GOC:dph, GOC:isa_complete, GOC:mah, GOC:pr, GOC:vw]",2963,54,10,20972,0.18518518518518517,0.0033749578130273373,query_1,['GO:0065007']
GO:BP,GO:0065007,biological regulation,1.0,False,"""Any process that modulates a measurable attribute of any biological process, quality or function."" [GOC:dph, GOC:isa_complete, GOC:mah, GOC:pr, GOC:vw]",12804,54,36,20972,0.6666666666666666,0.0028116213683223993,query_1,['GO:0008150']
GO:BP,GO:0070314,G1 to G0 transition,1.0,False,"""A cell cycle arrest process that results in arrest during G1 phase, whereupon the cell enters a specialized resting state known as G0 or quiescence."" [GOC:mah, GOC:mtg_cell_cycle, ISBN:0815316194]",20,54,1,20972,0.018518518518518517,0.05,query_1,['GO:0022402']
GO:BP,GO:0070371,ERK1 and ERK2 cascade,1.0,False,"""A MAPK cascade containing at least the ERK1 or ERK2 MAP kinases. It starts with the activation of a MAP3K, and the consecutive activation of a MPK2K and of ERK1 or ERK2. The cascade can also contain an additional tier: the upstream MAP4K. The kinases in each tier phosphorylate and activate the kinase in the downstream tier. The ERK1/ERK2 cascade is activated by mitogens, growth factors, G protein-coupled receptors, and results in cellular responses such as cell proliferation, cell differentiation and development."" [PMID:20811974, PMID:23125017, PMID:28903453]",300,54,2,20972,0.037037037037037035,0.006666666666666667,query_1,['GO:0000165']
GO:BP,GO:1902414,protein localization to cell junction,1.0,False,"""A process in which a protein is transported to, or maintained in, a location within a cell junction."" [GOC:TermGenie, PMID:18332111]",121,54,1,20972,0.018518518518518517,0.008264462809917356,query_1,['GO:0008104']
GO:BP,GO:0070374,positive regulation of ERK1 and ERK2 cascade,1.0,False,"""Any process that activates or increases the frequency, rate or extent of signal transduction mediated by the ERK1 and ERK2 cascade."" [GOC:mah]",189,54,1,20972,0.018518518518518517,0.005291005291005291,query_1,"['GO:0043410', 'GO:0070371', 'GO:0070372']"
GO:BP,GO:0070493,thrombin-activated receptor signaling pathway,1.0,False,"""A G protein-coupled receptor signaling pathway initiated by thrombin binding to its receptor on the surface of a target cell, and ending with the regulation of a downstream cellular process."" [GOC:mah, PMID:1672265]",14,54,1,20972,0.018518518518518517,0.07142857142857142,query_1,['GO:0007186']
GO:BP,GO:0070509,calcium ion import,1.0,False,"""The directed movement of calcium ions into a cell or organelle."" [GOC:mah]",81,54,2,20972,0.037037037037037035,0.024691358024691357,query_1,['GO:0006816']
GO:BP,GO:0070555,response to interleukin-1,1.0,False,"""Any process that results in a change in state or activity of a cell or an organism (in terms of movement, secretion, enzyme production, gene expression, etc.) as a result of an interleukin-1 stimulus."" [GOC:BHF, GOC:mah]",107,54,1,20972,0.018518518518518517,0.009345794392523364,query_1,['GO:0034097']
GO:BP,GO:0070588,calcium ion transmembrane transport,1.0,False,"""A process in which a calcium ion is transported from one side of a membrane to the other by means of some agent such as a transporter or pore."" [GOC:mah]",326,54,3,20972,0.05555555555555555,0.009202453987730062,query_1,"['GO:0006816', 'GO:0098655']"
GO:BP,GO:0070647,protein modification by small protein conjugation or removal,1.0,False,"""A protein modification process in which one or more groups of a small protein, such as ubiquitin or a ubiquitin-like protein, are covalently attached to or removed from a target protein."" [GOC:mah]",927,54,2,20972,0.037037037037037035,0.002157497303128371,query_1,['GO:0043687']
GO:BP,GO:0070741,response to interleukin-6,1.0,False,"""Any process that results in a change in state or activity of a cell or an organism (in terms of movement, secretion, enzyme production, gene expression, etc.) as a result of an interleukin-6 stimulus."" [GOC:mah]",35,54,1,20972,0.018518518518518517,0.02857142857142857,query_1,['GO:0034097']
GO:BP,GO:0061564,axon development,1.0,False,"""The progression of an axon over time. Covers axonogenesis (de novo generation of an axon) and axon regeneration (regrowth), as well as processes pertaining to the progression of the axon over time (fasciculation and defasciculation)."" [GOC:dph, GOC:pg, GOC:pr]",513,54,1,20972,0.018518518518518517,0.001949317738791423,query_1,['GO:0031175']
GO:BP,GO:0061640,cytoskeleton-dependent cytokinesis,1.0,False,"""A cytokinesis that involves the function of a set of proteins that are part of the microfilament or microtubule cytoskeleton."" [GOC:dph]",127,54,1,20972,0.018518518518518517,0.007874015748031496,query_1,['GO:0000910']
GO:BP,GO:0061817,endoplasmic reticulum-plasma membrane tethering,1.0,False,"""The attachment of an endoplasmic reticulum membrane to the plasma membrane via molecular tethers."" [GOC:dph, GOC:vw, PMID:23237950, PMID:26877082, PMID:27875684]",6,54,1,20972,0.018518518518518517,0.16666666666666666,query_1,"['GO:0051643', 'GO:0140056']"
GO:BP,GO:0061844,antimicrobial humoral immune response mediated by antimicrobial peptide,1.0,False,"""An immune response against microbes mediated by anti-microbial peptides in body fluid."" [PMID:15761415, PMID:24287494]",102,54,1,20972,0.018518518518518517,0.00980392156862745,query_1,['GO:0019730']
GO:BP,GO:0061919,process utilizing autophagic mechanism,1.0,False,"""A cellular process involving delivery of a portion of the cytoplasm to lysosomes or to the plant or fungal vacuole that does not involve direct transport through the endocytic or vacuolar protein sorting (Vps) pathways. This process typically leads to degradation of the cargo; however, it can also be used to deliver resident proteins, such as in the cytoplasm-to-vacuole targeting (Cvt) pathway."" [PMID:21997368, PMID:22966490, PMID:28596378]",599,54,3,20972,0.05555555555555555,0.005008347245409015,query_1,['GO:0009987']
GO:BP,GO:0061951,establishment of protein localization to plasma membrane,1.0,False,"""The directed movement of a protein to a specific location in a plasma membrane."" [GOC:dph, GOC:vw]",65,54,1,20972,0.018518518518518517,0.015384615384615385,query_1,['GO:0090150']
GO:BP,GO:0062012,regulation of small molecule metabolic process,1.0,False,"""Any process that modulates the rate, frequency or extent of a small molecule metabolic process."" [GOC:vw]",313,54,2,20972,0.037037037037037035,0.006389776357827476,query_1,"['GO:0019222', 'GO:0044281']"
GO:BP,GO:0062014,negative regulation of small molecule metabolic process,1.0,False,"""Any process that stops, prevents or reduces the frequency, rate or extent of a small molecule metabolic process."" [GOC:vw]",107,54,1,20972,0.018518518518518517,0.009345794392523364,query_1,"['GO:0009892', 'GO:0044281', 'GO:0062012']"
GO:BP,GO:0062197,cellular response to chemical stress,1.0,False,"""Any process that results in a change in state or activity of a cell (in terms of movement, secretion, enzyme production, gene expression, etc.) as a result of a chemical stimulus indicating the organism is under stress."" [PMID:26653712]",300,54,1,20972,0.018518518518518517,0.0033333333333333335,query_1,"['GO:0033554', 'GO:0070887']"
GO:BP,GO:0062207,regulation of pattern recognition receptor signaling pathway,1.0,False,"""Any process that modulates the rate, frequency or extent of a pattern recognition receptor signaling pathway."" [PMID:30610168]",181,54,2,20972,0.037037037037037035,0.011049723756906077,query_1,"['GO:0002221', 'GO:0009966', 'GO:0045088']"
GO:BP,GO:0062208,positive regulation of pattern recognition receptor signaling pathway,1.0,False,"""Any process that decreases the rate, frequency or extent of a pattern recognition receptor signaling pathway."" [PMID:30610168]",79,54,1,20972,0.018518518518518517,0.012658227848101266,query_1,"['GO:0002221', 'GO:0009967', 'GO:0045089', 'GO:0062207']"
GO:BP,GO:0062237,protein localization to postsynapse,1.0,False,"""Any process in which a protein is transported to, and/or maintained at the postsynapse, the part of a synapse that is part of the post-synaptic cell."" [PMID:31189538]",54,54,1,20972,0.018518518518518517,0.018518518518518517,query_1,['GO:0035418']
GO:BP,GO:0065003,protein-containing complex assembly,1.0,False,"""The aggregation, arrangement and bonding together of a set of macromolecules to form a protein-containing complex."" [GOC:jl]",3214,54,7,20972,0.12962962962962962,0.0021779713752333543,query_1,"['GO:0022607', 'GO:0043933']"
GO:BP,GO:0060538,skeletal muscle organ development,1.0,False,"""The progression of a skeletal muscle organ over time from its initial formation to its mature state. A skeletal muscle organ includes the skeletal muscle tissue and its associated connective tissue."" [GOC:dph]",191,54,2,20972,0.037037037037037035,0.010471204188481676,query_1,['GO:0007517']
GO:BP,GO:0070294,renal sodium ion absorption,1.0,False,"""A renal system process in which sodium ions are taken up from the collecting ducts and proximal and distal loops of the nephron. In non-mammalian species, absorption may occur in related structures."" [GOC:dph, GOC:mah]",13,54,1,20972,0.018518518518518517,0.07692307692307693,query_1,"['GO:0003096', 'GO:0070293']"
GO:BP,GO:0060541,respiratory system development,1.0,False,"""The progression of the respiratory system over time from its formation to its mature structure. The respiratory system carries out respiratory gaseous exchange."" [GOC:dph]",221,54,1,20972,0.018518518518518517,0.004524886877828055,query_1,['GO:0048731']
GO:BP,GO:0060562,epithelial tube morphogenesis,1.0,False,"""The process in which the anatomical structures of a tube are generated and organized from an epithelium. Epithelial tubes transport gases, liquids and cells from one site to another and form the basic structure of many organs and tissues, with tube shape and organization varying from the single-celled excretory organ in Caenorhabditis elegans to the branching trees of the mammalian kidney and insect tracheal system."" [GOC:dph]",333,54,1,20972,0.018518518518518517,0.003003003003003003,query_1,"['GO:0002009', 'GO:0035239']"
GO:BP,GO:0051897,positive regulation of phosphatidylinositol 3-kinase/protein kinase B signal transduction,1.0,False,"""Any process that activates or increases the frequency, rate or extent of phosphatidylinositol 3-kinase/protein kinase B signal transduction."" [GOC:ai]",192,54,2,20972,0.037037037037037035,0.010416666666666666,query_1,"['GO:0043491', 'GO:0051896', 'GO:1902533']"
GO:BP,GO:0051917,regulation of fibrinolysis,1.0,False,"""Any process that modulates the frequency, rate or extent of fibrinolysis, an ongoing process that solubilizes fibrin, resulting in the removal of small blood clots."" [GOC:ai]",17,54,1,20972,0.018518518518518517,0.058823529411764705,query_1,"['GO:0030193', 'GO:0042730']"
GO:BP,GO:0051918,negative regulation of fibrinolysis,1.0,False,"""Any process that stops, prevents, or reduces the frequency, rate or extent of fibrinolysis, an ongoing process that solubilizes fibrin, resulting in the removal of small blood clots."" [GOC:ai]",12,54,1,20972,0.018518518518518517,0.08333333333333333,query_1,"['GO:0030194', 'GO:0032103', 'GO:0042730', 'GO:0048519', 'GO:0051917']"
GO:BP,GO:0051924,regulation of calcium ion transport,1.0,False,"""Any process that modulates the frequency, rate or extent of the directed movement of calcium ions into, out of or within a cell, or between cells, by means of some agent such as a transporter or pore."" [GOC:ai]",223,54,3,20972,0.05555555555555555,0.013452914798206279,query_1,"['GO:0006816', 'GO:0010959']"
GO:BP,GO:0051926,negative regulation of calcium ion transport,1.0,False,"""Any process that stops, prevents, or reduces the frequency, rate or extent of the directed movement of calcium ions into, out of or within a cell, or between cells, by means of some agent such as a transporter or pore."" [GOC:ai]",57,54,2,20972,0.037037037037037035,0.03508771929824561,query_1,"['GO:0006816', 'GO:0043271', 'GO:0051924']"
GO:BP,GO:0051928,positive regulation of calcium ion transport,1.0,False,"""Any process that activates or increases the frequency, rate or extent of the directed movement of calcium ions into, out of or within a cell, or between cells, by means of some agent such as a transporter or pore."" [GOC:ai]",94,54,2,20972,0.037037037037037035,0.02127659574468085,query_1,"['GO:0006816', 'GO:0043270', 'GO:0051924']"
GO:BP,GO:0051960,regulation of nervous system development,1.0,False,"""Any process that modulates the frequency, rate or extent of nervous system development, the origin and formation of nervous tissue."" [GOC:ai]",430,54,2,20972,0.037037037037037035,0.004651162790697674,query_1,"['GO:0007399', 'GO:2000026']"
GO:BP,GO:0051961,negative regulation of nervous system development,1.0,False,"""Any process that stops, prevents, or reduces the frequency, rate or extent of nervous system development, the origin and formation of nervous tissue."" [GOC:ai]",136,54,1,20972,0.018518518518518517,0.007352941176470588,query_1,"['GO:0007399', 'GO:0051093', 'GO:0051241', 'GO:0051960']"
GO:BP,GO:0051962,positive regulation of nervous system development,1.0,False,"""Any process that activates, maintains or increases the frequency, rate or extent of nervous system development, the origin and formation of nervous tissue."" [GOC:ai]",271,54,1,20972,0.018518518518518517,0.0036900369003690036,query_1,"['GO:0007399', 'GO:0051094', 'GO:0051240', 'GO:0051960']"
GO:BP,GO:0052372,modulation by symbiont of entry into host,1.0,False,"""Any process in which an organism modulates the frequency, rate or extent to which it enters into the host organism, where the two organisms are in a symbiotic interaction."" [GOC:mtg_pamgo_17jul06]",28,54,1,20972,0.018518518518518517,0.03571428571428571,query_1,"['GO:0043903', 'GO:0044409']"
GO:BP,GO:0051896,regulation of phosphatidylinositol 3-kinase/protein kinase B signal transduction,1.0,False,"""Any process that modulates the frequency, rate or extent of phosphatidylinositol 3-kinase/protein kinase B signal transduction."" [GOC:ai]",268,54,2,20972,0.037037037037037035,0.007462686567164179,query_1,"['GO:0043491', 'GO:1902531']"
GO:BP,GO:0051301,cell division,1.0,False,"""The process resulting in division and partitioning of components of a cell to form more cells; may or may not be accompanied by the physical separation of a cell into distinct, individually membrane-bounded daughter cells."" [GOC:di, GOC:go_curators, GOC:pr]",656,54,2,20972,0.037037037037037035,0.003048780487804878,query_1,['GO:0009987']
GO:BP,GO:0051402,neuron apoptotic process,1.0,False,"""Any apoptotic process in a neuron, the basic cellular unit of nervous tissue. Each neuron consists of a body, an axon, and dendrites. Their purpose is to receive, conduct, and transmit impulses in the nervous system."" [CL:0000540, GOC:mtg_apoptosis]",293,54,1,20972,0.018518518518518517,0.0034129692832764505,query_1,['GO:0006915']
GO:BP,GO:0051480,regulation of cytosolic calcium ion concentration,1.0,False,"""Any process involved in the maintenance of an internal steady state of calcium ions within the cytosol of a cell or between the cytosol and its surroundings."" [GOC:ai, GOC:mah, GOC:rph]",56,54,1,20972,0.018518518518518517,0.017857142857142856,query_1,['GO:0006874']
GO:BP,GO:0051552,flavone metabolic process,1.0,False,"""The chemical reactions and pathways involving flavones, a class of pigmented plant compounds based on 2-phenyl-4H-1-benzopyran-4-one (2-phenylchromone)."" [PMID:18567791]",6,54,1,20972,0.018518518518518517,0.16666666666666666,query_1,"['GO:0009812', 'GO:0042440']"
GO:BP,GO:0051592,response to calcium ion,1.0,False,"""Any process that results in a change in state or activity of a cell or an organism (in terms of movement, secretion, enzyme production, gene expression, etc.) as a result of a calcium ion stimulus."" [GOC:ai]",131,54,1,20972,0.018518518518518517,0.007633587786259542,query_1,['GO:0010038']
GO:BP,GO:0051604,protein maturation,1.0,False,"""Any process leading to the attainment of the full functional capacity of a protein."" [GOC:ai]",530,54,2,20972,0.037037037037037035,0.0037735849056603774,query_1,"['GO:0010467', 'GO:0019538']"
GO:BP,GO:0051606,detection of stimulus,1.0,False,"""The series of events in which a stimulus is received by a cell or organism and converted into a molecular signal."" [GOC:add, GOC:ai, GOC:dph, GOC:mah]",646,54,1,20972,0.018518518518518517,0.0015479876160990713,query_1,['GO:0050896']
GO:BP,GO:0051607,defense response to virus,1.0,False,"""Reactions triggered in response to the presence of a virus that act to protect the cell or organism."" [GOC:ai]",322,54,1,20972,0.018518518518518517,0.003105590062111801,query_1,"['GO:0006952', 'GO:0009615']"
GO:BP,GO:0051640,organelle localization,1.0,False,"""Any process in which an organelle is transported to, and/or maintained in, a specific location."" [GOC:ai]",614,54,1,20972,0.018518518518518517,0.0016286644951140066,query_1,['GO:0051179']
GO:BP,GO:0051641,cellular localization,1.0,False,"""A cellular localization process whereby a substance or cellular entity, such as a protein complex or organelle, is transported to, and/or maintained in, a specific location within a cell including the localization of substances or cellular entities to the cell membrane."" [GOC:tb, GOC:vw]",2584,54,8,20972,0.14814814814814814,0.0030959752321981426,query_1,"['GO:0009987', 'GO:0051179']"
GO:BP,GO:0051643,endoplasmic reticulum localization,1.0,False,"""Any process in which endoplasmic reticulum is transported to, and/or maintained in, a specific location within the cell."" [GOC:ai]",9,54,1,20972,0.018518518518518517,0.1111111111111111,query_1,"['GO:0007029', 'GO:0051640']"
GO:BP,GO:0051338,regulation of transferase activity,1.0,False,"""Any process that modulates the frequency, rate or extent of transferase activity, the catalysis of the transfer of a group, e.g. a methyl group, glycosyl group, acyl group, phosphorus-containing, or other groups, from one compound (generally regarded as the donor) to another compound (generally regarded as the acceptor). Transferase is the systematic name for any enzyme of EC class 2."" [GOC:ai]",408,54,1,20972,0.018518518518518517,0.0024509803921568627,query_1,['GO:0050790']
GO:BP,GO:0051881,regulation of mitochondrial membrane potential,1.0,False,"""Any process that modulates the establishment or extent of the mitochondrial membrane potential, the electric potential existing across the mitochondrial membrane arising from charges in the membrane itself and from the charges present in the media on either side of the membrane."" [GOC:ai]",70,54,1,20972,0.018518518518518517,0.014285714285714285,query_1,['GO:0042391']
GO:BP,GO:0051851,host-mediated perturbation of symbiont process,1.0,False,"""The process in which an host alters or subverts a process in a symbiont organism. The symbiont is defined as the smaller of the organisms involved in a symbiotic interaction."" [GOC:cc]",107,54,1,20972,0.018518518518518517,0.009345794392523364,query_1,['GO:0035821']
GO:BP,GO:0051799,negative regulation of hair follicle development,1.0,False,"""Any process that stops, prevents, or reduces the frequency, rate or extent of hair follicle development."" [GOC:ai]",6,54,1,20972,0.018518518518518517,0.16666666666666666,query_1,"['GO:0001942', 'GO:0051093', 'GO:0051241', 'GO:0051797']"
GO:BP,GO:0060627,regulation of vesicle-mediated transport,1.0,False,"""Any process that modulates the rate, frequency, or extent of vesicle-mediated transport, the directed movement of substances, either within a vesicle or in the vesicle membrane, into, out of or within a cell."" [GOC:dph, GOC:tb]",529,54,4,20972,0.07407407407407407,0.007561436672967864,query_1,"['GO:0016192', 'GO:0050794', 'GO:0051049']"
GO:BP,GO:0060675,ureteric bud morphogenesis,1.0,False,"""The process in which the ureteric bud is generated and organized."" [GOC:dph, GOC:mtg_kidney_jan10]",68,54,1,20972,0.018518518518518517,0.014705882352941176,query_1,"['GO:0001657', 'GO:0072171']"
GO:BP,GO:0060688,regulation of morphogenesis of a branching structure,1.0,False,"""Any process that modulates the rate, frequency, or extent of branching morphogenesis, the process in which the anatomical structures of branches are generated and organized."" [GOC:dph]",53,54,1,20972,0.018518518518518517,0.018867924528301886,query_1,"['GO:0001763', 'GO:0022603', 'GO:0051239']"
GO:BP,GO:0060788,ectodermal placode formation,1.0,False,"""The developmental process in which an ectodermal placode forms. An ectodermal placode is a thickening of the ectoderm that is the primordium of many structures derived from the ectoderm."" [GOC:dph, GOC:sdb_2009, GOC:tb]",13,54,1,20972,0.018518518518518517,0.07692307692307693,query_1,"['GO:0048646', 'GO:0071697']"
GO:BP,GO:0060789,hair follicle placode formation,1.0,False,"""The developmental process in which a hair placode forms. An hair follicle placode is a thickening of the ectoderm that will give rise to the hair follicle bud."" [GOC:dph, GOC:sdb_2009, GOC:tb]",6,54,1,20972,0.018518518518518517,0.16666666666666666,query_1,"['GO:0001942', 'GO:0060788']"
GO:BP,GO:0055062,phosphate ion homeostasis,1.0,False,"""Any process involved in the maintenance of an internal steady state of phosphate ions within an organism or cell."" [GOC:jid, GOC:mah]",20,54,1,20972,0.018518518518518517,0.05,query_1,['GO:0098771']
GO:BP,GO:0055064,chloride ion homeostasis,1.0,False,"""Any process involved in the maintenance of an internal steady state of chloride ions within an organism or cell."" [GOC:jid, GOC:mah]",19,54,1,20972,0.018518518518518517,0.05263157894736842,query_1,"['GO:0055081', 'GO:0098771']"
GO:BP,GO:0055074,calcium ion homeostasis,1.0,False,"""Any process involved in the maintenance of an internal steady state of calcium ions within an organism or cell."" [GOC:ceb, GOC:jid, GOC:mah]",225,54,2,20972,0.037037037037037035,0.008888888888888889,query_1,"['GO:0055080', 'GO:0098771']"
GO:BP,GO:0055075,potassium ion homeostasis,1.0,False,"""Any process involved in the maintenance of an internal steady state of potassium ions within an organism or cell."" [GOC:jid, GOC:mah]",36,54,1,20972,0.018518518518518517,0.027777777777777776,query_1,"['GO:0055080', 'GO:0098771']"
GO:BP,GO:0055078,sodium ion homeostasis,1.0,False,"""Any process involved in the maintenance of an internal steady state of sodium ions within an organism or cell."" [GOC:ai, GOC:jid, GOC:mah]",47,54,1,20972,0.018518518518518517,0.02127659574468085,query_1,"['GO:0055080', 'GO:0098771']"
GO:BP,GO:0055080,monoatomic cation homeostasis,1.0,False,"""Any process involved in the maintenance of an internal steady state of monoatomic cations within an organism or cell. Monatomic cations (also called simple cations) are cations consisting of exactly one atom."" [GOC:ceb, GOC:jid, GOC:mah]",513,54,2,20972,0.037037037037037035,0.003898635477582846,query_1,['GO:0050801']
GO:BP,GO:0055081,monoatomic anion homeostasis,1.0,False,"""Any process involved in the maintenance of an internal steady state of monoatomic anions within an organism or cell. Monatomic anions (also called simple anions) are anions consisting of exactly one atom."" [GOC:ceb, GOC:jid, GOC:mah]",21,54,1,20972,0.018518518518518517,0.047619047619047616,query_1,['GO:0050801']
GO:BP,GO:0055082,intracellular chemical homeostasis,1.0,False,"""A homeostatic process involved in the maintenance of a steady state level of a chemical within a cell."" [GOC:isa_complete, GOC:jid]",626,54,2,20972,0.037037037037037035,0.003194888178913738,query_1,"['GO:0019725', 'GO:0048878']"
GO:BP,GO:0055085,transmembrane transport,1.0,False,"""The process in which a solute is transported across a lipid bilayer, from one side of a membrane to the other."" [GOC:dph, GOC:jid]",1555,54,5,20972,0.09259259259259259,0.003215434083601286,query_1,"['GO:0006810', 'GO:0009987']"
GO:BP,GO:0055086,nucleobase-containing small molecule metabolic process,1.0,False,"""The cellular chemical reactions and pathways involving a nucleobase-containing small molecule: a nucleobase, a nucleoside, or a nucleotide."" [GOC:vw]",668,54,4,20972,0.07407407407407407,0.005988023952095809,query_1,"['GO:0006139', 'GO:0044281']"
GO:BP,GO:0055123,digestive system development,1.0,False,"""The process whose specific outcome is the progression of the digestive system over time, from its formation to the mature structure. The digestive system is the entire structure in which digestion takes place. Digestion is all of the physical, chemical, and biochemical processes carried out by multicellular organisms to break down ingested nutrients into components that may be easily absorbed and directed into metabolism."" [GOC:jid]",147,54,1,20972,0.018518518518518517,0.006802721088435374,query_1,['GO:0048731']
GO:BP,GO:0060021,roof of mouth development,1.0,False,"""The biological process whose specific outcome is the progression of the roof of the mouth from an initial condition to its mature state. This process begins with the formation of the structure and ends with the mature structure. The roof of the mouth is the partition that separates the nasal and oral cavities."" [GOC:dph, ISBN:0721662544]",93,54,1,20972,0.018518518518518517,0.010752688172043012,query_1,['GO:0048856']
GO:BP,GO:0060041,retina development in camera-type eye,1.0,False,"""The process whose specific outcome is the progression of the retina over time, from its formation to the mature structure. The retina is the innermost layer or coating at the back of the eyeball, which is sensitive to light and in which the optic nerve terminates."" [GOC:bf, GOC:dph, ISBN:0815340729]",175,54,1,20972,0.018518518518518517,0.005714285714285714,query_1,"['GO:0043010', 'GO:0048856']"
GO:BP,GO:0060046,regulation of acrosome reaction,1.0,False,"""Any process that modulates the frequency, rate or extent of the acrosome reaction."" [GOC:dph]",16,54,1,20972,0.018518518518518517,0.0625,query_1,"['GO:0007340', 'GO:2000241']"
GO:BP,GO:0060070,canonical Wnt signaling pathway,1.0,False,"""A type of Wnt signaling pathway in which Wnt binding to its receptor on the surface of a target cell results in the by propagation of the molecular signals via beta-catenin, and end with a change in transcription of target genes. In this pathway, the activated receptor signals via downstream effectors that result in the inhibition of beta-catenin phosphorylation, thereby preventing degradation of beta-catenin. Stabilized beta-catenin can then accumulate and travel to the nucleus to trigger changes in transcription of target genes."" [PMID:11532397, PMID:19619488]",310,54,2,20972,0.037037037037037035,0.0064516129032258064,query_1,['GO:0016055']
GO:BP,GO:0060073,micturition,1.0,False,"""The regulation of body fluids process in which parasympathetic nerves stimulate the bladder wall muscle to contract and expel urine from the body."" [GOC:dph]",8,54,1,20972,0.018518518518518517,0.125,query_1,"['GO:0003014', 'GO:0007588']"
GO:BP,GO:0051716,cellular response to stimulus,1.0,False,"""Any process that results in a change in state or activity of a cell (in terms of movement, secretion, enzyme production, gene expression, etc.) as a result of a stimulus. The process begins with detection of the stimulus by a cell and ends with a change in state or activity or the cell."" [GOC:bf, GOC:jl]",7425,54,28,20972,0.5185185185185185,0.003771043771043771,query_1,"['GO:0009987', 'GO:0050896']"
GO:BP,GO:0051797,regulation of hair follicle development,1.0,False,"""Any process that modulates the frequency, rate or extent of hair follicle development."" [GOC:ai]",21,54,1,20972,0.018518518518518517,0.047619047619047616,query_1,"['GO:0001942', 'GO:0042634', 'GO:2000026']"
GO:BP,GO:0060560,developmental growth involved in morphogenesis,1.0,False,"""The increase in size or mass of an anatomical structure that contributes to the structure attaining its shape."" [GOC:dph]",235,54,1,20972,0.018518518518518517,0.00425531914893617,query_1,"['GO:0009653', 'GO:0048589']"
GO:BP,GO:1902373,negative regulation of mRNA catabolic process,1.0,False,"""Any process that stops, prevents or reduces the frequency, rate or extent of mRNA catabolic process."" [GOC:bf, GOC:TermGenie, PMID:22626865]",81,54,1,20972,0.018518518518518517,0.012345679012345678,query_1,"['GO:0006402', 'GO:0010628', 'GO:0061013', 'GO:1902369', 'GO:1903312']"
GO:BP,GO:1903539,protein localization to postsynaptic membrane,1.0,False,"""A process in which a protein is transported to, or maintained in, a location within a postsynaptic membrane."" [GO_REF:0000087, GOC:kmv, GOC:TermGenie, PMID:9753322]",53,54,1,20972,0.018518518518518517,0.018867924528301886,query_1,"['GO:0062237', 'GO:0072657', 'GO:1990778']"
GO:BP,GO:1902035,positive regulation of hematopoietic stem cell proliferation,1.0,False,"""Any process that activates or increases the frequency, rate or extent of hematopoietic stem cell proliferation."" [GOC:TermGenie, PMID:23403623]",9,54,1,20972,0.018518518518518517,0.1111111111111111,query_1,"['GO:0071425', 'GO:1902033', 'GO:2000648']"
REAC,REAC:R-HSA-1362409,Mitochondrial iron-sulfur cluster biogenesis,1.0,False,Mitochondrial iron-sulfur cluster biogenesis,11,39,1,11056,0.02564102564102564,0.09090909090909091,query_1,['REAC:R-HSA-1430728']
REAC,REAC:R-HSA-9837999,Mitochondrial protein degradation,1.0,False,Mitochondrial protein degradation,98,39,2,11056,0.05128205128205128,0.02040816326530612,query_1,['REAC:R-HSA-392499']
REAC,REAC:R-HSA-1268020,Mitochondrial protein import,1.0,False,Mitochondrial protein import,66,39,1,11056,0.02564102564102564,0.015151515151515152,query_1,['REAC:R-HSA-9609507']
REAC,REAC:R-HSA-5368287,Mitochondrial translation,1.0,False,Mitochondrial translation,93,39,1,11056,0.02564102564102564,0.010752688172043012,query_1,['REAC:R-HSA-72766']
REAC,REAC:R-HSA-5419276,Mitochondrial translation termination,1.0,False,Mitochondrial translation termination,87,39,1,11056,0.02564102564102564,0.011494252873563218,query_1,['REAC:R-HSA-5368287']
REAC,REAC:R-HSA-68882,Mitotic Anaphase,1.0,False,Mitotic Anaphase,228,39,2,11056,0.05128205128205128,0.008771929824561403,query_1,['REAC:R-HSA-2555396']
REAC,REAC:R-HSA-453274,Mitotic G2-G2/M phases,1.0,False,Mitotic G2-G2/M phases,198,39,1,11056,0.02564102564102564,0.005050505050505051,query_1,['REAC:R-HSA-69278']
REAC,REAC:R-HSA-2555396,Mitotic Metaphase and Anaphase,1.0,False,Mitotic Metaphase and Anaphase,229,39,2,11056,0.05128205128205128,0.008733624454148471,query_1,['REAC:R-HSA-68886']
REAC,REAC:R-HSA-140837,Intrinsic Pathway of Fibrin Clot Formation,1.0,False,Intrinsic Pathway of Fibrin Clot Formation,23,39,1,11056,0.02564102564102564,0.043478260869565216,query_1,['REAC:R-HSA-140877']
REAC,REAC:R-HSA-9755511,KEAP1-NFE2L2 pathway,1.0,False,KEAP1-NFE2L2 pathway,124,39,1,11056,0.02564102564102564,0.008064516129032258,query_1,['REAC:R-HSA-9711123']
REAC,REAC:R-HSA-77289,Mitochondrial Fatty Acid Beta-Oxidation,1.0,False,Mitochondrial Fatty Acid Beta-Oxidation,37,39,2,11056,0.05128205128205128,0.05405405405405406,query_1,['REAC:R-HSA-8978868']
REAC,REAC:R-HSA-373760,L1CAM interactions,1.0,False,L1CAM interactions,119,39,1,11056,0.02564102564102564,0.008403361344537815,query_1,['REAC:R-HSA-422475']
REAC,REAC:R-HSA-166662,Lectin pathway of complement activation,1.0,False,Lectin pathway of complement activation,7,39,1,11056,0.02564102564102564,0.14285714285714285,query_1,['REAC:R-HSA-166786']
REAC,REAC:R-HSA-380259,Loss of Nlp from mitotic centrosomes,1.0,False,Loss of Nlp from mitotic centrosomes,68,39,1,11056,0.02564102564102564,0.014705882352941176,query_1,['REAC:R-HSA-380284']
REAC,REAC:R-HSA-380284,Loss of proteins required for interphase microtubule organization from the centrosome,1.0,False,Loss of proteins required for interphase microtubule organization from the centrosome,68,39,1,11056,0.02564102564102564,0.014705882352941176,query_1,['REAC:R-HSA-380287']
REAC,REAC:R-HSA-68886,M Phase,1.0,False,M Phase,407,39,2,11056,0.05128205128205128,0.004914004914004914,query_1,['REAC:R-HSA-69278']
REAC,REAC:R-HSA-450294,MAP kinase activation,1.0,False,MAP kinase activation,62,39,1,11056,0.02564102564102564,0.016129032258064516,query_1,"['REAC:R-HSA-166058', 'REAC:R-HSA-168164', 'REAC:R-HSA-448424', 'REAC:R-HSA-937061', 'REAC:R-HSA-975138', 'REAC:R-HSA-975871']"
REAC,REAC:R-HSA-8875656,MET receptor recycling,1.0,False,MET receptor recycling,9,39,1,11056,0.02564102564102564,0.1111111111111111,query_1,['REAC:R-HSA-6806834']
REAC,REAC:R-HSA-2132295,MHC class II antigen presentation,1.0,False,MHC class II antigen presentation,123,39,1,11056,0.02564102564102564,0.008130081300813009,query_1,['REAC:R-HSA-1280218']
REAC,REAC:R-HSA-1632852,Macroautophagy,1.0,False,Macroautophagy,141,39,1,11056,0.02564102564102564,0.0070921985815602835,query_1,['REAC:R-HSA-9612973']
REAC,REAC:R-HSA-9854311,Maturation of TCA enzymes and regulation of TCA cycle,1.0,False,Maturation of TCA enzymes and regulation of TCA cycle,18,39,1,11056,0.02564102564102564,0.05555555555555555,query_1,['REAC:R-HSA-71403']
REAC,REAC:R-HSA-199991,Membrane Trafficking,1.0,False,Membrane Trafficking,626,39,3,11056,0.07692307692307693,0.004792332268370607,query_1,['REAC:R-HSA-5653656']
REAC,REAC:R-HSA-3000157,Laminin interactions,1.0,False,Laminin interactions,30,39,1,11056,0.02564102564102564,0.03333333333333333,query_1,['REAC:R-HSA-1474244']
REAC,REAC:R-HSA-5579029,Metabolic disorders of biological oxidation enzymes,1.0,False,Metabolic disorders of biological oxidation enzymes,34,39,1,11056,0.02564102564102564,0.029411764705882353,query_1,['REAC:R-HSA-5668914']
REAC,REAC:R-HSA-196849,Metabolism of water-soluble vitamins and cofactors,1.0,False,Metabolism of water-soluble vitamins and cofactors,124,39,1,11056,0.02564102564102564,0.008064516129032258,query_1,['REAC:R-HSA-196854']
REAC,REAC:R-HSA-392499,Metabolism of proteins,1.0,False,Metabolism of proteins,2066,39,9,11056,0.23076923076923078,0.004356243949661181,query_1,['REAC:0000000']
REAC,REAC:R-HSA-76009,Platelet Aggregation (Plug Formation),1.0,False,Platelet Aggregation (Plug Formation),38,39,1,11056,0.02564102564102564,0.02631578947368421,query_1,['REAC:R-HSA-76002']
REAC,REAC:R-HSA-76002,"Platelet activation, signaling and aggregation",1.0,False,"Platelet activation, signaling and aggregation",259,39,1,11056,0.02564102564102564,0.003861003861003861,query_1,['REAC:R-HSA-109582']
REAC,REAC:R-HSA-68877,Mitotic Prometaphase,1.0,False,Mitotic Prometaphase,200,39,2,11056,0.05128205128205128,0.01,query_1,['REAC:R-HSA-68886']
REAC,REAC:R-HSA-69618,Mitotic Spindle Checkpoint,1.0,False,Mitotic Spindle Checkpoint,109,39,1,11056,0.02564102564102564,0.009174311926605505,query_1,['REAC:R-HSA-69620']
REAC,REAC:R-HSA-68884,Mitotic Telophase/Cytokinesis,1.0,False,Mitotic Telophase/Cytokinesis,13,39,1,11056,0.02564102564102564,0.07692307692307693,query_1,['REAC:R-HSA-68886']
REAC,REAC:R-HSA-2129379,Molecules associated with elastic fibres,1.0,False,Molecules associated with elastic fibres,37,39,1,11056,0.02564102564102564,0.02702702702702703,query_1,['REAC:R-HSA-1566948']
REAC,REAC:R-HSA-975871,MyD88 cascade initiated on plasma membrane,1.0,False,MyD88 cascade initiated on plasma membrane,95,39,1,11056,0.02564102564102564,0.010526315789473684,query_1,"['REAC:R-HSA-168142', 'REAC:R-HSA-168176']"
REAC,REAC:R-HSA-975155,MyD88 dependent cascade initiated on endosome,1.0,False,MyD88 dependent cascade initiated on endosome,101,39,1,11056,0.02564102564102564,0.009900990099009901,query_1,"['REAC:R-HSA-168138', 'REAC:R-HSA-168181']"
REAC,REAC:R-HSA-166166,MyD88-independent TLR4 cascade ,1.0,False,MyD88-independent TLR4 cascade ,107,39,1,11056,0.02564102564102564,0.009345794392523364,query_1,['REAC:R-HSA-166016']
REAC,REAC:R-HSA-166058,MyD88:MAL(TIRAP) cascade initiated on plasma membrane,1.0,False,MyD88:MAL(TIRAP) cascade initiated on plasma membrane,111,39,1,11056,0.02564102564102564,0.009009009009009009,query_1,"['REAC:R-HSA-166016', 'REAC:R-HSA-168179', 'REAC:R-HSA-168188']"
REAC,REAC:R-HSA-196854,Metabolism of vitamins and cofactors,1.0,False,Metabolism of vitamins and cofactors,195,39,2,11056,0.05128205128205128,0.010256410256410256,query_1,['REAC:R-HSA-1430728']
REAC,REAC:R-HSA-9818032,NFE2L2 regulating MDR associated enzymes,1.0,False,NFE2L2 regulating MDR associated enzymes,8,39,1,11056,0.02564102564102564,0.125,query_1,['REAC:R-HSA-9759194']
REAC,REAC:R-HSA-3772470,Negative regulation of TCF-dependent signaling by WNT ligand antagonists,1.0,False,Negative regulation of TCF-dependent signaling by WNT ligand antagonists,15,39,1,11056,0.02564102564102564,0.06666666666666667,query_1,['REAC:R-HSA-201681']
REAC,REAC:R-HSA-9675108,Nervous system development,1.0,False,Nervous system development,568,39,2,11056,0.05128205128205128,0.0035211267605633804,query_1,['REAC:R-HSA-1266738']
REAC,REAC:R-HSA-6794361,Neurexins and neuroligins,1.0,False,Neurexins and neuroligins,56,39,1,11056,0.02564102564102564,0.017857142857142856,query_1,['REAC:R-HSA-6794362']
REAC,REAC:R-HSA-112316,Neuronal System,1.0,False,Neuronal System,399,39,2,11056,0.05128205128205128,0.005012531328320802,query_1,['REAC:0000000']
REAC,REAC:R-HSA-112314,Neurotransmitter receptors and postsynaptic signal transmission,1.0,False,Neurotransmitter receptors and postsynaptic signal transmission,195,39,1,11056,0.02564102564102564,0.005128205128205128,query_1,['REAC:R-HSA-112315']
REAC,REAC:R-HSA-6798695,Neutrophil degranulation,1.0,False,Neutrophil degranulation,476,39,4,11056,0.10256410256410256,0.008403361344537815,query_1,['REAC:R-HSA-168249']
REAC,REAC:R-HSA-2022377,Metabolism of Angiotensinogen to Angiotensins,1.0,False,Metabolism of Angiotensinogen to Angiotensins,17,39,1,11056,0.02564102564102564,0.058823529411764705,query_1,['REAC:R-HSA-2980736']
REAC,REAC:R-HSA-6806667,Metabolism of fat-soluble vitamins,1.0,False,Metabolism of fat-soluble vitamins,48,39,1,11056,0.02564102564102564,0.020833333333333332,query_1,['REAC:R-HSA-196854']
REAC,REAC:R-HSA-556833,Metabolism of lipids,1.0,False,Metabolism of lipids,747,39,5,11056,0.1282051282051282,0.006693440428380187,query_1,['REAC:R-HSA-1430728']
REAC,REAC:R-HSA-189445,Metabolism of porphyrins,1.0,False,Metabolism of porphyrins,25,39,1,11056,0.02564102564102564,0.04,query_1,['REAC:R-HSA-1430728']
REAC,REAC:R-HSA-9031628,NGF-stimulated transcription,1.0,False,NGF-stimulated transcription,38,39,1,11056,0.02564102564102564,0.02631578947368421,query_1,['REAC:R-HSA-198725']
REAC,REAC:R-HSA-1430728,Metabolism,1.0,False,Metabolism,2143,39,13,11056,0.3333333333333333,0.006066262249183388,query_1,['REAC:0000000']
REAC,REAC:R-HSA-9609690,HCMV Early Events,1.0,False,HCMV Early Events,134,39,1,11056,0.02564102564102564,0.007462686567164179,query_1,['REAC:R-HSA-9609646']
REAC,REAC:R-HSA-9609646,HCMV Infection,1.0,False,HCMV Infection,158,39,1,11056,0.02564102564102564,0.006329113924050633,query_1,['REAC:R-HSA-9824446']
REAC,REAC:R-HSA-1483206,Glycerophospholipid biosynthesis,1.0,False,Glycerophospholipid biosynthesis,128,39,1,11056,0.02564102564102564,0.0078125,query_1,['REAC:R-HSA-1483257']
REAC,REAC:R-HSA-9845576,Glycosphingolipid transport,1.0,False,Glycosphingolipid transport,8,39,1,11056,0.02564102564102564,0.125,query_1,['REAC:R-HSA-382551']
REAC,REAC:R-HSA-8856688,Golgi-to-ER retrograde transport,1.0,False,Golgi-to-ER retrograde transport,133,39,1,11056,0.02564102564102564,0.007518796992481203,query_1,['REAC:R-HSA-6811442']
REAC,REAC:R-HSA-9657688,Defective factor XII causes hereditary angioedema,1.0,False,Defective factor XII causes hereditary angioedema,3,39,1,11056,0.02564102564102564,0.3333333333333333,query_1,['REAC:R-HSA-9651496']
REAC,REAC:R-HSA-9651496,Defects of contact activation system (CAS) and kallikrein/kinin system (KKS),1.0,False,Defects of contact activation system (CAS) and kallikrein/kinin system (KKS),16,39,1,11056,0.02564102564102564,0.0625,query_1,['REAC:R-HSA-9671793']
REAC,REAC:R-HSA-1266738,Developmental Biology,1.0,False,Developmental Biology,1394,39,2,11056,0.05128205128205128,0.0014347202295552368,query_1,['REAC:0000000']
REAC,REAC:R-HSA-1643685,Disease,1.0,False,Disease,1848,39,4,11056,0.10256410256410256,0.0021645021645021645,query_1,['REAC:0000000']
REAC,REAC:R-HSA-9671793,Diseases of hemostasis,1.0,False,Diseases of hemostasis,19,39,1,11056,0.02564102564102564,0.05263157894736842,query_1,['REAC:R-HSA-1643685']
REAC,REAC:R-HSA-5668914,Diseases of metabolism,1.0,False,Diseases of metabolism,246,39,1,11056,0.02564102564102564,0.0040650406504065045,query_1,['REAC:R-HSA-1643685']
REAC,REAC:R-HSA-5663202,Diseases of signal transduction by growth factor receptors and second messengers,1.0,False,Diseases of signal transduction by growth factor receptors and second messengers,449,39,1,11056,0.02564102564102564,0.0022271714922048997,query_1,['REAC:R-HSA-1643685']
REAC,REAC:R-HSA-399721,"Glutamate binding, activation of AMPA receptors and synaptic plasticity",1.0,False,"Glutamate binding, activation of AMPA receptors and synaptic plasticity",27,39,1,11056,0.02564102564102564,0.037037037037037035,query_1,['REAC:R-HSA-112314']
REAC,REAC:R-HSA-9748784,Drug ADME,1.0,False,Drug ADME,107,39,1,11056,0.02564102564102564,0.009345794392523364,query_1,['REAC:0000000']
REAC,REAC:R-HSA-9619665,EGR2 and SOX10-mediated initiation of Schwann cell myelination,1.0,False,EGR2 and SOX10-mediated initiation of Schwann cell myelination,28,39,1,11056,0.02564102564102564,0.03571428571428571,query_1,['REAC:R-HSA-9675108']
REAC,REAC:R-HSA-9648025,EML4 and NUDC in mitotic spindle formation,1.0,False,EML4 and NUDC in mitotic spindle formation,115,39,1,11056,0.02564102564102564,0.008695652173913044,query_1,['REAC:R-HSA-68877']
REAC,REAC:R-HSA-199977,ER to Golgi Anterograde Transport,1.0,False,ER to Golgi Anterograde Transport,156,39,1,11056,0.02564102564102564,0.00641025641025641,query_1,"['REAC:R-HSA-199991', 'REAC:R-HSA-948021']"
REAC,REAC:R-HSA-1566948,Elastic fibre formation,1.0,False,Elastic fibre formation,44,39,1,11056,0.02564102564102564,0.022727272727272728,query_1,['REAC:R-HSA-1474244']
REAC,REAC:R-HSA-2468052,Establishment of Sister Chromatid Cohesion,1.0,False,Establishment of Sister Chromatid Cohesion,11,39,1,11056,0.02564102564102564,0.09090909090909091,query_1,['REAC:R-HSA-69242']
REAC,REAC:R-HSA-1474244,Extracellular matrix organization,1.0,False,Extracellular matrix organization,298,39,1,11056,0.02564102564102564,0.003355704697986577,query_1,['REAC:0000000']
REAC,REAC:R-HSA-8978868,Fatty acid metabolism,1.0,False,Fatty acid metabolism,172,39,3,11056,0.07692307692307693,0.01744186046511628,query_1,['REAC:R-HSA-556833']
REAC,REAC:R-HSA-71403,Citric acid cycle (TCA cycle),1.0,False,Citric acid cycle (TCA cycle),32,39,2,11056,0.05128205128205128,0.0625,query_1,['REAC:R-HSA-1428517']
REAC,REAC:R-HSA-373076,Class A/1 (Rhodopsin-like receptors),1.0,False,Class A/1 (Rhodopsin-like receptors),328,39,1,11056,0.02564102564102564,0.003048780487804878,query_1,['REAC:R-HSA-500792']
REAC,REAC:R-HSA-983169,Class I MHC mediated antigen processing & presentation,1.0,False,Class I MHC mediated antigen processing & presentation,380,39,1,11056,0.02564102564102564,0.002631578947368421,query_1,['REAC:R-HSA-1280218']
REAC,REAC:R-HSA-3000178,ECM proteoglycans,1.0,False,ECM proteoglycans,76,39,1,11056,0.02564102564102564,0.013157894736842105,query_1,['REAC:R-HSA-1474244']
REAC,REAC:R-HSA-156588,Glucuronidation,1.0,False,Glucuronidation,25,39,2,11056,0.05128205128205128,0.08,query_1,['REAC:R-HSA-156580']
REAC,REAC:R-HSA-159854,"Gamma-carboxylation, transport, and amino-terminal cleavage of proteins",1.0,False,"Gamma-carboxylation, transport, and amino-terminal cleavage of proteins",11,39,1,11056,0.02564102564102564,0.09090909090909091,query_1,['REAC:R-HSA-163841']
REAC,REAC:R-HSA-159740,Gamma-carboxylation of protein precursors,1.0,False,Gamma-carboxylation of protein precursors,10,39,1,11056,0.02564102564102564,0.1,query_1,['REAC:R-HSA-159854']
REAC,REAC:R-HSA-3371497,HSP90 chaperone cycle for steroid hormone receptors (SHR) in the presence of ligand,1.0,False,HSP90 chaperone cycle for steroid hormone receptors (SHR) in the presence of ligand,57,39,1,11056,0.02564102564102564,0.017543859649122806,query_1,['REAC:R-HSA-2262752']
REAC,REAC:R-HSA-189483,Heme degradation,1.0,False,Heme degradation,14,39,1,11056,0.02564102564102564,0.07142857142857142,query_1,['REAC:R-HSA-189445']
REAC,REAC:R-HSA-109582,Hemostasis,1.0,False,Hemostasis,675,39,2,11056,0.05128205128205128,0.002962962962962963,query_1,['REAC:0000000']
REAC,REAC:R-HSA-6788467,IL-6-type cytokine receptor ligand interactions,1.0,False,IL-6-type cytokine receptor ligand interactions,17,39,1,11056,0.02564102564102564,0.058823529411764705,query_1,['REAC:R-HSA-6783589']
REAC,REAC:R-HSA-168256,Immune System,1.0,False,Immune System,2086,39,12,11056,0.3076923076923077,0.005752636625119847,query_1,['REAC:0000000']
REAC,REAC:R-HSA-198933,Immunoregulatory interactions between a Lymphoid and a non-Lymphoid cell,1.0,False,Immunoregulatory interactions between a Lymphoid and a non-Lymphoid cell,182,39,1,11056,0.02564102564102564,0.005494505494505495,query_1,['REAC:R-HSA-1280218']
REAC,REAC:R-HSA-5663205,Infectious disease,1.0,False,Infectious disease,1062,39,1,11056,0.02564102564102564,0.0009416195856873823,query_1,['REAC:R-HSA-1643685']
REAC,REAC:R-HSA-166663,Initial triggering of complement,1.0,False,Initial triggering of complement,76,39,1,11056,0.02564102564102564,0.013157894736842105,query_1,['REAC:R-HSA-166658']
REAC,REAC:R-HSA-168249,Innate Immune System,1.0,False,Innate Immune System,1102,39,9,11056,0.23076923076923078,0.008166969147005444,query_1,['REAC:R-HSA-168256']
REAC,REAC:R-HSA-216083,Integrin cell surface interactions,1.0,False,Integrin cell surface interactions,84,39,1,11056,0.02564102564102564,0.011904761904761904,query_1,['REAC:R-HSA-1474244']
REAC,REAC:R-HSA-448424,Interleukin-17 signaling,1.0,False,Interleukin-17 signaling,70,39,1,11056,0.02564102564102564,0.014285714285714285,query_1,['REAC:R-HSA-449147']
REAC,REAC:R-HSA-6783589,Interleukin-6 family signaling,1.0,False,Interleukin-6 family signaling,24,39,1,11056,0.02564102564102564,0.041666666666666664,query_1,['REAC:R-HSA-449147']
REAC,REAC:R-HSA-6811442,Intra-Golgi and retrograde Golgi-to-ER traffic,1.0,False,Intra-Golgi and retrograde Golgi-to-ER traffic,202,39,1,11056,0.02564102564102564,0.0049504950495049506,query_1,['REAC:R-HSA-199991']
REAC,REAC:R-HSA-109606,Intrinsic Pathway for Apoptosis,1.0,False,Intrinsic Pathway for Apoptosis,54,39,1,11056,0.02564102564102564,0.018518518518518517,query_1,['REAC:R-HSA-109581']
REAC,REAC:R-HSA-2855086,Ficolins bind to repetitive carbohydrate structures on the target cell surface,1.0,False,Ficolins bind to repetitive carbohydrate structures on the target cell surface,4,39,1,11056,0.02564102564102564,0.25,query_1,['REAC:R-HSA-166662']
REAC,REAC:R-HSA-140877,Formation of Fibrin Clot (Clotting Cascade),1.0,False,Formation of Fibrin Clot (Clotting Cascade),39,39,1,11056,0.02564102564102564,0.02564102564102564,query_1,['REAC:R-HSA-109582']
REAC,REAC:R-HSA-173599,"Formation of the active cofactor, UDP-glucuronate",1.0,False,"Formation of the active cofactor, UDP-glucuronate",3,39,1,11056,0.02564102564102564,0.3333333333333333,query_1,['REAC:R-HSA-156588']
REAC,REAC:R-HSA-418594,G alpha (i) signalling events,1.0,False,G alpha (i) signalling events,311,39,1,11056,0.02564102564102564,0.003215434083601286,query_1,['REAC:R-HSA-388396']
REAC,REAC:R-HSA-416476,G alpha (q) signalling events,1.0,False,G alpha (q) signalling events,212,39,1,11056,0.02564102564102564,0.0047169811320754715,query_1,['REAC:R-HSA-388396']
REAC,REAC:R-HSA-69275,G2/M Transition,1.0,False,G2/M Transition,196,39,1,11056,0.02564102564102564,0.00510204081632653,query_1,['REAC:R-HSA-453274']
REAC,REAC:R-HSA-388396,GPCR downstream signalling,1.0,False,GPCR downstream signalling,622,39,2,11056,0.05128205128205128,0.003215434083601286,query_1,['REAC:R-HSA-372790']
REAC,REAC:R-HSA-500792,GPCR ligand binding,1.0,False,GPCR ligand binding,460,39,1,11056,0.02564102564102564,0.002173913043478261,query_1,['REAC:R-HSA-372790']
REAC,REAC:R-HSA-163841,"Gamma carboxylation, hypusinylation, hydroxylation, and arylsulfatase activation",1.0,False,"Gamma carboxylation, hypusinylation, hydroxylation, and arylsulfatase activation",60,39,1,11056,0.02564102564102564,0.016666666666666666,query_1,['REAC:R-HSA-597592']
REAC,REAC:R-HSA-1483257,Phospholipid metabolism,1.0,False,Phospholipid metabolism,211,39,2,11056,0.05128205128205128,0.009478672985781991,query_1,['REAC:R-HSA-556833']
REAC,REAC:R-HSA-156580,Phase II - Conjugation of compounds,1.0,False,Phase II - Conjugation of compounds,106,39,2,11056,0.05128205128205128,0.018867924528301886,query_1,['REAC:R-HSA-211859']
REAC,REAC:R-HSA-9033241,Peroxisomal protein import,1.0,False,Peroxisomal protein import,60,39,1,11056,0.02564102564102564,0.016666666666666666,query_1,['REAC:R-HSA-9609507']
REAC,REAC:R-HSA-375276,Peptide ligand-binding receptors,1.0,False,Peptide ligand-binding receptors,195,39,1,11056,0.02564102564102564,0.005128205128205128,query_1,['REAC:R-HSA-373076']
GO:BP,GO:0001817,regulation of cytokine production,1.0,False,"""Any process that modulates the frequency, rate, or extent of production of a cytokine."" [GOC:add, ISBN:0781735149]",780,54,3,20972,0.05555555555555555,0.0038461538461538464,query_1,"['GO:0001816', 'GO:0010468', 'GO:0051239']"
REAC,REAC:R-HSA-9716542,"Signaling by Rho GTPases, Miro GTPases and RHOBTB3",1.0,False,"Signaling by Rho GTPases, Miro GTPases and RHOBTB3",716,39,3,11056,0.07692307692307693,0.004189944134078212,query_1,['REAC:R-HSA-162582']
REAC,REAC:R-HSA-170834,Signaling by TGF-beta Receptor Complex,1.0,False,Signaling by TGF-beta Receptor Complex,92,39,1,11056,0.02564102564102564,0.010869565217391304,query_1,['REAC:R-HSA-9006936']
REAC,REAC:R-HSA-9006936,Signaling by TGFB family members,1.0,False,Signaling by TGFB family members,156,39,1,11056,0.02564102564102564,0.00641025641025641,query_1,['REAC:R-HSA-162582']
REAC,REAC:R-HSA-194138,Signaling by VEGF,1.0,False,Signaling by VEGF,104,39,2,11056,0.05128205128205128,0.019230769230769232,query_1,['REAC:R-HSA-9006934']
REAC,REAC:R-HSA-195721,Signaling by WNT,1.0,False,Signaling by WNT,327,39,2,11056,0.05128205128205128,0.0061162079510703364,query_1,['REAC:R-HSA-162582']
REAC,REAC:R-HSA-4791275,Signaling by WNT in cancer,1.0,False,Signaling by WNT in cancer,34,39,1,11056,0.02564102564102564,0.029411764705882353,query_1,['REAC:R-HSA-5663202']
REAC,REAC:R-HSA-187687,Signalling to ERKs,1.0,False,Signalling to ERKs,31,39,1,11056,0.02564102564102564,0.03225806451612903,query_1,['REAC:R-HSA-187037']
REAC,REAC:R-HSA-167044,Signalling to RAS,1.0,False,Signalling to RAS,17,39,1,11056,0.02564102564102564,0.058823529411764705,query_1,['REAC:R-HSA-187687']
REAC,REAC:R-HSA-3000170,Syndecan interactions,1.0,False,Syndecan interactions,27,39,1,11056,0.02564102564102564,0.037037037037037035,query_1,['REAC:R-HSA-3000171']
GO:BP,GO:0001816,cytokine production,1.0,False,"""The appearance of a cytokine due to biosynthesis or secretion following a cellular stimulus, resulting in an increase in its intracellular or extracellular levels."" [GOC:add, ISBN:0781735149]",786,54,4,20972,0.07407407407407407,0.005089058524173028,query_1,"['GO:0010467', 'GO:0032501']"
REAC,REAC:R-HSA-1483166,Synthesis of PA,1.0,False,Synthesis of PA,39,39,1,11056,0.02564102564102564,0.02564102564102564,query_1,['REAC:R-HSA-1483206']
REAC,REAC:R-HSA-8854214,TBC/RABGAPs,1.0,False,TBC/RABGAPs,44,39,2,11056,0.05128205128205128,0.045454545454545456,query_1,['REAC:R-HSA-9007101']
REAC,REAC:R-HSA-201681,TCF dependent signaling in response to WNT,1.0,False,TCF dependent signaling in response to WNT,231,39,2,11056,0.05128205128205128,0.008658008658008658,query_1,['REAC:R-HSA-195721']
REAC,REAC:R-HSA-2173789,TGF-beta receptor signaling activates SMADs,1.0,False,TGF-beta receptor signaling activates SMADs,46,39,1,11056,0.02564102564102564,0.021739130434782608,query_1,['REAC:R-HSA-170834']
REAC,REAC:R-HSA-975138,TRAF6 mediated induction of NFkB and MAP kinases upon TLR7/8 or 9 activation,1.0,False,TRAF6 mediated induction of NFkB and MAP kinases upon TLR7/8 or 9 activation,100,39,1,11056,0.02564102564102564,0.01,query_1,['REAC:R-HSA-975155']
REAC,REAC:R-HSA-937061,TRIF (TICAM1)-mediated TLR4 signaling ,1.0,False,TRIF (TICAM1)-mediated TLR4 signaling ,107,39,1,11056,0.02564102564102564,0.009345794392523364,query_1,['REAC:R-HSA-166166']
REAC,REAC:R-HSA-69242,S Phase,1.0,False,S Phase,162,39,1,11056,0.02564102564102564,0.006172839506172839,query_1,['REAC:R-HSA-69278']
REAC,REAC:R-HSA-9663891,Selective autophagy,1.0,False,Selective autophagy,88,39,1,11056,0.02564102564102564,0.011363636363636364,query_1,['REAC:R-HSA-1632852']
REAC,REAC:R-HSA-9709957,Sensory Perception,1.0,False,Sensory Perception,576,39,1,11056,0.02564102564102564,0.001736111111111111,query_1,['REAC:0000000']
REAC,REAC:R-HSA-2467813,Separation of Sister Chromatids,1.0,False,Separation of Sister Chromatids,188,39,2,11056,0.05128205128205128,0.010638297872340425,query_1,['REAC:R-HSA-68882']
REAC,REAC:R-HSA-162582,Signal Transduction,1.0,False,Signal Transduction,2570,39,13,11056,0.3333333333333333,0.005058365758754864,query_1,['REAC:0000000']
REAC,REAC:R-HSA-1660499,Synthesis of PIPs at the plasma membrane,1.0,False,Synthesis of PIPs at the plasma membrane,53,39,1,11056,0.02564102564102564,0.018867924528301886,query_1,['REAC:R-HSA-1483255']
GO:BP,GO:0001775,cell activation,1.0,False,"""A multicellular organismal process by which exposure to an activating factor such as a cellular or soluble ligand results in a change in the morphology or behavior of a cell."" [GOC:mgi_curators]",1123,54,2,20972,0.037037037037037035,0.0017809439002671415,query_1,"['GO:0009987', 'GO:0032501']"
GO:BP,GO:0001763,morphogenesis of a branching structure,1.0,False,"""The process in which the anatomical structures of branches are generated and organized. A branch is a division or offshoot from a main stem. Examples in animals would include blood vessels, nerves, lymphatics and other endothelial or epithelial tubes."" [ISBN:0721662544]",205,54,1,20972,0.018518518518518517,0.004878048780487805,query_1,"['GO:0009653', 'GO:0032501']"
GO:BP,GO:0001706,endoderm formation,1.0,False,"""The formation of the endoderm during gastrulation."" [GOC:go_curators]",60,54,1,20972,0.018518518518518517,0.016666666666666666,query_1,"['GO:0001704', 'GO:0007492']"
REAC,REAC:R-HSA-171007,p38MAPK events,1.0,False,p38MAPK events,11,39,1,11056,0.02564102564102564,0.09090909090909091,query_1,['REAC:R-HSA-167044']
REAC,REAC:R-HSA-450302,activated TAK1 mediates p38 MAPK activation,1.0,False,activated TAK1 mediates p38 MAPK activation,23,39,1,11056,0.02564102564102564,0.043478260869565216,query_1,['REAC:R-HSA-450294']
REAC,REAC:R-HSA-199220,Vitamin B5 (pantothenate) metabolism,1.0,False,Vitamin B5 (pantothenate) metabolism,20,39,1,11056,0.02564102564102564,0.05,query_1,['REAC:R-HSA-196849']
REAC,REAC:R-HSA-2187338,Visual phototransduction,1.0,False,Visual phototransduction,97,39,1,11056,0.02564102564102564,0.010309278350515464,query_1,['REAC:R-HSA-9709957']
REAC,REAC:R-HSA-9824446,Viral Infection Pathways,1.0,False,Viral Infection Pathways,873,39,1,11056,0.02564102564102564,0.001145475372279496,query_1,['REAC:R-HSA-5663205']
REAC,REAC:R-HSA-5653656,Vesicle-mediated transport,1.0,False,Vesicle-mediated transport,720,39,3,11056,0.07692307692307693,0.004166666666666667,query_1,['REAC:0000000']
REAC,REAC:R-HSA-4420097,VEGFA-VEGFR2 Pathway,1.0,False,VEGFA-VEGFR2 Pathway,94,39,2,11056,0.05128205128205128,0.02127659574468085,query_1,['REAC:R-HSA-194138']
REAC,REAC:R-HSA-948021,Transport to the Golgi and subsequent modification,1.0,False,Transport to the Golgi and subsequent modification,187,39,1,11056,0.02564102564102564,0.0053475935828877,query_1,['REAC:R-HSA-446203']
REAC,REAC:R-HSA-382551,Transport of small molecules,1.0,False,Transport of small molecules,729,39,1,11056,0.02564102564102564,0.0013717421124828531,query_1,['REAC:0000000']
REAC,REAC:R-HSA-159763,Transport of gamma-carboxylated protein precursors from the endoplasmic reticulum to the Golgi apparatus,1.0,False,Transport of gamma-carboxylated protein precursors from the endoplasmic reticulum to the Golgi apparatus,9,39,1,11056,0.02564102564102564,0.1111111111111111,query_1,['REAC:R-HSA-159854']
REAC,REAC:R-HSA-112315,Transmission across Chemical Synapses,1.0,False,Transmission across Chemical Synapses,258,39,1,11056,0.02564102564102564,0.003875968992248062,query_1,['REAC:R-HSA-112316']
REAC,REAC:R-HSA-1445148,Translocation of SLC2A4 (GLUT4) to the plasma membrane,1.0,False,Translocation of SLC2A4 (GLUT4) to the plasma membrane,72,39,1,11056,0.02564102564102564,0.013888888888888888,query_1,['REAC:R-HSA-199991']
GO:BP,GO:0001570,vasculogenesis,1.0,False,"""The differentiation of endothelial cells from progenitor cells during blood vessel development, and the de novo formation of blood vessels and tubes."" [PMID:8999798]",81,54,1,20972,0.018518518518518517,0.012345679012345678,query_1,"['GO:0030154', 'GO:0048514']"
GO:BP,GO:0001649,osteoblast differentiation,1.0,False,"""The process whereby a relatively unspecialized cell acquires the specialized features of an osteoblast, a mesodermal or neural crest cell that gives rise to bone."" [CL:0000062, GO_REF:0000034, GOC:jid]",236,54,2,20972,0.037037037037037035,0.00847457627118644,query_1,"['GO:0001503', 'GO:0030154']"
GO:BP,GO:0001654,eye development,1.0,False,"""The process whose specific outcome is the progression of the eye over time, from its formation to the mature structure. The eye is the organ of sight."" [GOC:jid, GOC:jl]",418,54,1,20972,0.018518518518518517,0.0023923444976076554,query_1,"['GO:0007423', 'GO:0150063']"
GO:BP,GO:0001656,metanephros development,1.0,False,"""The process whose specific outcome is the progression of the metanephros over time, from its formation to the mature structure. In mammals, the metanephros is the excretory organ of the fetus, which develops into the mature kidney and is formed from the rear portion of the nephrogenic cord. The metanephros is an endocrine and metabolic organ that filters the blood and excretes the end products of body metabolism in the form of urine."" [GOC:bf, ISBN:0192800752]",92,54,2,20972,0.037037037037037035,0.021739130434782608,query_1,['GO:0001822']
GO:BP,GO:0001657,ureteric bud development,1.0,False,"""The process whose specific outcome is the progression of the ureteric bud over time, from its formation to the mature structure."" [GOC:go_curators]",99,54,1,20972,0.018518518518518517,0.010101010101010102,query_1,['GO:0072164']
GO:BP,GO:0001658,branching involved in ureteric bud morphogenesis,1.0,False,"""The process in which the branching structure of the ureteric bud is generated and organized. The ureteric bud is an epithelial tube that grows out from the metanephric duct. The bud elongates and branches to give rise to the ureter and kidney collecting tubules."" [GOC:dph, PMID:16916378]",62,54,1,20972,0.018518518518518517,0.016129032258064516,query_1,"['GO:0048754', 'GO:0060675']"
GO:BP,GO:0001659,temperature homeostasis,1.0,False,"""A homeostatic process in which an organism modulates its internal body temperature."" [GOC:jl]",197,54,1,20972,0.018518518518518517,0.005076142131979695,query_1,['GO:0048871']
GO:BP,GO:0001676,long-chain fatty acid metabolic process,1.0,False,"""The chemical reactions and pathways involving a long-chain fatty acid. A long-chain fatty acid has an aliphatic tail containing 13 to 22 carbons."" [GOC:ajp]",104,54,2,20972,0.037037037037037035,0.019230769230769232,query_1,['GO:0006631']
GO:BP,GO:0001701,in utero embryonic development,1.0,False,"""The process whose specific outcome is the progression of the embryo in the uterus over time, from formation of the zygote in the oviduct, to birth. An example of this process is found in Mus musculus."" [GOC:go_curators, GOC:mtg_sensu]",405,54,1,20972,0.018518518518518517,0.0024691358024691358,query_1,['GO:0043009']
GO:BP,GO:0001702,gastrulation with mouth forming second,1.0,False,"""A gastrulation process in which the initial invagination becomes the anus and the mouth forms second."" [GOC:go_curators, GOC:mtg_sensu]",27,54,1,20972,0.018518518518518517,0.037037037037037035,query_1,['GO:0007369']
GO:BP,GO:0001704,formation of primary germ layer,1.0,False,"""The formation of the ectoderm, mesoderm and endoderm during gastrulation."" [GOC:go_curators]",128,54,1,20972,0.018518518518518517,0.0078125,query_1,"['GO:0007369', 'GO:0048646']"
REAC,REAC:R-HSA-445144,Signal transduction by L1,1.0,False,Signal transduction by L1,20,39,1,11056,0.02564102564102564,0.05,query_1,['REAC:R-HSA-373760']
REAC,REAC:R-HSA-196783,Coenzyme A biosynthesis,1.0,False,Coenzyme A biosynthesis,7,39,1,11056,0.02564102564102564,0.14285714285714285,query_1,['REAC:R-HSA-199220']
REAC,REAC:R-HSA-372790,Signaling by GPCR,1.0,False,Signaling by GPCR,695,39,2,11056,0.05128205128205128,0.0028776978417266188,query_1,['REAC:R-HSA-162582']
REAC,REAC:R-HSA-5339717,Signaling by LRP5 mutants ,1.0,False,Signaling by LRP5 mutants ,6,39,1,11056,0.02564102564102564,0.16666666666666666,query_1,['REAC:R-HSA-4791275']
REAC,REAC:R-HSA-5365859,RA biosynthesis pathway,1.0,False,RA biosynthesis pathway,22,39,2,11056,0.05128205128205128,0.09090909090909091,query_1,['REAC:R-HSA-5362517']
REAC,REAC:R-HSA-8876198,RAB GEFs exchange GTP for GDP on RABs,1.0,False,RAB GEFs exchange GTP for GDP on RABs,88,39,1,11056,0.02564102564102564,0.011363636363636364,query_1,['REAC:R-HSA-9007101']
REAC,REAC:R-HSA-8873719,RAB geranylgeranylation,1.0,False,RAB geranylgeranylation,64,39,2,11056,0.05128205128205128,0.03125,query_1,['REAC:R-HSA-597592']
REAC,REAC:R-HSA-9013149,RAC1 GTPase cycle,1.0,False,RAC1 GTPase cycle,184,39,1,11056,0.02564102564102564,0.005434782608695652,query_1,['REAC:R-HSA-9012999']
REAC,REAC:R-HSA-9013404,RAC2 GTPase cycle,1.0,False,RAC2 GTPase cycle,88,39,1,11056,0.02564102564102564,0.011363636363636364,query_1,['REAC:R-HSA-9012999']
REAC,REAC:R-HSA-9013423,RAC3 GTPase cycle,1.0,False,RAC3 GTPase cycle,94,39,1,11056,0.02564102564102564,0.010638297872340425,query_1,['REAC:R-HSA-9012999']
REAC,REAC:R-HSA-195258,RHO GTPase Effectors,1.0,False,RHO GTPase Effectors,318,39,1,11056,0.02564102564102564,0.0031446540880503146,query_1,['REAC:R-HSA-194315']
REAC,REAC:R-HSA-9012999,RHO GTPase cycle,1.0,False,RHO GTPase cycle,449,39,2,11056,0.05128205128205128,0.004454342984409799,query_1,['REAC:R-HSA-194315']
REAC,REAC:R-HSA-5663220,RHO GTPases Activate Formins,1.0,False,RHO GTPases Activate Formins,136,39,1,11056,0.02564102564102564,0.007352941176470588,query_1,['REAC:R-HSA-195258']
REAC,REAC:R-HSA-9013405,RHOD GTPase cycle,1.0,False,RHOD GTPase cycle,52,39,1,11056,0.02564102564102564,0.019230769230769232,query_1,['REAC:R-HSA-9012999']
REAC,REAC:R-HSA-6794362,Protein-protein interactions at synapses,1.0,False,Protein-protein interactions at synapses,86,39,1,11056,0.02564102564102564,0.011627906976744186,query_1,['REAC:R-HSA-112316']
REAC,REAC:R-HSA-9035034,RHOF GTPase cycle,1.0,False,RHOF GTPase cycle,42,39,1,11056,0.02564102564102564,0.023809523809523808,query_1,['REAC:R-HSA-9012999']
REAC,REAC:R-HSA-3000171,Non-integrin membrane-ECM interactions,1.0,False,Non-integrin membrane-ECM interactions,59,39,1,11056,0.02564102564102564,0.01694915254237288,query_1,['REAC:R-HSA-1474244']
REAC,REAC:R-HSA-198725,Nuclear Events (kinase and transcription factor activation),1.0,False,Nuclear Events (kinase and transcription factor activation),60,39,1,11056,0.02564102564102564,0.016666666666666666,query_1,['REAC:R-HSA-187037']
REAC,REAC:R-HSA-9759194,Nuclear events mediated by NFE2L2,1.0,False,Nuclear events mediated by NFE2L2,95,39,1,11056,0.02564102564102564,0.010526315789473684,query_1,['REAC:R-HSA-9755511']
REAC,REAC:R-HSA-111885,Opioid Signalling,1.0,False,Opioid Signalling,88,39,1,11056,0.02564102564102564,0.011363636363636364,query_1,['REAC:R-HSA-418594']
REAC,REAC:R-HSA-1852241,Organelle biogenesis and maintenance,1.0,False,Organelle biogenesis and maintenance,293,39,1,11056,0.02564102564102564,0.0034129692832764505,query_1,['REAC:0000000']
REAC,REAC:R-HSA-2559580,Oxidative Stress Induced Senescence,1.0,False,Oxidative Stress Induced Senescence,122,39,1,11056,0.02564102564102564,0.00819672131147541,query_1,['REAC:R-HSA-2559583']
REAC,REAC:R-HSA-210990,PECAM1 interactions,1.0,False,PECAM1 interactions,11,39,1,11056,0.02564102564102564,0.09090909090909091,query_1,['REAC:R-HSA-202733']
REAC,REAC:R-HSA-1483255,PI Metabolism,1.0,False,PI Metabolism,84,39,1,11056,0.02564102564102564,0.011904761904761904,query_1,['REAC:R-HSA-1483257']
REAC,REAC:R-HSA-9753281,Paracetamol ADME,1.0,False,Paracetamol ADME,28,39,1,11056,0.02564102564102564,0.03571428571428571,query_1,['REAC:R-HSA-9748784']
REAC,REAC:R-HSA-2980736,Peptide hormone metabolism,1.0,False,Peptide hormone metabolism,87,39,1,11056,0.02564102564102564,0.011494252873563218,query_1,['REAC:R-HSA-392499']
REAC,REAC:R-HSA-9013408,RHOG GTPase cycle,1.0,False,RHOG GTPase cycle,74,39,1,11056,0.02564102564102564,0.013513513513513514,query_1,['REAC:R-HSA-9012999']
REAC,REAC:R-HSA-9609507,Protein localization,1.0,False,Protein localization,159,39,2,11056,0.05128205128205128,0.012578616352201259,query_1,['REAC:0000000']
REAC,REAC:R-HSA-5357801,Programmed Cell Death,1.0,False,Programmed Cell Death,208,39,2,11056,0.05128205128205128,0.009615384615384616,query_1,['REAC:0000000']
REAC,REAC:R-HSA-597592,Post-translational protein modification,1.0,False,Post-translational protein modification,1453,39,5,11056,0.1282051282051282,0.0034411562284927736,query_1,['REAC:R-HSA-392499']
REAC,REAC:R-HSA-6806834,Signaling by MET,1.0,False,Signaling by MET,76,39,1,11056,0.02564102564102564,0.013157894736842105,query_1,['REAC:R-HSA-9006934']
REAC,REAC:R-HSA-187037,Signaling by NTRK1 (TRKA),1.0,False,Signaling by NTRK1 (TRKA),111,39,2,11056,0.05128205128205128,0.018018018018018018,query_1,['REAC:R-HSA-166520']
REAC,REAC:R-HSA-166520,Signaling by NTRKs,1.0,False,Signaling by NTRKs,130,39,2,11056,0.05128205128205128,0.015384615384615385,query_1,['REAC:R-HSA-9006934']
REAC,REAC:R-HSA-9006931,Signaling by Nuclear Receptors,1.0,False,Signaling by Nuclear Receptors,289,39,2,11056,0.05128205128205128,0.006920415224913495,query_1,['REAC:R-HSA-162582']
REAC,REAC:R-HSA-9006934,Signaling by Receptor Tyrosine Kinases,1.0,False,Signaling by Receptor Tyrosine Kinases,516,39,4,11056,0.10256410256410256,0.007751937984496124,query_1,['REAC:R-HSA-162582']
REAC,REAC:R-HSA-5362517,Signaling by Retinoic Acid,1.0,False,Signaling by Retinoic Acid,43,39,2,11056,0.05128205128205128,0.046511627906976744,query_1,['REAC:R-HSA-9006931']
REAC,REAC:R-HSA-194315,Signaling by Rho GTPases,1.0,False,Signaling by Rho GTPases,701,39,3,11056,0.07692307692307693,0.0042796005706134095,query_1,['REAC:R-HSA-9716542']
REAC,REAC:R-HSA-9013420,RHOU GTPase cycle,1.0,False,RHOU GTPase cycle,39,39,1,11056,0.02564102564102564,0.02564102564102564,query_1,['REAC:R-HSA-9012999']
REAC,REAC:R-HSA-9013424,RHOV GTPase cycle,1.0,False,RHOV GTPase cycle,37,39,1,11056,0.02564102564102564,0.02702702702702703,query_1,['REAC:R-HSA-9012999']
REAC,REAC:R-HSA-9696273,RND1 GTPase cycle,1.0,False,RND1 GTPase cycle,42,39,1,11056,0.02564102564102564,0.023809523809523808,query_1,['REAC:R-HSA-9012999']
REAC,REAC:R-HSA-9696270,RND2 GTPase cycle,1.0,False,RND2 GTPase cycle,43,39,1,11056,0.02564102564102564,0.023255813953488372,query_1,['REAC:R-HSA-9012999']
REAC,REAC:R-HSA-9696264,RND3 GTPase cycle,1.0,False,RND3 GTPase cycle,42,39,1,11056,0.02564102564102564,0.023809523809523808,query_1,['REAC:R-HSA-9012999']
REAC,REAC:R-HSA-9007101,Rab regulation of trafficking,1.0,False,Rab regulation of trafficking,120,39,2,11056,0.05128205128205128,0.016666666666666666,query_1,['REAC:R-HSA-199991']
REAC,REAC:R-HSA-380320,Recruitment of NuMA to mitotic centrosomes,1.0,False,Recruitment of NuMA to mitotic centrosomes,94,39,1,11056,0.02564102564102564,0.010638297872340425,query_1,['REAC:R-HSA-68877']
REAC,REAC:R-HSA-380270,Recruitment of mitotic centrosome proteins and complexes,1.0,False,Recruitment of mitotic centrosome proteins and complexes,80,39,1,11056,0.02564102564102564,0.0125,query_1,['REAC:R-HSA-380287']
REAC,REAC:R-HSA-977606,Regulation of Complement cascade,1.0,False,Regulation of Complement cascade,101,39,3,11056,0.07692307692307693,0.0297029702970297,query_1,['REAC:R-HSA-166658']
REAC,REAC:R-HSA-4641263,Regulation of FZD by ubiquitination,1.0,False,Regulation of FZD by ubiquitination,21,39,1,11056,0.02564102564102564,0.047619047619047616,query_1,['REAC:R-HSA-201681']
REAC,REAC:R-HSA-381426,Regulation of Insulin-like Growth Factor (IGF) transport and uptake by Insulin-like Growth Factor Binding Proteins (IGFBPs),1.0,False,Regulation of Insulin-like Growth Factor (IGF) transport and uptake by Insulin-like Growth Factor Binding Proteins (IGFBPs),124,39,1,11056,0.02564102564102564,0.008064516129032258,query_1,['REAC:R-HSA-392499']
REAC,REAC:R-HSA-2565942,Regulation of PLK1 Activity at G2/M Transition,1.0,False,Regulation of PLK1 Activity at G2/M Transition,85,39,1,11056,0.02564102564102564,0.011764705882352941,query_1,['REAC:R-HSA-69275']
REAC,REAC:R-HSA-159782,Removal of aminoterminal propeptides from gamma-carboxylated proteins,1.0,False,Removal of aminoterminal propeptides from gamma-carboxylated proteins,10,39,1,11056,0.02564102564102564,0.1,query_1,['REAC:R-HSA-159854']
REAC,REAC:R-HSA-2500257,Resolution of Sister Chromatid Cohesion,1.0,False,Resolution of Sister Chromatid Cohesion,124,39,2,11056,0.05128205128205128,0.016129032258064516,query_1,['REAC:R-HSA-68877']
REAC,REAC:R-HSA-611105,Respiratory electron transport,1.0,False,Respiratory electron transport,155,39,2,11056,0.05128205128205128,0.012903225806451613,query_1,['REAC:R-HSA-1428517']
REAC,REAC:R-HSA-975634,Retinoid metabolism and transport,1.0,False,Retinoid metabolism and transport,44,39,1,11056,0.02564102564102564,0.022727272727272728,query_1,"['REAC:R-HSA-2187338', 'REAC:R-HSA-6806667']"
REAC,REAC:R-HSA-449147,Signaling by Interleukins,1.0,False,Signaling by Interleukins,476,39,2,11056,0.05128205128205128,0.004201680672268907,query_1,['REAC:R-HSA-1280215']
GO:BP,GO:1902369,negative regulation of RNA catabolic process,1.0,False,"""Any process that stops, prevents or reduces the frequency, rate or extent of RNA catabolic process."" [GOC:bf, GOC:TermGenie, PMID:16640457]",94,54,1,20972,0.018518518518518517,0.010638297872340425,query_1,"['GO:0006401', 'GO:0009895', 'GO:0051253']"
REAC,REAC:R-HSA-2470946,Cohesin Loading onto Chromatin,1.0,False,Cohesin Loading onto Chromatin,10,39,1,11056,0.02564102564102564,0.1,query_1,['REAC:R-HSA-68884']
REAC,REAC:R-HSA-6799198,Complex I biogenesis,1.0,False,Complex I biogenesis,68,39,1,11056,0.02564102564102564,0.014705882352941176,query_1,['REAC:R-HSA-611105']
GO:BP,GO:2001233,regulation of apoptotic signaling pathway,1.0,False,"""Any process that modulates the frequency, rate or extent of apoptotic signaling pathway."" [GOC:mtg_apoptosis]",376,54,1,20972,0.018518518518518517,0.0026595744680851063,query_1,"['GO:0009966', 'GO:0042981', 'GO:0097190']"
GO:BP,GO:2001234,negative regulation of apoptotic signaling pathway,1.0,False,"""Any process that stops, prevents or reduces the frequency, rate or extent of apoptotic signaling pathway."" [GOC:mtg_apoptosis]",228,54,1,20972,0.018518518518518517,0.0043859649122807015,query_1,"['GO:0009968', 'GO:0043066', 'GO:0097190', 'GO:2001233']"
GO:BP,GO:2001236,regulation of extrinsic apoptotic signaling pathway,1.0,False,"""Any process that modulates the frequency, rate or extent of extrinsic apoptotic signaling pathway."" [GOC:mtg_apoptosis]",160,54,1,20972,0.018518518518518517,0.00625,query_1,"['GO:0097191', 'GO:2001233']"
GO:BP,GO:2001237,negative regulation of extrinsic apoptotic signaling pathway,1.0,False,"""Any process that stops, prevents or reduces the frequency, rate or extent of extrinsic apoptotic signaling pathway."" [GOC:mtg_apoptosis]",98,54,1,20972,0.018518518518518517,0.01020408163265306,query_1,"['GO:0097191', 'GO:2001234', 'GO:2001236']"
GO:BP,GO:2001256,regulation of store-operated calcium entry,1.0,False,"""Any process that modulates the frequency, rate or extent of store-operated calcium entry."" [GOC:BHF]",14,54,1,20972,0.018518518518518517,0.07142857142857142,query_1,"['GO:0002115', 'GO:0051924']"
KEGG,KEGG:00000,KEGG root term,1.0,False,KEGG root term,8716,28,28,8716,1.0,0.0032124827902707664,query_1,[]
KEGG,KEGG:00020,Citrate cycle (TCA cycle),1.0,False,Citrate cycle (TCA cycle),30,28,1,8716,0.03571428571428571,0.03333333333333333,query_1,['KEGG:00000']
KEGG,KEGG:00140,Steroid hormone biosynthesis,1.0,False,Steroid hormone biosynthesis,66,28,1,8716,0.03571428571428571,0.015151515151515152,query_1,['KEGG:00000']
KEGG,KEGG:00541,Biosynthesis of various nucleotide sugars,1.0,False,Biosynthesis of various nucleotide sugars,19,28,1,8716,0.03571428571428571,0.05263157894736842,query_1,['KEGG:00000']
KEGG,KEGG:00770,Pantothenate and CoA biosynthesis,1.0,False,Pantothenate and CoA biosynthesis,21,28,1,8716,0.03571428571428571,0.047619047619047616,query_1,['KEGG:00000']
GO:BP,GO:2001141,regulation of RNA biosynthetic process,1.0,False,"""Any process that modulates the frequency, rate or extent of RNA biosynthetic process."" [GOC:dph]",3397,54,3,20972,0.05555555555555555,0.0008831321754489255,query_1,"['GO:0010556', 'GO:0032774', 'GO:0051252']"
KEGG,KEGG:00830,Retinol metabolism,1.0,False,Retinol metabolism,68,28,2,8716,0.07142857142857142,0.029411764705882353,query_1,['KEGG:00000']
GO:BP,GO:2000027,regulation of animal organ morphogenesis,1.0,False,"""Any process that modulates the frequency, rate or extent of animal organ morphogenesis."" [GOC:obol]",82,54,1,20972,0.018518518518518517,0.012195121951219513,query_1,"['GO:0009887', 'GO:0022603']"
GO:BP,GO:2000145,regulation of cell motility,1.0,False,"""Any process that modulates the frequency, rate or extent of cell motility."" [GOC:mah]",1005,54,1,20972,0.018518518518518517,0.0009950248756218905,query_1,"['GO:0040012', 'GO:0048870', 'GO:0050794']"
GO:BP,GO:2000147,positive regulation of cell motility,1.0,False,"""Any process that activates or increases the frequency, rate or extent of cell motility."" [GOC:mah]",571,54,1,20972,0.018518518518518517,0.0017513134851138354,query_1,"['GO:0040017', 'GO:0048522', 'GO:0048870', 'GO:2000145']"
GO:BP,GO:2000241,regulation of reproductive process,1.0,False,"""Any process that modulates the frequency, rate or extent of reproductive process."" [GOC:mah]",196,54,2,20972,0.037037037037037035,0.01020408163265306,query_1,"['GO:0022414', 'GO:0050789']"
GO:BP,GO:2000242,negative regulation of reproductive process,1.0,False,"""Any process that stops, prevents, or reduces the frequency, rate or extent of reproductive process."" [GOC:mah]",74,54,1,20972,0.018518518518518517,0.013513513513513514,query_1,"['GO:0022414', 'GO:0048519', 'GO:2000241']"
GO:BP,GO:2000254,regulation of male germ cell proliferation,1.0,False,"""Any process that modulates the frequency, rate or extent of male germ cell proliferation."" [GOC:obol]",5,54,1,20972,0.018518518518518517,0.2,query_1,"['GO:0002176', 'GO:1905936']"
GO:BP,GO:2000255,negative regulation of male germ cell proliferation,1.0,False,"""Any process that stops, prevents or reduces the frequency, rate or extent of male germ cell proliferation."" [GOC:obol]",4,54,1,20972,0.018518518518518517,0.25,query_1,"['GO:0002176', 'GO:1905937', 'GO:2000242', 'GO:2000254']"
GO:BP,GO:2000377,regulation of reactive oxygen species metabolic process,1.0,False,"""Any process that modulates the frequency, rate or extent of reactive oxygen species metabolic process."" [GOC:mah]",139,54,1,20972,0.018518518518518517,0.007194244604316547,query_1,"['GO:0019222', 'GO:0072593']"
GO:BP,GO:2000379,positive regulation of reactive oxygen species metabolic process,1.0,False,"""Any process that activates or increases the frequency, rate or extent of reactive oxygen species metabolic process."" [GOC:mah]",66,54,1,20972,0.018518518518518517,0.015151515151515152,query_1,"['GO:0009893', 'GO:0072593', 'GO:2000377']"
GO:BP,GO:2000535,regulation of entry of bacterium into host cell,1.0,False,"""Any process that modulates the frequency, rate or extent of entry of bacterium into host cell."" [GOC:obol]",7,54,1,20972,0.018518518518518517,0.14285714285714285,query_1,"['GO:0035635', 'GO:0052372']"
GO:BP,GO:2000026,regulation of multicellular organismal development,1.0,False,"""Any process that modulates the frequency, rate or extent of multicellular organismal development."" [GOC:obol]",1392,54,4,20972,0.07407407407407407,0.0028735632183908046,query_1,"['GO:0007275', 'GO:0050793', 'GO:0051239']"
GO:BP,GO:2000536,negative regulation of entry of bacterium into host cell,1.0,False,"""Any process that stops, prevents or reduces the frequency, rate or extent of entry of bacterium into host cell."" [GOC:obol]",2,54,1,20972,0.018518518518518517,0.5,query_1,"['GO:0035635', 'GO:0048519', 'GO:2000535']"
KEGG,KEGG:04022,cGMP-PKG signaling pathway,1.0,False,cGMP-PKG signaling pathway,163,28,1,8716,0.03571428571428571,0.006134969325153374,query_1,['KEGG:00000']
KEGG,KEGG:04010,MAPK signaling pathway,1.0,False,MAPK signaling pathway,300,28,2,8716,0.07142857142857142,0.006666666666666667,query_1,['KEGG:00000']
KEGG,KEGG:04110,Cell cycle,1.0,False,Cell cycle,158,28,1,8716,0.03571428571428571,0.006329113924050633,query_1,['KEGG:00000']
KEGG,KEGG:04114,Oocyte meiosis,1.0,False,Oocyte meiosis,137,28,1,8716,0.03571428571428571,0.0072992700729927005,query_1,['KEGG:00000']
KEGG,KEGG:04144,Endocytosis,1.0,False,Endocytosis,248,28,2,8716,0.07142857142857142,0.008064516129032258,query_1,['KEGG:00000']
KEGG,KEGG:04145,Phagosome,1.0,False,Phagosome,149,28,2,8716,0.07142857142857142,0.013422818791946308,query_1,['KEGG:00000']
KEGG,KEGG:04148,Efferocytosis,1.0,False,Efferocytosis,157,28,1,8716,0.03571428571428571,0.006369426751592357,query_1,['KEGG:00000']
KEGG,KEGG:04150,mTOR signaling pathway,1.0,False,mTOR signaling pathway,156,28,1,8716,0.03571428571428571,0.00641025641025641,query_1,['KEGG:00000']
KEGG,KEGG:04151,PI3K-Akt signaling pathway,1.0,False,PI3K-Akt signaling pathway,358,28,1,8716,0.03571428571428571,0.002793296089385475,query_1,['KEGG:00000']
KEGG,KEGG:04218,Cellular senescence,1.0,False,Cellular senescence,156,28,1,8716,0.03571428571428571,0.00641025641025641,query_1,['KEGG:00000']
KEGG,KEGG:04310,Wnt signaling pathway,1.0,False,Wnt signaling pathway,178,28,3,8716,0.10714285714285714,0.016853932584269662,query_1,['KEGG:00000']
KEGG,KEGG:04360,Axon guidance,1.0,False,Axon guidance,183,28,1,8716,0.03571428571428571,0.00546448087431694,query_1,['KEGG:00000']
KEGG,KEGG:04020,Calcium signaling pathway,1.0,False,Calcium signaling pathway,251,28,1,8716,0.03571428571428571,0.00398406374501992,query_1,['KEGG:00000']
KEGG,KEGG:04370,VEGF signaling pathway,1.0,False,VEGF signaling pathway,60,28,2,8716,0.07142857142857142,0.03333333333333333,query_1,['KEGG:00000']
KEGG,KEGG:00860,Porphyrin metabolism,1.0,False,Porphyrin metabolism,46,28,1,8716,0.03571428571428571,0.021739130434782608,query_1,['KEGG:00000']
KEGG,KEGG:00980,Metabolism of xenobiotics by cytochrome P450,1.0,False,Metabolism of xenobiotics by cytochrome P450,75,28,1,8716,0.03571428571428571,0.013333333333333334,query_1,['KEGG:00000']
KEGG,KEGG:00982,Drug metabolism - cytochrome P450,1.0,False,Drug metabolism - cytochrome P450,69,28,1,8716,0.03571428571428571,0.014492753623188406,query_1,['KEGG:00000']
KEGG,KEGG:00983,Drug metabolism - other enzymes,1.0,False,Drug metabolism - other enzymes,80,28,1,8716,0.03571428571428571,0.0125,query_1,['KEGG:00000']
KEGG,KEGG:01100,Metabolic pathways,1.0,False,Metabolic pathways,1564,28,8,8716,0.2857142857142857,0.005115089514066497,query_1,['KEGG:00000']
KEGG,KEGG:01200,Carbon metabolism,1.0,False,Carbon metabolism,116,28,1,8716,0.03571428571428571,0.008620689655172414,query_1,['KEGG:00000']
KEGG,KEGG:01210,2-Oxocarboxylic acid metabolism,1.0,False,2-Oxocarboxylic acid metabolism,33,28,1,8716,0.03571428571428571,0.030303030303030304,query_1,['KEGG:00000']
KEGG,KEGG:01230,Biosynthesis of amino acids,1.0,False,Biosynthesis of amino acids,74,28,1,8716,0.03571428571428571,0.013513513513513514,query_1,['KEGG:00000']
KEGG,KEGG:03015,mRNA surveillance pathway,1.0,False,mRNA surveillance pathway,102,28,1,8716,0.03571428571428571,0.00980392156862745,query_1,['KEGG:00000']
KEGG,KEGG:03018,RNA degradation,1.0,False,RNA degradation,78,28,1,8716,0.03571428571428571,0.01282051282051282,query_1,['KEGG:00000']
KEGG,KEGG:04380,Osteoclast differentiation,1.0,False,Osteoclast differentiation,133,28,1,8716,0.03571428571428571,0.007518796992481203,query_1,['KEGG:00000']
GO:BP,GO:2000648,positive regulation of stem cell proliferation,1.0,False,"""Any process that activates or increases the frequency, rate or extent of stem cell proliferation."" [GOC:dph]",55,54,1,20972,0.018518518518518517,0.01818181818181818,query_1,"['GO:0008284', 'GO:0072089', 'GO:0072091']"
GO:BP,GO:2000671,regulation of motor neuron apoptotic process,1.0,False,"""Any process that modulates the frequency, rate or extent of motor neuron apoptotic process."" [GOC:mtg_apoptosis, GOC:obol]",15,54,1,20972,0.018518518518518517,0.06666666666666667,query_1,"['GO:0043523', 'GO:0097049']"
GO:BP,GO:2000672,negative regulation of motor neuron apoptotic process,1.0,False,"""Any process that stops, prevents or reduces the frequency, rate or extent of motor neuron apoptotic process."" [GOC:mtg_apoptosis, GOC:obol]",11,54,1,20972,0.018518518518518517,0.09090909090909091,query_1,"['GO:0043524', 'GO:0097049', 'GO:2000671']"
GO:BP,GO:1904951,positive regulation of establishment of protein localization,1.0,False,"""Any process that activates or increases the frequency, rate or extent of establishment of protein localization."" [GO_REF:0000058, GOC:TermGenie, PMID:22761445]",282,54,1,20972,0.018518518518518517,0.0035460992907801418,query_1,"['GO:0045184', 'GO:0048518', 'GO:0070201']"
GO:BP,GO:1905039,carboxylic acid transmembrane transport,1.0,False,"""The process in which carboxylic acid is transported across a membrane."" [GO_REF:0000069, GOC:TermGenie, PMID:10869563]",152,54,1,20972,0.018518518518518517,0.006578947368421052,query_1,"['GO:0046942', 'GO:0055085']"
GO:BP,GO:1905330,regulation of morphogenesis of an epithelium,1.0,False,"""Any process that modulates the frequency, rate or extent of morphogenesis of an epithelium."" [GO_REF:0000058, GOC:bhm, GOC:TermGenie, PMID:25745997]",66,54,1,20972,0.018518518518518517,0.015151515151515152,query_1,"['GO:0002009', 'GO:0022603']"
GO:BP,GO:1905332,positive regulation of morphogenesis of an epithelium,1.0,False,"""Any process that activates or increases the frequency, rate or extent of morphogenesis of an epithelium."" [GO_REF:0000058, GOC:bhm, GOC:TermGenie, PMID:25745997]",37,54,1,20972,0.018518518518518517,0.02702702702702703,query_1,"['GO:0002009', 'GO:0051094', 'GO:1905330']"
GO:BP,GO:1905664,regulation of calcium ion import across plasma membrane,1.0,False,"""Any process that modulates the frequency, rate or extent of calcium ion import across plasma membrane."" [GO_REF:0000058, GOC:bhm, GOC:TermGenie, PMID:17640527]",13,54,1,20972,0.018518518518518517,0.07692307692307693,query_1,"['GO:0090279', 'GO:0098703', 'GO:1903169']"
GO:BP,GO:1905665,positive regulation of calcium ion import across plasma membrane,1.0,False,"""Any process that activates or increases the frequency, rate or extent of calcium ion import across plasma membrane."" [GO_REF:0000058, GOC:bhm, GOC:TermGenie, PMID:17640527]",10,54,1,20972,0.018518518518518517,0.1,query_1,"['GO:0090280', 'GO:0098703', 'GO:1904427', 'GO:1905664']"
GO:BP,GO:1903035,negative regulation of response to wounding,1.0,False,"""Any process that stops, prevents or reduces the frequency, rate or extent of response to wounding."" [GO_REF:0000058, GOC:kmv, GOC:TermGenie, PMID:19164535]",94,54,2,20972,0.037037037037037035,0.02127659574468085,query_1,"['GO:0009611', 'GO:0048585', 'GO:1903034']"
GO:BP,GO:1903036,positive regulation of response to wounding,1.0,False,"""Any process that activates or increases the frequency, rate or extent of response to wounding."" [GO_REF:0000058, GOC:kmv, GOC:TermGenie, PMID:19164535]",68,54,1,20972,0.018518518518518517,0.014705882352941176,query_1,"['GO:0009611', 'GO:0048584', 'GO:1903034']"
GO:BP,GO:1903044,protein localization to membrane raft,1.0,False,"""A process in which a protein is transported to, or maintained in, a location within a membrane raft."" [GO_REF:0000087, GOC:dl, GOC:TermGenie, PMID:19414744]",10,54,1,20972,0.018518518518518517,0.1,query_1,['GO:0072657']
GO:BP,GO:1903047,mitotic cell cycle process,1.0,False,"""A process that is part of the mitotic cell cycle."" [GO_REF:0000060, GOC:mtg_cell_cycle, GOC:TermGenie]",747,54,1,20972,0.018518518518518517,0.0013386880856760374,query_1,"['GO:0000278', 'GO:0022402']"
GO:BP,GO:1904894,positive regulation of receptor signaling pathway via STAT,1.0,False,"""Any process that activates or increases the frequency, rate or extent of receptor signaling pathway via STAT."" [GO_REF:0000058, GOC:rjd, GOC:TermGenie, PMID:24587195]",51,54,1,20972,0.018518518518518517,0.0196078431372549,query_1,"['GO:0009967', 'GO:0097696', 'GO:1904892']"
GO:BP,GO:1903169,regulation of calcium ion transmembrane transport,1.0,False,"""Any process that modulates the frequency, rate or extent of calcium ion transmembrane transport."" [GO_REF:0000058, GOC:BHF, GOC:rl, GOC:TermGenie, PMID:24125847]",144,54,2,20972,0.037037037037037035,0.013888888888888888,query_1,"['GO:0051924', 'GO:0070588', 'GO:1904062']"
GO:BP,GO:1903311,regulation of mRNA metabolic process,1.0,False,"""Any process that modulates the frequency, rate or extent of mRNA metabolic process."" [GO_REF:0000058, GOC:TermGenie, GOC:vw]",304,54,1,20972,0.018518518518518517,0.003289473684210526,query_1,"['GO:0016071', 'GO:0051252']"
GO:BP,GO:1903312,negative regulation of mRNA metabolic process,1.0,False,"""Any process that stops, prevents or reduces the frequency, rate or extent of mRNA metabolic process."" [GO_REF:0000058, GOC:TermGenie, GOC:vw]",102,54,1,20972,0.018518518518518517,0.00980392156862745,query_1,"['GO:0016071', 'GO:0051253', 'GO:1903311']"
GO:BP,GO:1903421,regulation of synaptic vesicle recycling,1.0,False,"""Any process that modulates the frequency, rate or extent of synaptic vesicle recycling."" [GO_REF:0000058, GOC:pad, GOC:PARL, GOC:TermGenie, PMID:22745285]",25,54,1,20972,0.018518518518518517,0.04,query_1,"['GO:0036465', 'GO:0051049']"
GO:BP,GO:1903423,positive regulation of synaptic vesicle recycling,1.0,False,"""Any process that activates or increases the frequency, rate or extent of synaptic vesicle recycling."" [GO_REF:0000058, GOC:pad, GOC:PARL, GOC:TermGenie, PMID:22745285]",7,54,1,20972,0.018518518518518517,0.14285714285714285,query_1,"['GO:0036465', 'GO:0051050', 'GO:1903421']"
GO:BP,GO:1903432,regulation of TORC1 signaling,1.0,False,"""Any process that modulates the frequency, rate or extent of TORC1 signaling."" [GO_REF:0000058, GOC:TermGenie]",99,54,1,20972,0.018518518518518517,0.010101010101010102,query_1,"['GO:0032006', 'GO:0038202']"
GO:BP,GO:1903530,regulation of secretion by cell,1.0,False,"""Any process that modulates the frequency, rate or extent of secretion by cell."" [GO_REF:0000058, GOC:pm, GOC:TermGenie, PMID:12130530]",556,54,1,20972,0.018518518518518517,0.0017985611510791368,query_1,"['GO:0032940', 'GO:0050794', 'GO:0051046']"
GO:BP,GO:1903532,positive regulation of secretion by cell,1.0,False,"""Any process that activates or increases the frequency, rate or extent of secretion by cell."" [GO_REF:0000058, GOC:pm, GOC:TermGenie, PMID:12130530]",290,54,1,20972,0.018518518518518517,0.0034482758620689655,query_1,"['GO:0032940', 'GO:0048522', 'GO:0051047', 'GO:1903530']"
GO:BP,GO:0048583,regulation of response to stimulus,1.0,False,"""Any process that modulates the frequency, rate or extent of a response to a stimulus. Response to stimulus is a change in state or activity of a cell or an organism (in terms of movement, secretion, enzyme production, gene expression, etc.) as a result of a stimulus."" [GOC:jid]",3993,54,15,20972,0.2777777777777778,0.003756574004507889,query_1,"['GO:0050789', 'GO:0050896']"
GO:BP,GO:1903540,establishment of protein localization to postsynaptic membrane,1.0,False,"""The directed movement of a protein to a specific location in a postsynaptic membrane."" [GO_REF:0000087, GOC:kmv, GOC:TermGenie, PMID:9753322]",14,54,1,20972,0.018518518518518517,0.07142857142857142,query_1,['GO:0090150']
GO:BP,GO:1903829,positive regulation of protein localization,1.0,False,"""Any process that activates or increases the frequency, rate or extent of a protein localization."" [GO_REF:0000058, GOC:TermGenie, GOC:vw]",433,54,1,20972,0.018518518518518517,0.0023094688221709007,query_1,"['GO:0008104', 'GO:0032880', 'GO:0048518']"
GO:BP,GO:1903170,negative regulation of calcium ion transmembrane transport,1.0,False,"""Any process that stops, prevents or reduces the frequency, rate or extent of calcium ion transmembrane transport."" [GO_REF:0000058, GOC:BHF, GOC:rl, GOC:TermGenie, PMID:24125847]",43,54,1,20972,0.018518518518518517,0.023255813953488372,query_1,"['GO:0051926', 'GO:0070588', 'GO:1903169', 'GO:1904063']"
GO:BP,GO:1904892,regulation of receptor signaling pathway via STAT,1.0,False,"""Any process that modulates the frequency, rate or extent of receptor signaling via STAT."" [GO_REF:0000058, GOC:rjd, GOC:TermGenie, PMID:24587195]",86,54,1,20972,0.018518518518518517,0.011627906976744186,query_1,"['GO:0009966', 'GO:0097696']"
GO:BP,GO:1904427,positive regulation of calcium ion transmembrane transport,1.0,False,"""Any process that activates or increases the frequency, rate or extent of calcium ion transmembrane transport."" [GO_REF:0000058, GOC:TermGenie, PMID:22910094]",55,54,2,20972,0.037037037037037035,0.03636363636363636,query_1,"['GO:0051928', 'GO:0070588', 'GO:1903169', 'GO:1904064']"
GO:BP,GO:1904262,negative regulation of TORC1 signaling,1.0,False,"""Any process that stops, prevents or reduces the frequency, rate or extent of TORC1 signaling."" [GO_REF:0000058, GOC:TermGenie, PMID:25366275]",50,54,1,20972,0.018518518518518517,0.02,query_1,"['GO:0032007', 'GO:0038202', 'GO:1903432']"
GO:BP,GO:2001013,epithelial cell proliferation involved in renal tubule morphogenesis,1.0,False,"""Any epithelial cell proliferation that is involved in renal tubule morphogenesis."" [GOC:obol]",5,54,1,20972,0.018518518518518517,0.2,query_1,"['GO:0050673', 'GO:0061333']"
GO:BP,GO:1905936,regulation of germ cell proliferation,1.0,False,"""Any process that modulates the frequency, rate or extent of germ cell proliferation."" [GO_REF:0000058, GOC:TermGenie, PMID:15342467]",6,54,1,20972,0.018518518518518517,0.16666666666666666,query_1,"['GO:0036093', 'GO:0042127', 'GO:0051239']"
GO:BP,GO:1905937,negative regulation of germ cell proliferation,1.0,False,"""Any process that stops, prevents or reduces the frequency, rate or extent of germ cell proliferation."" [GO_REF:0000058, GOC:TermGenie, PMID:15342467]",4,54,1,20972,0.018518518518518517,0.25,query_1,"['GO:0008285', 'GO:0036093', 'GO:0051241', 'GO:1905936']"
GO:BP,GO:1905949,negative regulation of calcium ion import across plasma membrane,1.0,False,"""Any process that stops, prevents or reduces the frequency, rate or extent of calcium ion import across plasma membrane."" [GO_REF:0000058, GOC:bhm, GOC:TermGenie, PMID:17640527]",5,54,1,20972,0.018518518518518517,0.2,query_1,"['GO:0090281', 'GO:0098703', 'GO:1903170', 'GO:1905664']"
GO:BP,GO:1905952,regulation of lipid localization,1.0,False,"""Any process that modulates the frequency, rate or extent of lipid localization."" [GO_REF:0000058, GOC:TermGenie, PMID:17564681]",153,54,1,20972,0.018518518518518517,0.006535947712418301,query_1,"['GO:0010876', 'GO:0032879']"
GO:BP,GO:1905953,negative regulation of lipid localization,1.0,False,"""Any process that stops, prevents or reduces the frequency, rate or extent of lipid localization."" [GO_REF:0000058, GOC:TermGenie, PMID:17564681]",45,54,1,20972,0.018518518518518517,0.022222222222222223,query_1,"['GO:0010876', 'GO:0048519', 'GO:1905952']"
GO:BP,GO:1990089,response to nerve growth factor,1.0,False,"""A process that results in a change in state or activity of a cell or an organism (in terms of movement, secretion, enzyme production, gene expression, etc.) as a result of a nerve growth factor stimulus."" [PMID:22399805]",47,54,1,20972,0.018518518518518517,0.02127659574468085,query_1,['GO:0070848']
GO:BP,GO:1990090,cellular response to nerve growth factor stimulus,1.0,False,"""A process that results in a change in state or activity of a cell (in terms of movement, secretion, enzyme production, gene expression, etc.) as a result of a nerve growth factor stimulus."" [PMID:22399805, Wikipedia:Nerve_growth_factor]",45,54,1,20972,0.018518518518518517,0.022222222222222223,query_1,"['GO:0071363', 'GO:1990089']"
GO:BP,GO:1990138,neuron projection extension,1.0,False,"""Long distance growth of a single neuron projection involved in cellular development. A neuron projection is a prolongation or process extending from a nerve cell, e.g. an axon or dendrite."" [GOC:BHF, GOC:rl, PMID:22790009]",169,54,1,20972,0.018518518518518517,0.005917159763313609,query_1,"['GO:0048588', 'GO:0048812', 'GO:0060560']"
GO:BP,GO:1990266,neutrophil migration,1.0,False,"""The movement of a neutrophil within or between different tissues and organs of the body."" [PMID:1826836]",106,54,1,20972,0.018518518518518517,0.009433962264150943,query_1,['GO:0097530']
GO:BP,GO:1990402,embryonic liver development,1.0,False,"""The process occurring during the embryonic phase whose specific outcome is the progression of the liver over time, from its formation to the mature structure."" [PMID:15918910]",2,54,1,20972,0.018518518518518517,0.5,query_1,['GO:0048568']
GO:BP,GO:1990542,mitochondrial transmembrane transport,1.0,False,"""The process in which a solute is transported from one side of a membrane to the other into, out of or within a mitochondrion."" [PMID:20533899]",25,54,1,20972,0.018518518518518517,0.04,query_1,"['GO:0006839', 'GO:0055085']"
GO:BP,GO:1990748,cellular detoxification,1.0,False,"""Any process carried out at the cellular level that reduces or removes the toxicity of a toxic substance. These may include transport of the toxic substance away from sensitive areas and to compartments or complexes whose purpose is sequestration of the toxic substance."" [GOC:vw]",121,54,2,20972,0.037037037037037035,0.01652892561983471,query_1,"['GO:0009987', 'GO:0097237', 'GO:0098754']"
GO:BP,GO:1990778,protein localization to cell periphery,1.0,False,"""A process in which a protein is transported to, or maintained in, the cell periphery."" [PMID:18216290]",355,54,3,20972,0.05555555555555555,0.008450704225352112,query_1,['GO:0008104']
GO:BP,GO:1990806,ligand-gated ion channel signaling pathway,1.0,False,"""The series of molecular signals initiated by activation of a ligand-gated ion channel on the surface of a cell. The pathway begins with binding of an extracellular ligand to a ligand-gated ion channel and ends with a molecular function that directly regulates a downstream cellular process, e.g. transcription."" [GOC:bhm, PMID:25869137]",44,54,1,20972,0.018518518518518517,0.022727272727272728,query_1,['GO:0007165']
GO:BP,GO:1990845,adaptive thermogenesis,1.0,False,"""The regulated production of heat in response to short term environmental changes, such as stress, diet or reduced temperature."" [PMID:17260010, PMID:20363363]",167,54,1,20972,0.018518518518518517,0.005988023952095809,query_1,['GO:0001659']
GO:BP,GO:1990928,response to amino acid starvation,1.0,False,"""Any process that results in a change in state or activity of a cell or an organism (in terms of movement, secretion, enzyme production, gene expression, etc.) as a result of deprivation of amino acids."" [PMID:7765311]",55,54,1,20972,0.018518518518518517,0.01818181818181818,query_1,['GO:0042594']
GO:BP,GO:1903859,regulation of dendrite extension,1.0,False,"""Any process that modulates the frequency, rate or extent of dendrite extension."" [GO_REF:0000058, GOC:pad, GOC:PARL, GOC:TermGenie, PMID:24898855]",24,54,1,20972,0.018518518518518517,0.041666666666666664,query_1,"['GO:0001558', 'GO:0022604', 'GO:0048638', 'GO:0097484']"
GO:BP,GO:1903861,positive regulation of dendrite extension,1.0,False,"""Any process that activates or increases the frequency, rate or extent of dendrite extension."" [GO_REF:0000058, GOC:pad, GOC:PARL, GOC:TermGenie, PMID:24898855]",21,54,1,20972,0.018518518518518517,0.047619047619047616,query_1,"['GO:0030307', 'GO:0048639', 'GO:0097484', 'GO:1903859']"
GO:BP,GO:1904018,positive regulation of vasculature development,1.0,False,"""Any process that activates or increases the frequency, rate or extent of vasculature development."" [GO_REF:0000058, GOC:TermGenie, PMID:21472453]",167,54,1,20972,0.018518518518518517,0.005988023952095809,query_1,"['GO:0001944', 'GO:0051094', 'GO:0051240', 'GO:1901342']"
GO:BP,GO:1904062,regulation of monoatomic cation transmembrane transport,1.0,False,"""Any process that modulates the frequency, rate or extent of cation transmembrane transport."" [GO_REF:0000058, GOC:TermGenie, PMID:15304482]",258,54,2,20972,0.037037037037037035,0.007751937984496124,query_1,"['GO:0034765', 'GO:0098655']"
GO:BP,GO:1904063,negative regulation of cation transmembrane transport,1.0,False,"""Any process that stops, prevents or reduces the frequency, rate or extent of cation transmembrane transport."" [GO_REF:0000058, GOC:TermGenie, PMID:15304482]",68,54,1,20972,0.018518518518518517,0.014705882352941176,query_1,"['GO:0034766', 'GO:0098655', 'GO:1904062']"
GO:BP,GO:1904064,positive regulation of cation transmembrane transport,1.0,False,"""Any process that activates or increases the frequency, rate or extent of cation transmembrane transport."" [GO_REF:0000058, GOC:TermGenie, PMID:15304482]",117,54,2,20972,0.037037037037037035,0.017094017094017096,query_1,"['GO:0034767', 'GO:0098655', 'GO:1904062']"
KEGG,KEGG:04081,Hormone signaling,1.0,False,Hormone signaling,217,28,1,8716,0.03571428571428571,0.004608294930875576,query_1,['KEGG:00000']
KEGG,KEGG:04080,Neuroactive ligand-receptor interaction,1.0,False,Neuroactive ligand-receptor interaction,367,28,1,8716,0.03571428571428571,0.0027247956403269754,query_1,['KEGG:00000']
KEGG,KEGG:04072,Phospholipase D signaling pathway,1.0,False,Phospholipase D signaling pathway,148,28,1,8716,0.03571428571428571,0.006756756756756757,query_1,['KEGG:00000']
KEGG,KEGG:04060,Cytokine-cytokine receptor interaction,1.0,False,Cytokine-cytokine receptor interaction,291,28,1,8716,0.03571428571428571,0.003436426116838488,query_1,['KEGG:00000']
REAC,REAC:R-HSA-9646399,Aggrephagy,1.0,False,Aggrephagy,44,39,1,11056,0.02564102564102564,0.022727272727272728,query_1,['REAC:R-HSA-9663891']
REAC,REAC:R-HSA-9639288,Amino acids regulate mTORC1,1.0,False,Amino acids regulate mTORC1,55,39,1,11056,0.02564102564102564,0.01818181818181818,query_1,['REAC:R-HSA-9711097']
REAC,REAC:R-HSA-141444,Amplification  of signal from unattached  kinetochores via a MAD2  inhibitory signal,1.0,False,Amplification  of signal from unattached  kinetochores via a MAD2  inhibitory signal,92,39,1,11056,0.02564102564102564,0.010869565217391304,query_1,['REAC:R-HSA-141424']
REAC,REAC:R-HSA-141424,Amplification of signal from the kinetochores,1.0,False,Amplification of signal from the kinetochores,92,39,1,11056,0.02564102564102564,0.010869565217391304,query_1,['REAC:R-HSA-69618']
REAC,REAC:R-HSA-5620912,Anchoring of the basal body to the plasma membrane,1.0,False,Anchoring of the basal body to the plasma membrane,96,39,1,11056,0.02564102564102564,0.010416666666666666,query_1,['REAC:R-HSA-5617833']
REAC,REAC:R-HSA-1236975,Antigen processing-Cross presentation,1.0,False,Antigen processing-Cross presentation,105,39,1,11056,0.02564102564102564,0.009523809523809525,query_1,['REAC:R-HSA-983169']
REAC,REAC:R-HSA-109581,Apoptosis,1.0,False,Apoptosis,176,39,2,11056,0.05128205128205128,0.011363636363636364,query_1,['REAC:R-HSA-5357801']
REAC,REAC:R-HSA-111465,Apoptotic cleavage of cellular proteins,1.0,False,Apoptotic cleavage of cellular proteins,37,39,1,11056,0.02564102564102564,0.02702702702702703,query_1,['REAC:R-HSA-75153']
REAC,REAC:R-HSA-75153,Apoptotic execution phase,1.0,False,Apoptotic execution phase,51,39,1,11056,0.02564102564102564,0.0196078431372549,query_1,['REAC:R-HSA-109581']
REAC,REAC:R-HSA-446203,Asparagine N-linked glycosylation,1.0,False,Asparagine N-linked glycosylation,307,39,2,11056,0.05128205128205128,0.006514657980456026,query_1,['REAC:R-HSA-597592']
REAC,REAC:R-HSA-1428517,Aerobic respiration and respiratory electron transport,1.0,False,Aerobic respiration and respiratory electron transport,253,39,4,11056,0.10256410256410256,0.015810276679841896,query_1,['REAC:R-HSA-1430728']
REAC,REAC:R-HSA-9749641,Aspirin ADME,1.0,False,Aspirin ADME,43,39,1,11056,0.02564102564102564,0.023255813953488372,query_1,['REAC:R-HSA-9748784']
REAC,REAC:R-HSA-422475,Axon guidance,1.0,False,Axon guidance,543,39,1,11056,0.02564102564102564,0.001841620626151013,query_1,['REAC:R-HSA-9675108']
KEGG,KEGG:05204,Chemical carcinogenesis - DNA adducts,1.0,False,Chemical carcinogenesis - DNA adducts,68,28,1,8716,0.03571428571428571,0.014705882352941176,query_1,['KEGG:00000']
KEGG,KEGG:05205,Proteoglycans in cancer,1.0,False,Proteoglycans in cancer,204,28,1,8716,0.03571428571428571,0.004901960784313725,query_1,['KEGG:00000']
KEGG,KEGG:05207,Chemical carcinogenesis - receptor activation,1.0,False,Chemical carcinogenesis - receptor activation,216,28,1,8716,0.03571428571428571,0.004629629629629629,query_1,['KEGG:00000']
KEGG,KEGG:05222,Small cell lung cancer,1.0,False,Small cell lung cancer,93,28,1,8716,0.03571428571428571,0.010752688172043012,query_1,['KEGG:00000']
KEGG,KEGG:05235,PD-L1 expression and PD-1 checkpoint pathway in cancer,1.0,False,PD-L1 expression and PD-1 checkpoint pathway in cancer,90,28,1,8716,0.03571428571428571,0.011111111111111112,query_1,['KEGG:00000']
KEGG,KEGG:05322,Systemic lupus erythematosus,1.0,False,Systemic lupus erythematosus,136,28,1,8716,0.03571428571428571,0.007352941176470588,query_1,['KEGG:00000']
KEGG,KEGG:05410,Hypertrophic cardiomyopathy,1.0,False,Hypertrophic cardiomyopathy,99,28,1,8716,0.03571428571428571,0.010101010101010102,query_1,['KEGG:00000']
KEGG,KEGG:05412,Arrhythmogenic right ventricular cardiomyopathy,1.0,False,Arrhythmogenic right ventricular cardiomyopathy,86,28,1,8716,0.03571428571428571,0.011627906976744186,query_1,['KEGG:00000']
KEGG,KEGG:05414,Dilated cardiomyopathy,1.0,False,Dilated cardiomyopathy,104,28,1,8716,0.03571428571428571,0.009615384615384616,query_1,['KEGG:00000']
REAC,REAC:R-HSA-9612973,Autophagy,1.0,False,Autophagy,156,39,1,11056,0.02564102564102564,0.00641025641025641,query_1,['REAC:0000000']
REAC,REAC:R-HSA-9843745,Adipogenesis,1.0,False,Adipogenesis,108,39,1,11056,0.02564102564102564,0.009259259259259259,query_1,['REAC:R-HSA-1266738']
REAC,REAC:R-HSA-1280218,Adaptive Immune System,1.0,False,Adaptive Immune System,810,39,3,11056,0.07692307692307693,0.003703703703703704,query_1,['REAC:R-HSA-168256']
REAC,REAC:R-HSA-5617833,Cilium Assembly,1.0,False,Cilium Assembly,200,39,1,11056,0.02564102564102564,0.005,query_1,['REAC:R-HSA-1852241']
REAC,REAC:R-HSA-9865881,Complex III assembly,1.0,False,Complex III assembly,23,39,2,11056,0.05128205128205128,0.08695652173913043,query_1,['REAC:R-HSA-611105']
REAC,REAC:R-HSA-166786,Creation of C4 and C2 activators,1.0,False,Creation of C4 and C2 activators,68,39,1,11056,0.02564102564102564,0.014705882352941176,query_1,['REAC:R-HSA-166663']
REAC,REAC:R-HSA-1236973,Cross-presentation of particulate exogenous antigens (phagosomes),1.0,False,Cross-presentation of particulate exogenous antigens (phagosomes),8,39,1,11056,0.02564102564102564,0.125,query_1,['REAC:R-HSA-1236975']
REAC,REAC:R-HSA-1280215,Cytokine Signaling in Immune system,1.0,False,Cytokine Signaling in Immune system,780,39,2,11056,0.05128205128205128,0.002564102564102564,query_1,['REAC:R-HSA-168256']
REAC,REAC:R-HSA-180024,DARPP-32 events,1.0,False,DARPP-32 events,23,39,1,11056,0.02564102564102564,0.043478260869565216,query_1,['REAC:R-HSA-111885']
REAC,REAC:R-HSA-9672391,Defective F8 cleavage by thrombin,1.0,False,Defective F8 cleavage by thrombin,3,39,1,11056,0.02564102564102564,0.3333333333333333,query_1,['REAC:R-HSA-9662001']
REAC,REAC:R-HSA-5579002,Defective UGT1A1 causes hyperbilirubinemia,1.0,False,Defective UGT1A1 causes hyperbilirubinemia,1,39,1,11056,0.02564102564102564,1.0,query_1,['REAC:R-HSA-5579029']
REAC,REAC:R-HSA-9662001,Defective factor VIII causes hemophilia A,1.0,False,Defective factor VIII causes hemophilia A,7,39,1,11056,0.02564102564102564,0.14285714285714285,query_1,['REAC:R-HSA-9651496']
REAC,REAC:R-HSA-211859,Biological oxidations,1.0,False,Biological oxidations,215,39,2,11056,0.05128205128205128,0.009302325581395349,query_1,['REAC:R-HSA-1430728']
REAC,REAC:R-HSA-6811436,COPI-independent Golgi-to-ER retrograde traffic,1.0,False,COPI-independent Golgi-to-ER retrograde traffic,53,39,1,11056,0.02564102564102564,0.018867924528301886,query_1,['REAC:R-HSA-8856688']
REAC,REAC:R-HSA-6807878,COPI-mediated anterograde transport,1.0,False,COPI-mediated anterograde transport,102,39,1,11056,0.02564102564102564,0.00980392156862745,query_1,['REAC:R-HSA-199977']
REAC,REAC:R-HSA-200425,Carnitine shuttle,1.0,False,Carnitine shuttle,14,39,1,11056,0.02564102564102564,0.07142857142857142,query_1,['REAC:R-HSA-8978868']
REAC,REAC:R-HSA-264870,Caspase-mediated cleavage of cytoskeletal proteins,1.0,False,Caspase-mediated cleavage of cytoskeletal proteins,12,39,1,11056,0.02564102564102564,0.08333333333333333,query_1,['REAC:R-HSA-111465']
REAC,REAC:R-HSA-1640170,Cell Cycle,1.0,False,Cell Cycle,680,39,2,11056,0.05128205128205128,0.0029411764705882353,query_1,['REAC:0000000']
REAC,REAC:R-HSA-69620,Cell Cycle Checkpoints,1.0,False,Cell Cycle Checkpoints,289,39,1,11056,0.02564102564102564,0.0034602076124567475,query_1,['REAC:R-HSA-1640170']
REAC,REAC:R-HSA-69278,"Cell Cycle, Mitotic",1.0,False,"Cell Cycle, Mitotic",549,39,2,11056,0.05128205128205128,0.0036429872495446266,query_1,['REAC:R-HSA-1640170']
REAC,REAC:R-HSA-202733,Cell surface interactions at the vascular wall,1.0,False,Cell surface interactions at the vascular wall,192,39,2,11056,0.05128205128205128,0.010416666666666666,query_1,['REAC:R-HSA-109582']
REAC,REAC:R-HSA-2559583,Cellular Senescence,1.0,False,Cellular Senescence,194,39,1,11056,0.02564102564102564,0.005154639175257732,query_1,['REAC:R-HSA-2262752']
REAC,REAC:R-HSA-9711123,Cellular response to chemical stress,1.0,False,Cellular response to chemical stress,206,39,1,11056,0.02564102564102564,0.0048543689320388345,query_1,['REAC:R-HSA-2262752']
REAC,REAC:R-HSA-9711097,Cellular response to starvation,1.0,False,Cellular response to starvation,157,39,1,11056,0.02564102564102564,0.006369426751592357,query_1,['REAC:R-HSA-2262752']
REAC,REAC:R-HSA-8953897,Cellular responses to stimuli,1.0,False,Cellular responses to stimuli,806,39,4,11056,0.10256410256410256,0.004962779156327543,query_1,['REAC:0000000']
REAC,REAC:R-HSA-2262752,Cellular responses to stress,1.0,False,Cellular responses to stress,792,39,4,11056,0.10256410256410256,0.005050505050505051,query_1,['REAC:R-HSA-8953897']
REAC,REAC:R-HSA-380287,Centrosome maturation,1.0,False,Centrosome maturation,80,39,1,11056,0.02564102564102564,0.0125,query_1,['REAC:R-HSA-69275']
KEGG,KEGG:05417,Lipid and atherosclerosis,1.0,False,Lipid and atherosclerosis,215,28,1,8716,0.03571428571428571,0.004651162790697674,query_1,['KEGG:00000']
REAC,REAC:R-HSA-140875,Common Pathway of Fibrin Clot Formation,1.0,False,Common Pathway of Fibrin Clot Formation,22,39,1,11056,0.02564102564102564,0.045454545454545456,query_1,['REAC:R-HSA-140877']
KEGG,KEGG:05418,Fluid shear stress and atherosclerosis,1.0,False,Fluid shear stress and atherosclerosis,141,28,1,8716,0.03571428571428571,0.0070921985815602835,query_1,['KEGG:00000']
REAC,REAC:R-HSA-111447,Activation of BAD and translocation to mitochondria ,1.0,False,Activation of BAD and translocation to mitochondria ,15,39,1,11056,0.02564102564102564,0.06666666666666667,query_1,['REAC:R-HSA-114452']
KEGG,KEGG:04924,Renin secretion,1.0,False,Renin secretion,68,28,1,8716,0.03571428571428571,0.014705882352941176,query_1,['KEGG:00000']
KEGG,KEGG:04962,Vasopressin-regulated water reabsorption,1.0,False,Vasopressin-regulated water reabsorption,44,28,1,8716,0.03571428571428571,0.022727272727272728,query_1,['KEGG:00000']
KEGG,KEGG:04972,Pancreatic secretion,1.0,False,Pancreatic secretion,102,28,1,8716,0.03571428571428571,0.00980392156862745,query_1,['KEGG:00000']
KEGG,KEGG:04974,Protein digestion and absorption,1.0,False,Protein digestion and absorption,103,28,1,8716,0.03571428571428571,0.009708737864077669,query_1,['KEGG:00000']
KEGG,KEGG:04976,Bile secretion,1.0,False,Bile secretion,90,28,1,8716,0.03571428571428571,0.011111111111111112,query_1,['KEGG:00000']
KEGG,KEGG:05010,Alzheimer disease,1.0,False,Alzheimer disease,386,28,2,8716,0.07142857142857142,0.0051813471502590676,query_1,['KEGG:00000']
KEGG,KEGG:05014,Amyotrophic lateral sclerosis,1.0,False,Amyotrophic lateral sclerosis,366,28,1,8716,0.03571428571428571,0.00273224043715847,query_1,['KEGG:00000']
KEGG,KEGG:04510,Focal adhesion,1.0,False,Focal adhesion,202,28,1,8716,0.03571428571428571,0.0049504950495049506,query_1,['KEGG:00000']
KEGG,KEGG:04512,ECM-receptor interaction,1.0,False,ECM-receptor interaction,89,28,1,8716,0.03571428571428571,0.011235955056179775,query_1,['KEGG:00000']
KEGG,KEGG:04514,Cell adhesion molecule (CAM) interaction,1.0,False,Cell adhesion molecule (CAM) interaction,155,28,1,8716,0.03571428571428571,0.0064516129032258064,query_1,['KEGG:00000']
KEGG,KEGG:04922,Glucagon signaling pathway,1.0,False,Glucagon signaling pathway,107,28,1,8716,0.03571428571428571,0.009345794392523364,query_1,['KEGG:00000']
KEGG,KEGG:04517,IgSF CAM signaling,1.0,False,IgSF CAM signaling,297,28,1,8716,0.03571428571428571,0.003367003367003367,query_1,['KEGG:00000']
KEGG,KEGG:04611,Platelet activation,1.0,False,Platelet activation,125,28,1,8716,0.03571428571428571,0.008,query_1,['KEGG:00000']
KEGG,KEGG:04625,C-type lectin receptor signaling pathway,1.0,False,C-type lectin receptor signaling pathway,105,28,2,8716,0.07142857142857142,0.01904761904761905,query_1,['KEGG:00000']
KEGG,KEGG:04630,JAK-STAT signaling pathway,1.0,False,JAK-STAT signaling pathway,163,28,1,8716,0.03571428571428571,0.006134969325153374,query_1,['KEGG:00000']
KEGG,KEGG:04650,Natural killer cell mediated cytotoxicity,1.0,False,Natural killer cell mediated cytotoxicity,125,28,2,8716,0.07142857142857142,0.016,query_1,['KEGG:00000']
KEGG,KEGG:04658,Th1 and Th2 cell differentiation,1.0,False,Th1 and Th2 cell differentiation,90,28,1,8716,0.03571428571428571,0.011111111111111112,query_1,['KEGG:00000']
KEGG,KEGG:04659,Th17 cell differentiation,1.0,False,Th17 cell differentiation,106,28,1,8716,0.03571428571428571,0.009433962264150943,query_1,['KEGG:00000']
KEGG,KEGG:04660,T cell receptor signaling pathway,1.0,False,T cell receptor signaling pathway,120,28,1,8716,0.03571428571428571,0.008333333333333333,query_1,['KEGG:00000']
KEGG,KEGG:04662,B cell receptor signaling pathway,1.0,False,B cell receptor signaling pathway,82,28,1,8716,0.03571428571428571,0.012195121951219513,query_1,['KEGG:00000']
KEGG,KEGG:04714,Thermogenesis,1.0,False,Thermogenesis,234,28,1,8716,0.03571428571428571,0.004273504273504274,query_1,['KEGG:00000']
KEGG,KEGG:04720,Long-term potentiation,1.0,False,Long-term potentiation,67,28,1,8716,0.03571428571428571,0.014925373134328358,query_1,['KEGG:00000']
KEGG,KEGG:04518,Integrin signaling,1.0,False,Integrin signaling,154,28,1,8716,0.03571428571428571,0.006493506493506494,query_1,['KEGG:00000']
KEGG,KEGG:04921,Oxytocin signaling pathway,1.0,False,Oxytocin signaling pathway,154,28,1,8716,0.03571428571428571,0.006493506493506494,query_1,['KEGG:00000']
KEGG,KEGG:04919,Thyroid hormone signaling pathway,1.0,False,Thyroid hormone signaling pathway,122,28,1,8716,0.03571428571428571,0.00819672131147541,query_1,['KEGG:00000']
KEGG,KEGG:04820,Cytoskeleton in muscle cells,1.0,False,Cytoskeleton in muscle cells,233,28,1,8716,0.03571428571428571,0.004291845493562232,query_1,['KEGG:00000']
REAC,REAC:R-HSA-114452,Activation of BH3-only proteins,1.0,False,Activation of BH3-only proteins,30,39,1,11056,0.02564102564102564,0.03333333333333333,query_1,['REAC:R-HSA-109606']
REAC,REAC:R-HSA-5619507,Activation of HOX genes during differentiation,1.0,False,Activation of HOX genes during differentiation,120,39,1,11056,0.02564102564102564,0.008333333333333333,query_1,['REAC:R-HSA-1266738']
REAC,REAC:R-HSA-5617472,Activation of anterior HOX genes in hindbrain development during early embryogenesis,1.0,False,Activation of anterior HOX genes in hindbrain development during early embryogenesis,120,39,1,11056,0.02564102564102564,0.008333333333333333,query_1,['REAC:R-HSA-5619507']
KEGG,KEGG:05020,Prion disease,1.0,False,Prion disease,274,28,2,8716,0.07142857142857142,0.0072992700729927005,query_1,['KEGG:00000']
KEGG,KEGG:05022,Pathways of neurodegeneration - multiple diseases,1.0,False,Pathways of neurodegeneration - multiple diseases,477,28,2,8716,0.07142857142857142,0.0041928721174004195,query_1,['KEGG:00000']
KEGG,KEGG:05031,Amphetamine addiction,1.0,False,Amphetamine addiction,69,28,1,8716,0.03571428571428571,0.014492753623188406,query_1,['KEGG:00000']
KEGG,KEGG:05130,Pathogenic Escherichia coli infection,1.0,False,Pathogenic Escherichia coli infection,198,28,2,8716,0.07142857142857142,0.010101010101010102,query_1,['KEGG:00000']
KEGG,KEGG:05132,Salmonella infection,1.0,False,Salmonella infection,247,28,1,8716,0.03571428571428571,0.004048582995951417,query_1,['KEGG:00000']
KEGG,KEGG:05146,Amoebiasis,1.0,False,Amoebiasis,102,28,1,8716,0.03571428571428571,0.00980392156862745,query_1,['KEGG:00000']
KEGG,KEGG:05152,Tuberculosis,1.0,False,Tuberculosis,176,28,1,8716,0.03571428571428571,0.005681818181818182,query_1,['KEGG:00000']
KEGG,KEGG:05161,Hepatitis B,1.0,False,Hepatitis B,163,28,1,8716,0.03571428571428571,0.006134969325153374,query_1,['KEGG:00000']
KEGG,KEGG:05163,Human cytomegalovirus infection,1.0,False,Human cytomegalovirus infection,225,28,2,8716,0.07142857142857142,0.008888888888888889,query_1,['KEGG:00000']
KEGG,KEGG:05165,Human papillomavirus infection,1.0,False,Human papillomavirus infection,331,28,1,8716,0.03571428571428571,0.0030211480362537764,query_1,['KEGG:00000']
KEGG,KEGG:05166,Human T-cell leukemia virus 1 infection,1.0,False,Human T-cell leukemia virus 1 infection,220,28,2,8716,0.07142857142857142,0.00909090909090909,query_1,['KEGG:00000']
KEGG,KEGG:05167,Kaposi sarcoma-associated herpesvirus infection,1.0,False,Kaposi sarcoma-associated herpesvirus infection,195,28,1,8716,0.03571428571428571,0.005128205128205128,query_1,['KEGG:00000']
KEGG,KEGG:05170,Human immunodeficiency virus 1 infection,1.0,False,Human immunodeficiency virus 1 infection,212,28,1,8716,0.03571428571428571,0.0047169811320754715,query_1,['KEGG:00000']
KEGG,KEGG:05171,Coronavirus disease - COVID-19,1.0,False,Coronavirus disease - COVID-19,234,28,2,8716,0.07142857142857142,0.008547008547008548,query_1,['KEGG:00000']
KEGG,KEGG:05200,Pathways in cancer,1.0,False,Pathways in cancer,530,28,2,8716,0.07142857142857142,0.0037735849056603774,query_1,['KEGG:00000']
KEGG,KEGG:05203,Viral carcinogenesis,1.0,False,Viral carcinogenesis,202,28,1,8716,0.03571428571428571,0.0049504950495049506,query_1,['KEGG:00000']
KEGG,KEGG:04724,Glutamatergic synapse,1.0,False,Glutamatergic synapse,116,28,1,8716,0.03571428571428571,0.008620689655172414,query_1,['KEGG:00000']
KEGG,KEGG:04728,Dopaminergic synapse,1.0,False,Dopaminergic synapse,132,28,1,8716,0.03571428571428571,0.007575757575757576,query_1,['KEGG:00000']
KEGG,KEGG:04810,Regulation of actin cytoskeleton,1.0,False,Regulation of actin cytoskeleton,229,28,3,8716,0.10714285714285714,0.013100436681222707,query_1,['KEGG:00000']
KEGG,KEGG:04814,Motor proteins,1.0,False,Motor proteins,194,28,1,8716,0.03571428571428571,0.005154639175257732,query_1,['KEGG:00000']
REAC,REAC:R-HSA-8854518,AURKA Activation by TPX2,1.0,False,AURKA Activation by TPX2,71,39,1,11056,0.02564102564102564,0.014084507042253521,query_1,['REAC:R-HSA-69275']
GO:BP,GO:0048584,positive regulation of response to stimulus,1.0,False,"""Any process that activates, maintains or increases the rate of a response to a stimulus. Response to stimulus is a change in state or activity of a cell or an organism (in terms of movement, secretion, enzyme production, gene expression, etc.) as a result of a stimulus."" [GOC:jid]",2320,54,9,20972,0.16666666666666666,0.003879310344827586,query_1,"['GO:0048518', 'GO:0048583', 'GO:0050896']"
GO:BP,GO:0048608,reproductive structure development,1.0,False,"""The reproductive developmental process whose specific outcome is the progression of somatic structures that will be used in the process of creating new individuals from one or more parents, from their formation to the mature structures."" [GOC:dph, GOC:isa_complete, GOC:jid]",302,54,2,20972,0.037037037037037035,0.006622516556291391,query_1,"['GO:0003006', 'GO:0048856', 'GO:0061458']"
GO:BP,GO:0048588,developmental cell growth,1.0,False,"""The growth of a cell, where growth contributes to the progression of the cell over time from one condition to another."" [GOC:go_curators, GOC:isa_complete]",221,54,1,20972,0.018518518518518517,0.004524886877828055,query_1,"['GO:0016049', 'GO:0048468', 'GO:0048589']"
GO:BP,GO:0008210,estrogen metabolic process,1.0,False,"""The chemical reactions and pathways involving estrogens, C18 steroid hormones that can stimulate the development of female sexual characteristics. Also found in plants."" [ISBN:0198506732]",40,54,1,20972,0.018518518518518517,0.025,query_1,"['GO:0008202', 'GO:0042445']"
GO:BP,GO:0008217,regulation of blood pressure,1.0,False,"""Any process that modulates the force with which blood travels through the circulatory system. The process is controlled by a balance of processes that increase pressure and decrease pressure."" [GOC:dph, GOC:mtg_cardio, ISBN:0721643949]",182,54,1,20972,0.018518518518518517,0.005494505494505495,query_1,"['GO:0008015', 'GO:0065008']"
GO:BP,GO:0008219,cell death,1.0,False,"""Any biological process that results in permanent cessation of all vital functions of a cell. A cell should be considered dead when any one of the following molecular or morphological criteria is met: (1) the cell has lost the integrity of its plasma membrane; (2) the cell, including its nucleus, has undergone complete fragmentation into discrete bodies (frequently referred to as apoptotic bodies). The cell corpse (or its fragments) may be engulfed by an adjacent cell in vivo, but engulfment of whole cells should not be considered a strict criteria to define cell death as, under some circumstances, live engulfed cells can be released from phagosomes (see PMID:18045538)."" [GOC:mah, GOC:mtg_apoptosis, PMID:25236395]",1962,54,6,20972,0.1111111111111111,0.0030581039755351682,query_1,['GO:0009987']
GO:BP,GO:0008228,opsonization,1.0,False,"""The process in which a microorganism (or other particulate material) is rendered more susceptible to phagocytosis by coating with an opsonin, a blood serum protein such as a complement component or antibody."" [GOC:add, GOC:mah, ISBN:0198506732, ISBN:068340007X, ISBN:0781735149]",17,54,1,20972,0.018518518518518517,0.058823529411764705,query_1,"['GO:0002252', 'GO:0006910']"
GO:BP,GO:0008277,regulation of G protein-coupled receptor signaling pathway,1.0,False,"""Any process that modulates the frequency, rate or extent of G protein-coupled receptor signaling pathway."" [GOC:go_curators]",154,54,1,20972,0.018518518518518517,0.006493506493506494,query_1,"['GO:0007186', 'GO:0009966']"
GO:BP,GO:0008283,cell population proliferation,1.0,False,"""The multiplication or reproduction of cells, resulting in the expansion of a cell population."" [GOC:mah, GOC:mb]",1961,54,9,20972,0.16666666666666666,0.004589495155532891,query_1,['GO:0009987']
GO:BP,GO:0008284,positive regulation of cell population proliferation,1.0,False,"""Any process that activates or increases the rate or extent of cell proliferation."" [GOC:go_curators]",923,54,4,20972,0.07407407407407407,0.004333694474539545,query_1,"['GO:0008283', 'GO:0042127', 'GO:0048522']"
GO:BP,GO:0008285,negative regulation of cell population proliferation,1.0,False,"""Any process that stops, prevents or reduces the rate or extent of cell proliferation."" [GOC:go_curators]",686,54,4,20972,0.07407407407407407,0.0058309037900874635,query_1,"['GO:0008283', 'GO:0042127', 'GO:0048523']"
GO:BP,GO:0008306,associative learning,1.0,False,"""Learning by associating a stimulus (the cause) with a particular outcome (the effect)."" [ISBN:0582227089]",87,54,1,20972,0.018518518518518517,0.011494252873563218,query_1,['GO:0007612']
GO:BP,GO:0008360,regulation of cell shape,1.0,False,"""Any process that modulates the surface configuration of a cell."" [GOC:dph, GOC:go_curators, GOC:tb]",137,54,1,20972,0.018518518518518517,0.0072992700729927005,query_1,"['GO:0022604', 'GO:0065008']"
GO:BP,GO:0008202,steroid metabolic process,1.0,False,"""The chemical reactions and pathways involving steroids, compounds with a 1,2,cyclopentanoperhydrophenanthrene nucleus."" [ISBN:0198547684]",323,54,1,20972,0.018518518518518517,0.0030959752321981426,query_1,['GO:0006629']
GO:BP,GO:0008366,axon ensheathment,1.0,False,"""Any process in which the axon of a neuron is insulated, and that insulation maintained, thereby preventing dispersion of the electrical signal."" [GOC:jl, ISBN:0878932437]",154,54,1,20972,0.018518518518518517,0.006493506493506494,query_1,['GO:0007272']
GO:BP,GO:0008406,gonad development,1.0,False,"""The process whose specific outcome is the progression of the gonad over time, from its formation to the mature structure. The gonad is an animal organ that produces gametes; in some species it also produces hormones."" [GOC:ems, ISBN:0198506732]",227,54,1,20972,0.018518518518518517,0.004405286343612335,query_1,"['GO:0045137', 'GO:0048513', 'GO:0048608']"
GO:BP,GO:0008542,visual learning,1.0,False,"""Any process in an organism in which a change in behavior of an individual occurs in response to repeated exposure to a visual cue."" [GOC:jid, ISBN:0582227089]",50,54,1,20972,0.018518518518518517,0.02,query_1,"['GO:0007632', 'GO:0008306']"
GO:BP,GO:0007600,sensory perception,1.0,False,"""The series of events required for an organism to receive a sensory stimulus, convert it to a molecular signal, and recognize and characterize the signal. This is a neurological process."" [GOC:ai, GOC:dph]",970,54,2,20972,0.037037037037037035,0.002061855670103093,query_1,['GO:0050877']
GO:BP,GO:0007601,visual perception,1.0,False,"""The series of events required for an organism to receive a visual stimulus, convert it to a molecular signal, and recognize and characterize the signal. Visual stimuli are detected in the form of photons and are processed to form an image."" [GOC:ai]",223,54,2,20972,0.037037037037037035,0.008968609865470852,query_1,['GO:0050953']
GO:BP,GO:0007610,behavior,1.0,False,"""The internally coordinated responses (actions or inactions) of animals (individuals or groups) to internal or external stimuli, via a mechanism that involves nervous system activity."" [GOC:ems, GOC:jl, ISBN:0395448956, PMID:20160973]",665,54,3,20972,0.05555555555555555,0.004511278195488722,query_1,['GO:0032501']
GO:BP,GO:0007611,learning or memory,1.0,False,"""The acquisition and processing of information and/or the storage and retrieval of this information over time."" [GOC:jid, PMID:8938125]",268,54,1,20972,0.018518518518518517,0.0037313432835820895,query_1,"['GO:0007610', 'GO:0050890']"
GO:BP,GO:0007612,learning,1.0,False,"""Any process in an organism in which a relatively long-lasting adaptive behavioral change occurs as the result of experience."" [ISBN:0582227089, ISBN:0721662544]",155,54,1,20972,0.018518518518518517,0.0064516129032258064,query_1,['GO:0007611']
GO:BP,GO:0007622,rhythmic behavior,1.0,False,"""The specific behavior of an organism that recur with measured regularity."" [GOC:jl, GOC:pr]",45,54,1,20972,0.018518518518518517,0.022222222222222223,query_1,['GO:0007610']
GO:BP,GO:0007623,circadian rhythm,1.0,False,"""Any biological process in an organism that recurs with a regularity of approximately 24 hours."" [GOC:bf, GOC:go_curators]",201,54,1,20972,0.018518518518518517,0.004975124378109453,query_1,['GO:0048511']
GO:BP,GO:0007626,locomotory behavior,1.0,False,"""The specific movement from place to place of an organism in response to external or internal stimuli. Locomotion of a whole organism in a manner dependent upon some combination of that organism's internal state and external conditions."" [GOC:dph]",216,54,1,20972,0.018518518518518517,0.004629629629629629,query_1,['GO:0007610']
GO:BP,GO:0008380,RNA splicing,1.0,False,"""The process of removing sections of the primary RNA transcript to remove sequences not present in the mature form of the RNA and joining the remaining sections to form the mature form of the RNA."" [GOC:krc, GOC:mah]",1839,54,1,20972,0.018518518518518517,0.000543773790103317,query_1,['GO:0006396']
GO:BP,GO:0007631,feeding behavior,1.0,False,"""Behavior associated with the intake of food."" [GOC:mah]",101,54,1,20972,0.018518518518518517,0.009900990099009901,query_1,['GO:0007610']
GO:BP,GO:0008152,metabolic process,1.0,False,"""A cellular process consisting of the biochemical pathways by which a living organism transforms chemical substances. This includes including anabolism (biosynthetic process) and catabolism (catabolic process). Metabolic processes includes the transformation of small molecules, as well  macromolecular processes such as DNA repair and replication, protein synthesis and degradation."" [GOC:go_curators, ISBN:0198547684]",14035,54,32,20972,0.5925925925925926,0.002280014250089063,query_1,['GO:0009987']
GO:BP,GO:0009410,response to xenobiotic stimulus,1.0,False,"""Any process that results in a change in state or activity of a cell or an organism (in terms of movement, secretion, enzyme production, gene expression, etc.) as a result of a stimulus from a xenobiotic, a compound foreign to the organism exposed to it. It may be synthesized by another organism (like ampicilin) or it can be a synthetic chemical."" [GOC:jl, GOC:krc]",396,54,2,20972,0.037037037037037035,0.005050505050505051,query_1,['GO:0042221']
GO:BP,GO:0009607,response to biotic stimulus,1.0,False,"""Any process that results in a change in state or activity of a cell or an organism (in terms of movement, secretion, enzyme production, gene expression, etc.) as a result of a biotic stimulus, a stimulus caused or produced by a living organism."" [GOC:hb]",1652,54,8,20972,0.14814814814814814,0.004842615012106538,query_1,['GO:0050896']
GO:BP,GO:0009611,response to wounding,1.0,False,"""Any process that results in a change in state or activity of a cell or an organism (in terms of movement, secretion, enzyme production, gene expression, etc.) as a result of a stimulus indicating damage to the organism."" [GOC:go_curators]",570,54,3,20972,0.05555555555555555,0.005263157894736842,query_1,['GO:0006950']
GO:BP,GO:0009612,response to mechanical stimulus,1.0,False,"""Any process that results in a change in state or activity of a cell or an organism (in terms of movement, secretion, enzyme production, gene expression, etc.) as a result of a mechanical stimulus."" [GOC:hb]",214,54,1,20972,0.018518518518518517,0.004672897196261682,query_1,"['GO:0009605', 'GO:0009628']"
GO:BP,GO:0009615,response to virus,1.0,False,"""Any process that results in a change in state or activity of a cell or an organism (in terms of movement, secretion, enzyme production, gene expression, etc.) as a result of a stimulus from a virus."" [GOC:hb]",416,54,1,20972,0.018518518518518517,0.002403846153846154,query_1,['GO:0051707']
GO:BP,GO:0009617,response to bacterium,1.0,False,"""Any process that results in a change in state or activity of a cell or an organism (in terms of movement, secretion, enzyme production, gene expression, etc.) as a result of a stimulus from a bacterium."" [GOC:hb]",719,54,3,20972,0.05555555555555555,0.004172461752433936,query_1,['GO:0051707']
GO:BP,GO:0009628,response to abiotic stimulus,1.0,False,"""Any process that results in a change in state or activity of a cell or an organism (in terms of movement, secretion, enzyme production, gene expression, etc.) as a result of an abiotic (not derived from living organisms) stimulus."" [GOC:hb]",1108,54,4,20972,0.07407407407407407,0.0036101083032490976,query_1,['GO:0050896']
GO:BP,GO:0009636,response to toxic substance,1.0,False,"""Any process that results in a change in state or activity of a cell or an organism (in terms of movement, secretion, enzyme production, gene expression, etc.) as a result of a toxic stimulus."" [GOC:lr]",240,54,2,20972,0.037037037037037035,0.008333333333333333,query_1,['GO:0042221']
GO:BP,GO:0009642,response to light intensity,1.0,False,"""Any process that results in a change in state or activity of a cell or an organism (in terms of movement, secretion, enzyme production, gene expression, etc.) as a result of a light intensity stimulus."" [GOC:go_curators]",19,54,1,20972,0.018518518518518517,0.05263157894736842,query_1,['GO:0009416']
GO:BP,GO:0008544,epidermis development,1.0,False,"""The process whose specific outcome is the progression of the epidermis over time, from its formation to the mature structure. The epidermis is the outer epithelial layer of an animal, it may be a single layer that produces an extracellular material (e.g. the cuticle of arthropods) or a complex stratified squamous epithelium, as in the case of many vertebrate species."" [GOC:go_curators, UBERON:0001003]",400,54,2,20972,0.037037037037037035,0.005,query_1,['GO:0009888']
GO:BP,GO:0008584,male gonad development,1.0,False,"""The process whose specific outcome is the progression of the male gonad over time, from its formation to the mature structure."" [GOC:jid]",141,54,1,20972,0.018518518518518517,0.0070921985815602835,query_1,"['GO:0008406', 'GO:0046546']"
GO:BP,GO:0009414,response to water deprivation,1.0,False,"""Any process that results in a change in state or activity of a cell or an organism (in terms of movement, secretion, enzyme production, gene expression, etc.) as a result of a water deprivation stimulus, prolonged deprivation of water."" [GOC:lr]",5,54,1,20972,0.018518518518518517,0.2,query_1,"['GO:0006950', 'GO:0009415']"
GO:BP,GO:0009056,catabolic process,1.0,False,"""A cellular process consisting of the biochemical pathways by which a living organism breaks down substances. This includes the breakdown of carbon compounds with the liberation of energy for use by the cell or organism."" [ISBN:0198547684]",2641,54,8,20972,0.14814814814814814,0.003029155622870125,query_1,['GO:0008152']
GO:BP,GO:0009058,biosynthetic process,1.0,False,"""A cellular process consisting of the biochemical pathways by which a living organism synthesizes chemical substances. This typically represents the energy-requiring part of metabolism in which simpler substances are transformed into more complex ones."" [GOC:curators, ISBN:0198547684]",10639,54,15,20972,0.2777777777777778,0.0014099069461415547,query_1,['GO:0008152']
GO:BP,GO:0009059,macromolecule biosynthetic process,1.0,False,"""The chemical reactions and pathways resulting in the formation of a macromolecule, any molecule of high relative molecular mass, the structure of which essentially comprises the multiple repetition of units derived, actually or conceptually, from molecules of low relative molecular mass."" [GOC:mah]",9605,54,14,20972,0.25925925925925924,0.0014575741801145237,query_1,"['GO:0009058', 'GO:0043170']"
GO:BP,GO:0009060,aerobic respiration,1.0,False,"""The enzymatic release of energy from inorganic and organic compounds (especially carbohydrates and fats) which requires oxygen as the terminal electron acceptor."" [GOC:das, GOC:jl, ISBN:0140513590]",292,54,2,20972,0.037037037037037035,0.00684931506849315,query_1,['GO:0045333']
GO:BP,GO:0009100,glycoprotein metabolic process,1.0,False,"""The chemical reactions and pathways involving glycoproteins, a protein that contains covalently bound glycose (i.e. monosaccharide) residues; the glycose occurs most commonly as oligosaccharide or fairly small polysaccharide but occasionally as monosaccharide."" [GOC:go_curators, ISBN:0198506732]",327,54,1,20972,0.018518518518518517,0.0030581039755351682,query_1,"['GO:0019538', 'GO:1901135']"
GO:BP,GO:0009101,glycoprotein biosynthetic process,1.0,False,"""The chemical reactions and pathways resulting in the formation of glycoproteins, a protein that contains covalently bound glycose (i.e. monosaccharide) residues; the glycose occurs most commonly as oligosaccharide or fairly small polysaccharide but occasionally as monosaccharide."" [PMID:35536965]",254,54,1,20972,0.018518518518518517,0.003937007874015748,query_1,"['GO:0009059', 'GO:0009100', 'GO:1901137']"
GO:BP,GO:0009225,nucleotide-sugar metabolic process,1.0,False,"""The cellular chemical reactions and pathways involving nucleotide-sugars, any nucleotide-carbohydrate in which the distal phosphoric residue of a nucleoside 5'-diphosphate is in glycosidic linkage with a monosaccharide or monosaccharide derivative."" [ISBN:0198506732]",41,54,1,20972,0.018518518518518517,0.024390243902439025,query_1,"['GO:0006753', 'GO:1901135']"
GO:BP,GO:0009226,nucleotide-sugar biosynthetic process,1.0,False,"""The chemical reactions and pathways resulting in the formation of nucleotide-sugars, any nucleotide-carbohydrate in which the distal phosphoric residue of a nucleoside 5'-diphosphate is in glycosidic linkage with a monosaccharide or monosaccharide derivative."" [ISBN:0198506732]",29,54,1,20972,0.018518518518518517,0.034482758620689655,query_1,"['GO:0009225', 'GO:1901137', 'GO:1901293']"
GO:BP,GO:0009267,cellular response to starvation,1.0,False,"""Any process that results in a change in state or activity of a cell (in terms of movement, secretion, enzyme production, gene expression, etc.) as a result of deprivation of nourishment."" [GOC:jl]",184,54,1,20972,0.018518518518518517,0.005434782608695652,query_1,"['GO:0031669', 'GO:0033554', 'GO:0042594']"
GO:BP,GO:0009306,protein secretion,1.0,False,"""The controlled release of proteins from a cell."" [GOC:ai]",364,54,1,20972,0.018518518518518517,0.0027472527472527475,query_1,"['GO:0015031', 'GO:0032940', 'GO:0035592', 'GO:0071692']"
GO:BP,GO:0009314,response to radiation,1.0,False,"""Any process that results in a change in state or activity of a cell or an organism (in terms of movement, secretion, enzyme production, gene expression, etc.) as a result of an electromagnetic radiation stimulus. Electromagnetic radiation is a propagating wave in space with electric and magnetic components. These components oscillate at right angles to each other and to the direction of propagation."" [GOC:jl, Wikipedia:Electromagnetic_radiation]",432,54,2,20972,0.037037037037037035,0.004629629629629629,query_1,['GO:0009628']
GO:BP,GO:0009057,macromolecule catabolic process,1.0,False,"""The chemical reactions and pathways resulting in the breakdown of a macromolecule, any molecule of high relative molecular mass, the structure of which essentially comprises the multiple repetition of units derived, actually or conceptually, from molecules of low relative molecular mass."" [GOC:mah]",1444,54,3,20972,0.05555555555555555,0.002077562326869806,query_1,"['GO:0009056', 'GO:0043170']"
GO:BP,GO:0007632,visual behavior,1.0,False,"""The behavior of an organism in response to a visual stimulus."" [GOC:jid, GOC:pr]",57,54,1,20972,0.018518518518518517,0.017543859649122806,query_1,"['GO:0007610', 'GO:0009416']"
GO:BP,GO:0008015,blood circulation,1.0,False,"""The flow of blood through the body of an animal, enabling the transport of nutrients to the tissues and the removal of waste products."" [GOC:mtg_heart, ISBN:0192800825]",511,54,1,20972,0.018518518518518517,0.0019569471624266144,query_1,['GO:0003013']
GO:BP,GO:0008033,tRNA processing,1.0,False,"""The process in which a pre-tRNA molecule is converted to a mature tRNA, ready for addition of an aminoacyl group."" [GOC:jl, PMID:12533506]",137,54,1,20972,0.018518518518518517,0.0072992700729927005,query_1,"['GO:0006396', 'GO:0006399']"
GO:BP,GO:0007275,multicellular organism development,1.0,False,"""The biological process whose specific outcome is the progression of a multicellular organism over time from an initial condition (e.g. a zygote or a young adult) to a later condition (e.g. a multicellular animal or an aged adult)."" [GOC:dph, GOC:ems, GOC:isa_complete, GOC:tb]",4690,54,20,20972,0.37037037037037035,0.0042643923240938165,query_1,"['GO:0032501', 'GO:0048856']"
GO:BP,GO:0007276,gamete generation,1.0,False,"""The generation and maintenance of gametes in a multicellular organism. A gamete is a haploid reproductive cell."" [GOC:ems, GOC:mtg_sensu]",839,54,4,20972,0.07407407407407407,0.004767580452920143,query_1,"['GO:0019953', 'GO:0048609']"
GO:BP,GO:0007281,germ cell development,1.0,False,"""The process whose specific outcome is the progression of an immature germ cell over time, from its formation to the mature structure (gamete). A germ cell is any reproductive cell in a multicellular organism."" [GOC:go_curators]",387,54,2,20972,0.037037037037037035,0.00516795865633075,query_1,"['GO:0003006', 'GO:0007276', 'GO:0022412', 'GO:0048468']"
GO:BP,GO:0007283,spermatogenesis,1.0,False,"""The developmental process by which male germ line stem cells self renew or give rise to successive cell types resulting in the development of a spermatozoa."" [GOC:jid, ISBN:9780878933846, PMID:28073824, PMID:30990821]",653,54,4,20972,0.07407407407407407,0.006125574272588055,query_1,"['GO:0003006', 'GO:0048232']"
GO:BP,GO:0007286,spermatid development,1.0,False,"""The process whose specific outcome is the progression of a spermatid over time, from its formation to the mature structure."" [GOC:dph, GOC:go_curators]",237,54,2,20972,0.037037037037037035,0.008438818565400843,query_1,"['GO:0007281', 'GO:0048515']"
GO:BP,GO:0007338,single fertilization,1.0,False,"""The union of male and female gametes to form a zygote."" [GOC:ems, GOC:mtg_sensu]",187,54,1,20972,0.018518518518518517,0.0053475935828877,query_1,['GO:0009566']
GO:BP,GO:0007340,acrosome reaction,1.0,False,"""The discharge, by sperm, of a single, anterior secretory granule following the sperm's attachment to the zona pellucida of the oocyte. The process begins with the fusion of the outer acrosomal membrane with the sperm plasma membrane and ends with the exocytosis of the acrosomal contents into the zona pellucida."" [GOC:dph, PMID:11175768, PMID:21042299, PMID:3886029]",40,54,1,20972,0.018518518518518517,0.025,query_1,"['GO:0007338', 'GO:0022414']"
GO:BP,GO:0007369,gastrulation,1.0,False,"""A complex and coordinated series of cellular movements that occurs at the end of cleavage during embryonic development of most animals. The details of gastrulation vary from species to species, but usually result in the formation of the three primary germ layers, ectoderm, mesoderm and endoderm."" [GOC:curators, ISBN:9780878933846]",195,54,2,20972,0.037037037037037035,0.010256410256410256,query_1,['GO:0048598']
GO:BP,GO:0007389,pattern specification process,1.0,False,"""Any developmental process that results in the creation of defined areas or spaces within an organism to which cells respond and eventually are instructed to differentiate."" [GOC:go_curators, GOC:isa_complete, ISBN:0521436125]",468,54,1,20972,0.018518518518518517,0.002136752136752137,query_1,"['GO:0007275', 'GO:0032501']"
GO:BP,GO:0007062,sister chromatid cohesion,1.0,False,"""The cell cycle process in which the sister chromatids of a replicated chromosome become tethered to each other."" [GOC:jh, GOC:mah, ISBN:0815316194]",60,54,1,20972,0.018518518518518517,0.016666666666666666,query_1,"['GO:0022402', 'GO:0051276']"
GO:BP,GO:0007272,ensheathment of neurons,1.0,False,"""The process in which glial cells envelop neuronal cell bodies and/or axons to form an insulating layer. This can take the form of myelinating or non-myelinating ensheathment."" [GOC:dgh, GOC:dph, GOC:tb]",154,54,1,20972,0.018518518518518517,0.006493506493506494,query_1,"['GO:0007399', 'GO:0009987']"
GO:BP,GO:0007064,mitotic sister chromatid cohesion,1.0,False,"""The cell cycle process in which the sister chromatids of a replicated chromosome are joined along the entire length of the chromosome, from their formation in S phase through metaphase during a mitotic cell cycle. This cohesion cycle is critical for high fidelity chromosome transmission."" [GOC:ai, GOC:rn, PMID:10827941, PMID:11389843, PMID:14623866]",31,54,1,20972,0.018518518518518517,0.03225806451612903,query_1,['GO:0007062']
GO:BP,GO:0007155,cell adhesion,1.0,False,"""The attachment of a cell, either to another cell or to an underlying substrate such as the extracellular matrix, via cell adhesion molecules."" [GOC:hb, GOC:pf]",1512,54,3,20972,0.05555555555555555,0.001984126984126984,query_1,['GO:0009987']
GO:BP,GO:0007157,heterophilic cell-cell adhesion,1.0,False,"""The attachment of an adhesion molecule in one cell to a nonidentical adhesion molecule in an adjacent cell."" [ISBN:0198506732]",48,54,1,20972,0.018518518518518517,0.020833333333333332,query_1,['GO:0098609']
GO:BP,GO:0007159,leukocyte cell-cell adhesion,1.0,False,"""The attachment of a leukocyte to another cell via adhesion molecules."" [GOC:go_curators]",413,54,1,20972,0.018518518518518517,0.002421307506053269,query_1,['GO:0098609']
GO:BP,GO:0007160,cell-matrix adhesion,1.0,False,"""The binding of a cell to the extracellular matrix via adhesion molecules."" [GOC:hb]",233,54,1,20972,0.018518518518518517,0.004291845493562232,query_1,['GO:0031589']
GO:BP,GO:0007165,signal transduction,1.0,False,"""The cellular process in which a signal is conveyed to trigger a change in the activity or state of a cell. Signal transduction begins with reception of a signal (e.g. a ligand binding to a receptor or receptor activation by a stimulus such as light), or for signal transduction in the absence of ligand, signal-withdrawal or the activity of a constitutively active receptor. Signal transduction ends with regulation of a downstream cellular process, e.g. regulation of transcription or regulation of a metabolic process. Signal transduction covers signaling from receptors located on the surface of the cell and signaling via molecules located within the cell. For signaling between cells, signal transduction is restricted to events at and within the receiving cell."" [GOC:go_curators, GOC:mtg_signaling_feb11]",6063,54,23,20972,0.42592592592592593,0.003793501566881082,query_1,"['GO:0007154', 'GO:0009987', 'GO:0023052', 'GO:0050794', 'GO:0051716']"
GO:BP,GO:0007166,cell surface receptor signaling pathway,1.0,False,"""The series of molecular signals initiated by an extracellular ligand binding to a receptor located on the cell surface. The pathway ends with regulation of a downstream cellular process, e.g. transcription."" [GOC:signaling]",2834,54,9,20972,0.16666666666666666,0.003175723359209598,query_1,['GO:0007165']
GO:BP,GO:0007167,enzyme-linked receptor protein signaling pathway,1.0,False,"""The series of molecular signals initiated by an extracellular ligand binding to a receptor on the surface of the target cell, where the receptor possesses catalytic activity or is closely associated with an enzyme such as a protein kinase, and ending with the regulation of a downstream cellular process, e.g. transcription."" [GOC:mah, GOC:signaling, ISBN:0815316194]",988,54,1,20972,0.018518518518518517,0.0010121457489878543,query_1,['GO:0007166']
GO:BP,GO:0007169,cell surface receptor protein tyrosine kinase signaling pathway,1.0,False,"""The series of molecular signals initiated by an extracellular ligand binding to a receptor on the surface of the target cell where the receptor possesses tyrosine kinase activity, and ending with the regulation of a downstream cellular process, e.g. transcription."" [GOC:ceb, GOC:signaling]",641,54,1,20972,0.018518518518518517,0.0015600624024961,query_1,['GO:0007167']
GO:BP,GO:0007186,G protein-coupled receptor signaling pathway,1.0,False,"""The series of molecular signals initiated by a ligand binding to its receptor, in which the activated receptor promotes the exchange of GDP for GTP on the alpha-subunit of an associated heterotrimeric G-protein complex. The GTP-bound activated alpha-G-protein then dissociates from the beta- and gamma-subunits to further transmit the signal within the cell. The pathway begins with receptor-ligand interaction, and ends with regulation of a downstream cellular process. The pathway can start from the plasma membrane, Golgi or nuclear membrane."" [GOC:bf, GOC:mah, PMID:16902576, PMID:24568158, Wikipedia:G_protein-coupled_receptor]",1299,54,2,20972,0.037037037037037035,0.001539645881447267,query_1,['GO:0007165']
GO:BP,GO:0007200,phospholipase C-activating G protein-coupled receptor signaling pathway,1.0,False,"""A G protein-coupled receptor signaling pathway in which the signal is transmitted via the activation of phospholipase C (PLC) and a subsequent increase in the intracellular concentration of inositol trisphosphate (IP3) and diacylglycerol (DAG). IP3 regulates the opening of calcium channels in intracellular calcium store, leading to the release of calcium into the cytosol. Calcium and DAG activate protein kinase C (PKC), which in turn activates downstream effectors."" [GOC:dph, GOC:mah, GOC:signaling, GOC:tb, ISBN:0815316194]",140,54,1,20972,0.018518518518518517,0.007142857142857143,query_1,['GO:0007186']
GO:BP,GO:0007154,cell communication,1.0,False,"""Any process that mediates interactions between a cell and its surroundings. Encompasses interactions such as signaling or attachment between one cell and another cell, between a cell and an extracellular matrix, or between a cell and any other aspect of its environment."" [GOC:mah]",6598,54,23,20972,0.42592592592592593,0.003485904819642316,query_1,['GO:0009987']
GO:BP,GO:0007267,cell-cell signaling,1.0,False,"""Any process that mediates the transfer of information from one cell to another. This process includes signal transduction in the receiving cell and, where applicable, release of a ligand and any processes that actively facilitate its transport and presentation to the receiving cell. Examples include signaling via soluble ligands, via cell adhesion molecules and via gap junctions."" [GOC:dos, GOC:mah]",1316,54,1,20972,0.018518518518518517,0.0007598784194528875,query_1,"['GO:0007154', 'GO:0023052']"
GO:BP,GO:0007264,small GTPase-mediated signal transduction,1.0,False,"""An intracellular signaling cassette in which a small monomeric GTPase relays a signal."" [GOC:mah]",493,54,5,20972,0.09259259259259259,0.010141987829614604,query_1,['GO:0141124']
GO:BP,GO:0007263,nitric oxide mediated signal transduction,1.0,False,"""An intracellular signaling cassette that starts with production of nitric oxide, detection by receptors/sensors for nitric oxide (such as soluble guanylyl cyclase/sGC) and ends with the activation of downstream effectors that further transmit the signal within the cell. Nitric oxide transmits its downstream effects through either cyclic GMP (cGMP)-dependent or independent mechanisms."" [GOC:jl, PMID:21549190]",23,54,1,20972,0.018518518518518517,0.043478260869565216,query_1,['GO:0141124']
GO:BP,GO:0008037,cell recognition,1.0,False,"""The process in which a cell in an organism interprets its surroundings."" [GOC:go_curators]",161,54,1,20972,0.018518518518518517,0.006211180124223602,query_1,['GO:0009987']
GO:BP,GO:0008045,motor neuron axon guidance,1.0,False,"""The process in which the migration of an axon growth cone of a motor neuron is directed to a specific target site in response to a combination of attractive and repulsive cues."" [CL:0000100, GOC:pr, ISBN:0878932437]",25,54,1,20972,0.018518518518518517,0.04,query_1,['GO:0007411']
GO:BP,GO:0008104,intracellular protein localization,1.0,False,"""Any process in which a protein is transported to, or maintained in, a specific location."" [GOC:ai]",2401,54,8,20972,0.14814814814814814,0.003331945022907122,query_1,['GO:0033036']
GO:BP,GO:0008150,biological_process,1.0,False,"""A biological process is the execution of a genetically-encoded biological module or program. It consists of all the steps required to achieve the specific biological objective of the module. A biological process is accomplished by a particular set of molecular functions carried out by specific gene products (or macromolecular complexes), often in a highly regulated manner and in a particular temporal sequence."" [GOC:pdt]",20972,54,54,20972,1.0,0.0025748617203890903,query_1,[]
GO:BP,GO:0007399,nervous system development,1.0,False,"""The process whose specific outcome is the progression of nervous tissue over time, from its formation to its mature state."" [GOC:dgh]",2597,54,10,20972,0.18518518518518517,0.003850596842510589,query_1,['GO:0048731']
GO:BP,GO:0007409,axonogenesis,1.0,False,"""De novo generation of a long process of a neuron, including the terminal branched region. Refers to the morphogenesis or creation of shape or form of the developing axon, which carries efferent (outgoing) action potentials from the cell body towards target cells."" [GOC:dph, GOC:jid, GOC:pg, GOC:pr, ISBN:0198506732]",452,54,1,20972,0.018518518518518517,0.0022123893805309734,query_1,"['GO:0048667', 'GO:0048812', 'GO:0061564']"
GO:BP,GO:0007411,axon guidance,1.0,False,"""The chemotaxis process that directs the migration of an axon growth cone to a specific target site in response to a combination of attractive and repulsive cues."" [ISBN:0878932437]",234,54,1,20972,0.018518518518518517,0.004273504273504274,query_1,"['GO:0007409', 'GO:0097485']"
GO:BP,GO:0007416,synapse assembly,1.0,False,"""The aggregation, arrangement and bonding together of a set of components to form a synapse. This process ends when the synapse is mature (functional)."" [GOC:mah]",266,54,1,20972,0.018518518518518517,0.0037593984962406013,query_1,"['GO:0007399', 'GO:0034329', 'GO:0050808']"
GO:BP,GO:0007417,central nervous system development,1.0,False,"""The process whose specific outcome is the progression of the central nervous system over time, from its formation to the mature structure. The central nervous system is the core nervous system that serves an integrating and coordinating function. In vertebrates it consists of the brain and spinal cord. In those invertebrates with a central nervous system it typically consists of a brain, cerebral ganglia and a nerve cord."" [GOC:bf, GOC:jid, ISBN:0582227089]",1035,54,3,20972,0.05555555555555555,0.002898550724637681,query_1,"['GO:0007399', 'GO:0048731']"
GO:BP,GO:0007420,brain development,1.0,False,"""The process whose specific outcome is the progression of the brain over time, from its formation to the mature structure. Brain development begins with patterning events in the neural tube and ends with the mature structure that is the center of thought and emotion. The brain is responsible for the coordination and control of bodily activities and the interpretation of information from the senses (sight, hearing, smell, etc.)."" [GOC:dph, GOC:jid, GOC:tb, UBERON:0000955]",736,54,2,20972,0.037037037037037035,0.002717391304347826,query_1,"['GO:0007417', 'GO:0048513', 'GO:0060322']"
GO:BP,GO:0007422,peripheral nervous system development,1.0,False,"""The process whose specific outcome is the progression of the peripheral nervous system over time, from its formation to the mature structure. The peripheral nervous system is one of the two major divisions of the nervous system. Nerves in the PNS connect the central nervous system (CNS) with sensory organs, other organs, muscles, blood vessels and glands."" [GOC:go_curators, UBERON:0000010]",87,54,1,20972,0.018518518518518517,0.011494252873563218,query_1,"['GO:0007399', 'GO:0048731']"
GO:BP,GO:0007423,sensory organ development,1.0,False,"""The process whose specific outcome is the progression of sensory organs over time, from its formation to the mature structure."" [GOC:go_curators]",625,54,1,20972,0.018518518518518517,0.0016,query_1,['GO:0048513']
GO:BP,GO:0007492,endoderm development,1.0,False,"""The process whose specific outcome is the progression of the endoderm over time, from its formation to the mature structure. The endoderm is the innermost germ layer that develops into the gastrointestinal tract, the lungs and associated tissues."" [GOC:dph, GOC:tb]",88,54,1,20972,0.018518518518518517,0.011363636363636364,query_1,['GO:0009888']
GO:BP,GO:0007507,heart development,1.0,False,"""The process whose specific outcome is the progression of the heart over time, from its formation to the mature structure. The heart is a hollow, muscular organ, which, by contracting rhythmically, keeps up the circulation of the blood."" [GOC:jid, UBERON:0000948]",591,54,1,20972,0.018518518518518517,0.001692047377326565,query_1,"['GO:0048513', 'GO:0072359']"
GO:BP,GO:0007517,muscle organ development,1.0,False,"""The process whose specific outcome is the progression of the muscle over time, from its formation to the mature structure. The muscle is an organ consisting of a tissue made up of various elongated cells that are specialized to contract and thus to produce movement and mechanical work."" [GOC:jid, ISBN:0198506732]",362,54,2,20972,0.037037037037037035,0.0055248618784530384,query_1,"['GO:0048513', 'GO:0061061']"
GO:BP,GO:0007519,skeletal muscle tissue development,1.0,False,"""The developmental sequence of events leading to the formation of adult skeletal muscle tissue. The main events are: the fusion of myoblasts to form myotubes that increase in size by further fusion to them of myoblasts, the formation of myofibrils within their cytoplasm and the establishment of functional neuromuscular junctions with motor neurons. At this stage they can be regarded as mature muscle fibers."" [GOC:mtg_muscle]",177,54,1,20972,0.018518518518518517,0.005649717514124294,query_1,"['GO:0014706', 'GO:0060538']"
GO:BP,GO:0007548,sex differentiation,1.0,False,"""The establishment of the sex of an organism by physical differentiation."" [GOC:ai]",288,54,3,20972,0.05555555555555555,0.010416666666666666,query_1,['GO:0003006']
GO:BP,GO:0007588,excretion,1.0,False,"""The elimination by an organism of the waste products that arise as a result of metabolic activity. These products include water, carbon dioxide (CO2), and nitrogenous compounds."" [ISBN:0192801023]",30,54,1,20972,0.018518518518518517,0.03333333333333333,query_1,['GO:0003008']
GO:BP,GO:0007596,blood coagulation,1.0,False,"""The sequential process in which the multiple coagulation factors of the blood interact, ultimately resulting in the formation of an insoluble fibrin clot; it may be divided into three stages: stage 1, the formation of intrinsic and extrinsic prothrombin converting principle; stage 2, the formation of thrombin; stage 3, the formation of stable fibrin polymers."" [PMID:30700128]",241,54,2,20972,0.037037037037037035,0.008298755186721992,query_1,"['GO:0007599', 'GO:0042060', 'GO:0050817']"
GO:BP,GO:0007599,hemostasis,1.0,False,"""The stopping of bleeding (loss of body fluid) or the arrest of the circulation to an organ or part."" [ISBN:0198506732]",248,54,2,20972,0.037037037037037035,0.008064516129032258,query_1,['GO:0050878']
GO:BP,GO:0007250,activation of NF-kappaB-inducing kinase activity,1.0,False,"""The stimulation of the activity of NF-kappaB-inducing kinase through phosphorylation at specific residues."" [GOC:jl, PMID:12773372]",12,54,1,20972,0.018518518518518517,0.08333333333333333,query_1,"['GO:0032147', 'GO:0038061']"
GO:BP,GO:0007252,I-kappaB phosphorylation,1.0,False,"""The process of introducing a phosphate group into an inhibitor of kappa B (I-kappaB) protein. Phosphorylation of I-kappaB targets I-kappaB for ubiquitination and proteasomal degradation, thus releasing bound NF-kappaB dimers, which can translocate to the nucleus to bind DNA and regulate transcription."" [GOC:bf, GOC:jl, PMID:21772278, PMID:7594468]",8,54,1,20972,0.018518518518518517,0.125,query_1,"['GO:0006468', 'GO:0007249']"
GO:BP,GO:0007259,cell surface receptor signaling pathway via JAK-STAT,1.0,False,"""A cell surface receptor signaling pathway in which ligand binding causes the receptor to dimerize, bringing the receptor-associated JAKs into close proximity. The JAKs then phosphorylate and activate each other on tyrosine residues.This leads to the activation of associated STAT protein, causing the STATs to dissociate from the receptor, translocate to the nucleus. The pathway ends with regulation of target gene expression by STAT proteins."" [PMID:12039028]",126,54,1,20972,0.018518518518518517,0.007936507936507936,query_1,['GO:0097696']
GO:BP,GO:0009605,response to external stimulus,1.0,False,"""Any process that results in a change in state or activity of a cell or an organism (in terms of movement, secretion, enzyme production, gene expression, etc.) as a result of an external stimulus."" [GOC:hb]",2427,54,12,20972,0.2222222222222222,0.004944375772558714,query_1,['GO:0050896']
GO:BP,GO:0007204,positive regulation of cytosolic calcium ion concentration,1.0,False,"""Any process that increases the concentration of calcium ions in the cytosol."" [GOC:ai]",161,54,1,20972,0.018518518518518517,0.006211180124223602,query_1,['GO:0065008']
GO:BP,GO:0009583,detection of light stimulus,1.0,False,"""The series of events in which a light stimulus (in the form of photons) is received and converted into a molecular signal."" [GOC:go_curators]",71,54,1,20972,0.018518518518518517,0.014084507042253521,query_1,"['GO:0009416', 'GO:0009581', 'GO:0009582']"
GO:BP,GO:0009581,detection of external stimulus,1.0,False,"""The series of events in which an external stimulus is received by a cell and converted into a molecular signal."" [GOC:hb]",147,54,1,20972,0.018518518518518517,0.006802721088435374,query_1,"['GO:0009605', 'GO:0051606']"
GO:BP,GO:0015031,protein transport,1.0,False,"""The directed movement of proteins into, out of or within a cell, or between cells, by means of some agent such as a transporter or pore."" [GOC:ai]",1422,54,7,20972,0.12962962962962962,0.004922644163150493,query_1,"['GO:0006810', 'GO:0008104', 'GO:0045184']"
GO:BP,GO:0015695,organic cation transport,1.0,False,"""The directed movement of organic cations into, out of or within a cell, or between cells, by means of some agent such as a transporter or pore. Organic cations are atoms or small molecules with a positive charge which contain carbon in covalent linkage."" [GOC:ai]",119,54,1,20972,0.018518518518518517,0.008403361344537815,query_1,['GO:0006810']
GO:BP,GO:0015697,quaternary ammonium group transport,1.0,False,"""The directed movement into, out of or within a cell, or between cells, by means of some agent such as a transporter or pore of quaternary ammonium compounds, any compound that can be regarded as derived from ammonium hydroxide or an ammonium salt by replacement of all four hydrogen atoms of the NH4+ ion by organic groups."" [GOC:ai, ISBN:0198506732]",17,54,1,20972,0.018518518518518517,0.058823529411764705,query_1,['GO:0071705']
GO:BP,GO:0015711,organic anion transport,1.0,False,"""The directed movement of organic anions into, out of or within a cell, or between cells, by means of some agent such as a transporter or pore. Organic anions are atoms or small molecules with a negative charge which contain carbon in covalent linkage."" [GOC:ai, GOC:krc]",456,54,2,20972,0.037037037037037035,0.0043859649122807015,query_1,['GO:0006810']
GO:BP,GO:0015718,monocarboxylic acid transport,1.0,False,"""The directed movement of monocarboxylic acids into, out of or within a cell, or between cells, by means of some agent such as a transporter or pore."" [GOC:krc]",178,54,1,20972,0.018518518518518517,0.0056179775280898875,query_1,['GO:0046942']
GO:BP,GO:0015746,citrate transport,1.0,False,"""The directed movement of citrate, 2-hydroxy-1,2,3-propanetricarboxylate, into, out of or within a cell, or between cells, by means of some agent such as a transporter or pore."" [GOC:krc]",5,54,1,20972,0.018518518518518517,0.2,query_1,['GO:0006842']
GO:BP,GO:0015747,urate transport,1.0,False,"""The directed movement of urate into, out of or within a cell, or between cells, by means of some agent such as a transporter or pore."" [GOC:krc]",11,54,1,20972,0.018518518518518517,0.09090909090909091,query_1,"['GO:0015711', 'GO:0071705']"
GO:BP,GO:0010720,positive regulation of cell development,1.0,False,"""Any process that increases the rate, frequency or extent of the progression of the cell over time, from its formation to the mature structure. Cell development does not include the steps involved in committing a cell to a specific fate."" [GOC:BHF, GOC:dph, GOC:tb]",430,54,1,20972,0.018518518518518517,0.002325581395348837,query_1,"['GO:0045597', 'GO:0048468', 'GO:0060284']"
GO:BP,GO:0010721,negative regulation of cell development,1.0,False,"""Any process that decreases the rate, frequency or extent of the progression of the cell over time, from its formation to the mature structure. Cell development does not include the steps involved in committing a cell to a specific fate."" [GOC:BHF, GOC:dph, GOC:tb]",260,54,1,20972,0.018518518518518517,0.0038461538461538464,query_1,"['GO:0045596', 'GO:0048468', 'GO:0060284']"
GO:BP,GO:0010742,macrophage derived foam cell differentiation,1.0,False,"""The process in which a monocyte acquires the specialized features of a foam cell. A foam cell is a type of cell containing lipids in small vacuoles and typically seen in atherosclerotic lesions, as well as other conditions."" [GOC:add, GOC:dph, GOC:tb]",38,54,1,20972,0.018518518518518517,0.02631578947368421,query_1,['GO:0090077']
GO:BP,GO:0015012,heparan sulfate proteoglycan biosynthetic process,1.0,False,"""The chemical reactions and pathways resulting in the formation of heparan sulfate proteoglycans, which consist of a core protein linked to a heparan sulfate glycosaminoglycan. The heparan sulfate chain is composed of the repeating disaccharide unit beta-(1,4)-N-acetyl-D-glucosamine-alpha-(1,4)-hexuronic acid, the former being either sulfated or deacetylated on its amino group as well as sulfated on one of its hydroxyl groups, and the latter being e a mixture of sulfated and nonsulfated D-glucuronic and L-iduronic acids. Heparan sulfate chains are covalently linked to serine/threonine residues (O-linked) of the core protein via a tetrasaccharide linker sequence (xylose-galactose-galactose-glucuronate)."" [PMID:27241222]",33,54,1,20972,0.018518518518518517,0.030303030303030304,query_1,"['GO:0030166', 'GO:0030201', 'GO:0180064']"
GO:BP,GO:0010743,regulation of macrophage derived foam cell differentiation,1.0,False,"""Any process that modulates the rate, frequency or extent of macrophage derived foam cell differentiation. Macrophage derived foam cell differentiation is the process in which a macrophage acquires the specialized features of a foam cell. A foam cell is a type of cell containing lipids in small vacuoles and typically seen in atherosclerotic lesions, as well as other conditions."" [GOC:add, GOC:BHF, GOC:dph, GOC:tb]",33,54,1,20972,0.018518518518518517,0.030303030303030304,query_1,"['GO:0010742', 'GO:0045595']"
GO:BP,GO:0010749,regulation of nitric oxide mediated signal transduction,1.0,False,"""Any process that modulates the rate, frequency or extent of nitric oxide mediated signal transduction. Nitric oxide mediated signal transduction is The series of molecular signals mediated by the detection of nitric oxide (NO)."" [GOC:BHF, GOC:dph, GOC:tb]",8,54,1,20972,0.018518518518518517,0.125,query_1,"['GO:0007263', 'GO:1902531']"
GO:BP,GO:0010751,negative regulation of nitric oxide mediated signal transduction,1.0,False,"""Any process that decreases the rate, frequency or extent of nitric oxide mediated signal transduction. Nitric oxide mediated signal transduction is The series of molecular signals mediated by the detection of nitric oxide (NO)."" [GOC:BHF, GOC:dph, GOC:tb]",2,54,1,20972,0.018518518518518517,0.5,query_1,"['GO:0007263', 'GO:0010749', 'GO:1902532']"
GO:BP,GO:0010799,regulation of peptidyl-threonine phosphorylation,1.0,False,"""Any process that modulates the frequency, rate or extent of peptidyl-threonine phosphorylation. Peptidyl-threonine phosphorylation is the phosphorylation of peptidyl-threonine to form peptidyl-O-phospho-L-threonine."" [GOC:dph, GOC:tb]",16,54,1,20972,0.018518518518518517,0.0625,query_1,"['GO:0001932', 'GO:0018107']"
GO:BP,GO:0010800,positive regulation of peptidyl-threonine phosphorylation,1.0,False,"""Any process that increases the frequency, rate or extent of peptidyl-threonine phosphorylation. Peptidyl-threonine phosphorylation is the phosphorylation of peptidyl-threonine to form peptidyl-O-phospho-L-threonine."" [GOC:dph, GOC:tb]",11,54,1,20972,0.018518518518518517,0.09090909090909091,query_1,"['GO:0001934', 'GO:0010799', 'GO:0018107']"
GO:BP,GO:0010817,regulation of hormone levels,1.0,False,"""Any process that modulates the levels of hormone within an organism or a tissue. A hormone is any substance formed in very small amounts in one specialized organ or group of cells and carried (sometimes in the bloodstream) to another organ or group of cells in the same organism, upon which it has a specific regulatory action."" [GOC:BHF, GOC:dph, GOC:tb]",547,54,4,20972,0.07407407407407407,0.007312614259597806,query_1,['GO:0065008']
GO:BP,GO:0010821,regulation of mitochondrion organization,1.0,False,"""Any process that modulates the frequency, rate or extent of a process involved in the formation, arrangement of constituent parts, or disassembly of a mitochondrion."" [GOC:dph, GOC:tb]",116,54,1,20972,0.018518518518518517,0.008620689655172414,query_1,"['GO:0007005', 'GO:0033043']"
GO:BP,GO:0010876,lipid localization,1.0,False,"""Any process in which a lipid is transported to, or maintained in, a specific location."" [GOC:BHF, GOC:dph, GOC:tb]",451,54,3,20972,0.05555555555555555,0.0066518847006651885,query_1,['GO:0033036']
GO:BP,GO:0010883,regulation of lipid storage,1.0,False,"""Any process that modulates the rate, frequency or extent of lipid storage. Lipid storage is the accumulation and maintenance in cells or tissues of lipids, compounds soluble in organic solvents but insoluble or sparingly soluble in aqueous solvents. Lipid reserves can be accumulated during early developmental stages for mobilization and utilization at later stages of development."" [GOC:BHF, GOC:dph, GOC:tb]",46,54,1,20972,0.018518518518518517,0.021739130434782608,query_1,"['GO:0019915', 'GO:0050794']"
GO:BP,GO:0010888,negative regulation of lipid storage,1.0,False,"""Any process that decreases the rate, frequency or extent of lipid storage. Lipid storage is the accumulation and maintenance in cells or tissues of lipids, compounds soluble in organic solvents but insoluble or sparingly soluble in aqueous solvents. Lipid reserves can be accumulated during early developmental stages for mobilization and utilization at later stages of development."" [GOC:BHF, GOC:dph, GOC:tb]",21,54,1,20972,0.018518518518518517,0.047619047619047616,query_1,"['GO:0010883', 'GO:0019915', 'GO:0048523', 'GO:1905953']"
GO:BP,GO:0010959,regulation of metal ion transport,1.0,False,"""Any process that modulates the frequency, rate, or extent of metal ion transport. Metal ion transport is the directed movement of metal ions, any metal ion with an electric charge, into, out of or within a cell, or between cells, by means of some agent such as a transporter or pore."" [GOC:dph, GOC:tb]",342,54,3,20972,0.05555555555555555,0.008771929824561403,query_1,"['GO:0030001', 'GO:0043269']"
GO:BP,GO:0010745,negative regulation of macrophage derived foam cell differentiation,1.0,False,"""Any process that decreases the rate, frequency or extent of macrophage derived foam cell differentiation. Macrophage derived foam cell differentiation is the process in which a macrophage acquires the specialized features of a foam cell. A foam cell is a type of cell containing lipids in small vacuoles and typically seen in atherosclerotic lesions, as well as other conditions."" [GOC:add, GOC:BHF, GOC:dph, GOC:tb]",13,54,1,20972,0.018518518518518517,0.07692307692307693,query_1,"['GO:0010742', 'GO:0010743', 'GO:0045596']"
GO:BP,GO:0010970,transport along microtubule,1.0,False,"""The movement of organelles or other particles from one location in the cell to another along microtubules, driven by motor activity."" [GOC:dph, GOC:mah, GOC:tb]",177,54,1,20972,0.018518518518518517,0.005649717514124294,query_1,"['GO:0007018', 'GO:0030705', 'GO:0099111']"
GO:BP,GO:0014706,striated muscle tissue development,1.0,False,"""The process whose specific outcome is the progression of a striated muscle over time, from its formation to the mature structure. Striated muscle contain fibers that are divided by transverse bands into striations, and cardiac and skeletal muscle are types of striated muscle. Skeletal muscle myoblasts fuse to form myotubes and eventually multinucleated muscle fibers. The fusion of cardiac cells is very rare and can only form binucleate cells."" [CL:0000737, GOC:dph, GOC:mtg_muscle]",399,54,2,20972,0.037037037037037035,0.005012531328320802,query_1,['GO:0060537']
GO:BP,GO:0014038,regulation of Schwann cell differentiation,1.0,False,"""Any process that modulates the frequency, rate or extent of Schwann cell differentiation."" [GOC:ef]",3,54,1,20972,0.018518518518518517,0.3333333333333333,query_1,"['GO:0014037', 'GO:0045685']"
GO:BP,GO:0016925,protein sumoylation,1.0,False,"""The process in which a SUMO protein (small ubiquitin-related modifier) is conjugated to a target protein via an isopeptide bond between the carboxy-terminus of SUMO with an epsilon-amino group of a lysine residue of the target protein."" [GOC:jl, PMID:11265250]",68,54,1,20972,0.018518518518518517,0.014705882352941176,query_1,"['GO:0018205', 'GO:0032446']"
GO:BP,GO:0015748,organophosphate ester transport,1.0,False,"""The directed movement of organophosphate esters into, out of or within a cell, or between cells, by means of some agent such as a transporter or pore. Organophosphate esters are small organic molecules containing phosphate ester bonds."" [GOC:mcc]",176,54,1,20972,0.018518518518518517,0.005681818181818182,query_1,['GO:0006810']
GO:BP,GO:0015833,peptide transport,1.0,False,"""The directed movement of peptides, compounds of two or more amino acids where the alpha carboxyl group of one is bound to the alpha amino group of another, into, out of or within a cell, or between cells, by means of some agent such as a transporter or pore."" [GOC:ai]",282,54,1,20972,0.018518518518518517,0.0035460992907801418,query_1,['GO:0006810']
GO:BP,GO:0015838,amino-acid betaine transport,1.0,False,"""The directed movement of betaine, the N-trimethyl derivative of an amino acid, into, out of or within a cell, or between cells, by means of some agent such as a transporter or pore."" [GOC:ai]",13,54,1,20972,0.018518518518518517,0.07692307692307693,query_1,"['GO:0015697', 'GO:0072337']"
GO:BP,GO:0015840,urea transport,1.0,False,"""The directed movement of urea into, out of or within the cell. Urea is the water-soluble compound H2N-CO-NH2."" [GOC:ai, ISBN:0198506732]",9,54,1,20972,0.018518518518518517,0.1111111111111111,query_1,"['GO:0019755', 'GO:0071705']"
GO:BP,GO:0015849,organic acid transport,1.0,False,"""The directed movement of organic acids, any acidic compound containing carbon in covalent linkage, into, out of or within a cell, or between cells, by means of some agent such as a transporter or pore."" [ISBN:0198506732]",347,54,2,20972,0.037037037037037035,0.005763688760806916,query_1,['GO:0006810']
GO:BP,GO:0015879,carnitine transport,1.0,False,"""The directed movement of carnitine into, out of or within a cell, or between cells, by means of some agent such as a transporter or pore. Carnitine is a compound that participates in the transfer of acyl groups across the inner mitochondrial membrane."" [GOC:ai]",8,54,1,20972,0.018518518518518517,0.125,query_1,"['GO:0015695', 'GO:0015838']"
GO:BP,GO:0015908,fatty acid transport,1.0,False,"""The directed movement of fatty acids into, out of or within a cell, or between cells, by means of some agent such as a transporter or pore. Fatty acids are aliphatic monocarboxylic acids liberated from naturally occurring fats and oils by hydrolysis."" [GOC:ai]",117,54,1,20972,0.018518518518518517,0.008547008547008548,query_1,"['GO:0006869', 'GO:0015718']"
GO:BP,GO:0015909,long-chain fatty acid transport,1.0,False,"""The directed movement of a long-chain fatty acid into, out of or within a cell, or between cells, by means of some agent such as a transporter or pore. A long-chain fatty acid has an aliphatic tail containing 13 to 22 carbons."" [GOC:ai]",65,54,1,20972,0.018518518518518517,0.015384615384615385,query_1,['GO:0015908']
GO:BP,GO:0015914,phospholipid transport,1.0,False,"""The directed movement of phospholipids into, out of or within a cell, or between cells, by means of some agent such as a transporter or pore. Phospholipids are any lipids containing phosphoric acid as a mono- or diester."" [GOC:ai]",104,54,1,20972,0.018518518518518517,0.009615384615384616,query_1,"['GO:0006869', 'GO:0015748']"
GO:BP,GO:0014040,positive regulation of Schwann cell differentiation,1.0,False,"""Any process that activates or increases the frequency, rate or extent of Schwann cell differentiation."" [GOC:ef]",2,54,1,20972,0.018518518518518517,0.5,query_1,"['GO:0014037', 'GO:0014038', 'GO:0045687']"
GO:BP,GO:0015936,coenzyme A metabolic process,1.0,False,"""The chemical reactions and pathways involving coenzyme A, 3'-phosphoadenosine-(5')diphospho(4')pantatheine, an acyl carrier in many acylation and acyl-transfer reactions in which the intermediate is a thiol ester."" [ISBN:0198547684]",18,54,1,20972,0.018518518518518517,0.05555555555555555,query_1,"['GO:0006753', 'GO:0006790', 'GO:0072521']"
GO:BP,GO:0015939,pantothenate metabolic process,1.0,False,"""The chemical reactions and pathways involving pantothenate, the anion of pantothenic acid, the amide of beta-alanine and pantoic acid. It is a B complex vitamin that is a constituent of coenzyme A and is distributed ubiquitously in foods."" [GOC:ai, ISBN:0721662544]",7,54,1,20972,0.018518518518518517,0.14285714285714285,query_1,"['GO:0006575', 'GO:0032787']"
GO:BP,GO:0015980,energy derivation by oxidation of organic compounds,1.0,False,"""The chemical reactions and pathways by which a cell derives energy from organic compounds; results in the oxidation of the compounds from which energy is released."" [GOC:mah]",425,54,3,20972,0.05555555555555555,0.007058823529411765,query_1,['GO:0006091']
GO:BP,GO:0016032,viral process,1.0,False,"""A multi-organism process in which a virus is a participant. The other participant is the host. Includes infection of a host cell, replication of the viral genome, and assembly of progeny virus particles. In some cases the viral genetic material may integrate into the host genome and only subsequently, under particular circumstances, 'complete' its life cycle."" [GOC:bf, GOC:jl, GOC:mah]",377,54,2,20972,0.037037037037037035,0.005305039787798408,query_1,['GO:0008150']
GO:BP,GO:0016042,lipid catabolic process,1.0,False,"""The chemical reactions and pathways resulting in the breakdown of lipids, compounds soluble in an organic solvent but not, or sparingly, in an aqueous solvent."" [GOC:go_curators]",352,54,1,20972,0.018518518518518517,0.002840909090909091,query_1,"['GO:0006629', 'GO:0009056']"
GO:BP,GO:0016043,cellular component organization,1.0,False,"""A process that results in the assembly, arrangement of constituent parts, or disassembly of a cellular component."" [GOC:ai, GOC:jl, GOC:mah]",8325,54,25,20972,0.46296296296296297,0.003003003003003003,query_1,['GO:0071840']
GO:BP,GO:0012501,programmed cell death,1.0,False,"""A process which begins when a cell receives an internal or external signal and activates a series of biochemical events (signaling pathway). The process ends with the death of the cell."" [GOC:lr, GOC:mtg_apoptosis]",1958,54,6,20972,0.1111111111111111,0.0030643513789581204,query_1,['GO:0008219']
GO:BP,GO:0014013,regulation of gliogenesis,1.0,False,"""Any process that modulates the frequency, rate or extent of gliogenesis, the formation of mature glia."" [GOC:ef]",95,54,2,20972,0.037037037037037035,0.021052631578947368,query_1,"['GO:0042063', 'GO:0050767']"
GO:BP,GO:0014014,negative regulation of gliogenesis,1.0,False,"""Any process that stops, prevents, or reduces the frequency, rate or extent of gliogenesis, the formation of mature glia."" [GOC:ef]",39,54,1,20972,0.018518518518518517,0.02564102564102564,query_1,"['GO:0014013', 'GO:0042063', 'GO:0050768']"
GO:BP,GO:0014015,positive regulation of gliogenesis,1.0,False,"""Any process that activates or increases the frequency, rate or extent of gliogenesis, the formation of mature glia."" [GOC:ef]",62,54,1,20972,0.018518518518518517,0.016129032258064516,query_1,"['GO:0014013', 'GO:0042063', 'GO:0050769']"
GO:BP,GO:0014037,Schwann cell differentiation,1.0,False,"""The process in which a relatively unspecialized cell acquires the specialized features of a Schwann cell. Schwann cells are found in the peripheral nervous system, where they insulate neurons and axons, and regulate the environment in which neurons function."" [GOC:ef]",49,54,1,20972,0.018518518518518517,0.02040816326530612,query_1,"['GO:0007422', 'GO:0010001']"
GO:BP,GO:0015937,coenzyme A biosynthetic process,1.0,False,"""The chemical reactions and pathways resulting in the formation of coenzyme A, 3'-phosphoadenosine-(5')diphospho(4')pantatheine, an acyl carrier in many acylation and acyl-transfer reactions in which the intermediate is a thiol ester."" [ISBN:0198547684]",10,54,1,20972,0.018518518518518517,0.1,query_1,"['GO:0015936', 'GO:0044272', 'GO:0072522', 'GO:1901293']"
GO:BP,GO:0010556,regulation of macromolecule biosynthetic process,1.0,False,"""Any process that modulates the rate, frequency or extent of the chemical reactions and pathways resulting in the formation of a macromolecule, any molecule of high relative molecular mass, the structure of which essentially comprises the multiple repetition of units derived, actually or conceptually, from molecules of low relative molecular mass."" [GOC:dph, GOC:tb]",5647,54,7,20972,0.12962962962962962,0.0012395962457942271,query_1,"['GO:0009059', 'GO:0009889', 'GO:0060255']"
GO:BP,GO:0010557,positive regulation of macromolecule biosynthetic process,1.0,False,"""Any process that increases the rate, frequency or extent of the chemical reactions and pathways resulting in the formation of a macromolecule, any molecule of high relative molecular mass, the structure of which essentially comprises the multiple repetition of units derived, actually or conceptually, from molecules of low relative molecular mass."" [GOC:dph, GOC:tb]",2538,54,3,20972,0.05555555555555555,0.001182033096926714,query_1,"['GO:0009059', 'GO:0009891', 'GO:0010556', 'GO:0010604']"
GO:BP,GO:0010558,negative regulation of macromolecule biosynthetic process,1.0,False,"""Any process that decreases the rate, frequency or extent of the chemical reactions and pathways resulting in the formation of a macromolecule, any molecule of high relative molecular mass, the structure of which essentially comprises the multiple repetition of units derived, actually or conceptually, from molecules of low relative molecular mass."" [GOC:dph, GOC:tb]",2733,54,4,20972,0.07407407407407407,0.0014635931211123307,query_1,"['GO:0009059', 'GO:0009890', 'GO:0010556', 'GO:0010605']"
GO:BP,GO:0010543,regulation of platelet activation,1.0,False,"""Any process that modulates the rate or frequency of platelet activation. Platelet activation is a series of progressive, overlapping events triggered by exposure of the platelets to subendothelial tissue."" [GOC:BHF, GOC:dph, GOC:tb]",53,54,1,20972,0.018518518518518517,0.018867924528301886,query_1,"['GO:0030168', 'GO:0050865']"
GO:BP,GO:0010544,negative regulation of platelet activation,1.0,False,"""Any process that decreases the rate or frequency of platelet activation. Platelet activation is a series of progressive, overlapping events triggered by exposure of the platelets to subendothelial tissue."" [GOC:BHF, GOC:dph, GOC:tb]",18,54,1,20972,0.018518518518518517,0.05555555555555555,query_1,"['GO:0010543', 'GO:0030168', 'GO:0030195', 'GO:0050866']"
GO:BP,GO:0009645,response to low light intensity stimulus,1.0,False,"""Any process that results in a change in state or activity of a cell or an organism (in terms of movement, secretion, enzyme production, gene expression, etc.) as a result of a low light intensity stimulus. Low light intensity is defined as a level of electromagnetic radiation at or below 0.1 micromols/m2."" [GOC:go_curators, GOC:mtg_far_red]",1,54,1,20972,0.018518518518518517,1.0,query_1,['GO:0009642']
GO:BP,GO:0009653,anatomical structure morphogenesis,1.0,False,"""The process in which anatomical structures are generated and organized. Morphogenesis pertains to the creation of form."" [GOC:go_curators, ISBN:0521436125]",2699,54,14,20972,0.25925925925925924,0.005187106335679882,query_1,"['GO:0032502', 'GO:0048856']"
GO:BP,GO:0009719,response to endogenous stimulus,1.0,False,"""Any process that results in a change in state or activity of a cell or an organism (in terms of movement, secretion, enzyme production, gene expression, etc.) as a result of a stimulus arising within the organism."" [GOC:sm]",1467,54,1,20972,0.018518518518518517,0.0006816632583503749,query_1,['GO:0050896']
GO:BP,GO:0009790,embryo development,1.0,False,"""The process whose specific outcome is the progression of an embryo from its formation until the end of its embryonic life stage. The end of the embryonic stage is organism-specific. For example, for mammals, the process would begin with zygote formation and end with birth. For insects, the process would begin at zygote formation and end with larval hatching. For plant zygotic embryos, this would be from zygote formation to the end of seed dormancy. For plant vegetative embryos, this would be from the initial determination of the cell or group of cells to form an embryo until the point when the embryo becomes independent of the parent plant."" [GOC:go_curators, GOC:isa_complete, GOC:mtg_sensu]",1126,54,5,20972,0.09259259259259259,0.004440497335701598,query_1,['GO:0007275']
GO:BP,GO:0009792,embryo development ending in birth or egg hatching,1.0,False,"""The process whose specific outcome is the progression of an embryo over time, from zygote formation until the end of the embryonic life stage. The end of the embryonic life stage is organism-specific and may be somewhat arbitrary; for mammals it is usually considered to be birth, for insects the hatching of the first instar larva from the eggshell."" [GOC:go_curators, GOC:isa_complete, GOC:mtg_sensu]",687,54,1,20972,0.018518518518518517,0.001455604075691412,query_1,['GO:0009790']
GO:BP,GO:0009812,flavonoid metabolic process,1.0,False,"""The chemical reactions and pathways involving flavonoids, a group of water-soluble phenolic derivatives containing a flavan skeleton including flavones, flavonols and flavanoids, and anthocyanins."" [GOC:tair_curators, ISBN:0198547684]",12,54,1,20972,0.018518518518518517,0.08333333333333333,query_1,['GO:0008152']
GO:BP,GO:0009887,animal organ morphogenesis,1.0,False,"""Morphogenesis of an animal organ. An organ is defined as a tissue or set of tissues that work together to perform a specific function or functions. Morphogenesis is the process in which anatomical structures are generated and organized. Organs are commonly observed as visibly distinct structures, but may also exist as loosely associated clusters of cells that work together to perform a specific function or functions."" [GOC:dgh, GOC:go_curators, ISBN:0471245208, ISBN:0721662544]",1000,54,1,20972,0.018518518518518517,0.001,query_1,"['GO:0009653', 'GO:0048513']"
GO:BP,GO:0009888,tissue development,1.0,False,"""The process whose specific outcome is the progression of a tissue over time, from its formation to the mature structure."" [ISBN:0471245208]",2014,54,7,20972,0.12962962962962962,0.003475670307845084,query_1,['GO:0048856']
GO:BP,GO:0010508,positive regulation of autophagy,1.0,False,"""Any process that activates, maintains or increases the rate of autophagy. Autophagy is the process in which cells digest parts of their own cytoplasm."" [GOC:dph, GOC:tb]",160,54,1,20972,0.018518518518518517,0.00625,query_1,"['GO:0006914', 'GO:0009896', 'GO:0010506']"
GO:BP,GO:0009889,regulation of biosynthetic process,1.0,False,"""Any process that modulates the frequency, rate or extent of the chemical reactions and pathways resulting in the formation of substances."" [GOC:go_curators]",5821,54,7,20972,0.12962962962962962,0.0012025425184676172,query_1,"['GO:0009058', 'GO:0019222']"
GO:BP,GO:0009891,positive regulation of biosynthetic process,1.0,False,"""Any process that activates or increases the frequency, rate or extent of the chemical reactions and pathways resulting in the formation of substances."" [GOC:go_curators]",2645,54,4,20972,0.07407407407407407,0.0015122873345935729,query_1,"['GO:0009058', 'GO:0009889', 'GO:0009893']"
GO:BP,GO:0009892,negative regulation of metabolic process,1.0,False,"""Any process that stops, prevents, or reduces the frequency, rate or extent of the chemical reactions and pathways within a cell or an organism."" [GOC:go_curators]",3276,54,7,20972,0.12962962962962962,0.002136752136752137,query_1,"['GO:0008152', 'GO:0019222', 'GO:0048523']"
GO:BP,GO:0009893,positive regulation of metabolic process,1.0,False,"""Any process that activates or increases the frequency, rate or extent of the chemical reactions and pathways within a cell or an organism."" [GOC:go_curators]",3410,54,5,20972,0.09259259259259259,0.001466275659824047,query_1,"['GO:0008152', 'GO:0019222', 'GO:0048522']"
GO:BP,GO:0009894,regulation of catabolic process,1.0,False,"""Any process that modulates the frequency, rate, or extent of the chemical reactions and pathways resulting in the breakdown of substances."" [GOC:go_curators]",1024,54,3,20972,0.05555555555555555,0.0029296875,query_1,"['GO:0009056', 'GO:0019222']"
GO:BP,GO:0009895,negative regulation of catabolic process,1.0,False,"""Any process that stops, prevents, or reduces the frequency, rate or extent of the chemical reactions and pathways resulting in the breakdown of substances."" [GOC:go_curators]",363,54,2,20972,0.037037037037037035,0.005509641873278237,query_1,"['GO:0009056', 'GO:0009892', 'GO:0009894']"
GO:BP,GO:0009896,positive regulation of catabolic process,1.0,False,"""Any process that activates or increases the frequency, rate or extent of the chemical reactions and pathways resulting in the breakdown of substances."" [GOC:go_curators]",536,54,1,20972,0.018518518518518517,0.0018656716417910447,query_1,"['GO:0009056', 'GO:0009893', 'GO:0009894']"
GO:BP,GO:0009415,response to water,1.0,False,"""Any process that results in a change in state or activity of a cell or an organism (in terms of movement, secretion, enzyme production, gene expression, etc.) as a result of a stimulus reflecting the presence, absence, or concentration of water."" [GOC:jl]",12,54,1,20972,0.018518518518518517,0.08333333333333333,query_1,"['GO:0001101', 'GO:0009628', 'GO:1901700']"
GO:BP,GO:0009416,response to light stimulus,1.0,False,"""Any process that results in a change in state or activity of a cell or an organism (in terms of movement, secretion, enzyme production, gene expression, etc.) as a result of a light stimulus, electromagnetic radiation of wavelengths classified as infrared, visible or ultraviolet light."" [GOC:go_curators, ISBN:0582227089]",319,54,2,20972,0.037037037037037035,0.006269592476489028,query_1,['GO:0009314']
GO:BP,GO:0009451,RNA modification,1.0,False,"""The covalent alteration of one or more nucleotides within an RNA molecule to produce an RNA molecule with a sequence that differs from that coded genetically."" [GOC:go_curators, ISBN:1555811337]",171,54,1,20972,0.018518518518518517,0.005847953216374269,query_1,"['GO:0016070', 'GO:0043412']"
GO:BP,GO:0009566,fertilization,1.0,False,"""The union of gametes of opposite sexes during the process of sexual reproduction to form a zygote. It involves the fusion of the gametic nuclei (karyogamy) and cytoplasm (plasmogamy)."" [GOC:tb, ISBN:0198506732]",229,54,1,20972,0.018518518518518517,0.004366812227074236,query_1,"['GO:0019953', 'GO:0022414']"
GO:BP,GO:0009890,negative regulation of biosynthetic process,1.0,False,"""Any process that stops, prevents, or reduces the rate of the chemical reactions and pathways resulting in the formation of substances."" [GOC:go_curators]",2802,54,4,20972,0.07407407407407407,0.0014275517487508922,query_1,"['GO:0009058', 'GO:0009889', 'GO:0009892']"
GO:BP,GO:0010507,negative regulation of autophagy,1.0,False,"""Any process that stops, prevents, or reduces the frequency, rate or extent of autophagy. Autophagy is the process in which cells digest parts of their own cytoplasm."" [GOC:dph, GOC:tb]",97,54,1,20972,0.018518518518518517,0.010309278350515464,query_1,"['GO:0006914', 'GO:0009895', 'GO:0010506']"
GO:BP,GO:0010506,regulation of autophagy,1.0,False,"""Any process that modulates the frequency, rate or extent of autophagy. Autophagy is the process in which cells digest parts of their own cytoplasm."" [GOC:dph, GOC:tb]",364,54,2,20972,0.037037037037037035,0.005494505494505495,query_1,"['GO:0006914', 'GO:0009894']"
GO:BP,GO:0010498,proteasomal protein catabolic process,1.0,False,"""The chemical reactions and pathways resulting in the breakdown of a protein or peptide by hydrolysis of its peptide bonds that is mediated by the proteasome."" [GOC:tb]",599,54,1,20972,0.018518518518518517,0.001669449081803005,query_1,['GO:0030163']
GO:BP,GO:0010562,positive regulation of phosphorus metabolic process,1.0,False,"""Any process that increases the frequency, rate or extent of the chemical reactions and pathways involving phosphorus or compounds containing phosphorus."" [GOC:dph, GOC:tb]",395,54,1,20972,0.018518518518518517,0.002531645569620253,query_1,"['GO:0006793', 'GO:0009893', 'GO:0051174']"
GO:BP,GO:0010565,regulation of ketone metabolic process,1.0,False,"""Any process that modulates the chemical reactions and pathways involving any of a class of organic compounds that contain the carbonyl group, CO, and in which the carbonyl group is bonded only to carbon atoms. The general formula for a ketone is RCOR, where R and R are alkyl or aryl groups."" [GOC:dph, GOC:tb]",127,54,2,20972,0.037037037037037035,0.015748031496062992,query_1,"['GO:0019222', 'GO:0042180']"
GO:BP,GO:0010604,positive regulation of macromolecule metabolic process,1.0,False,"""Any process that increases the frequency, rate or extent of the chemical reactions and pathways involving macromolecules, any molecule of high relative molecular mass, the structure of which essentially comprises the multiple repetition of units derived, actually or conceptually, from molecules of low relative molecular mass."" [GOC:dph, GOC:tb]",3152,54,3,20972,0.05555555555555555,0.0009517766497461929,query_1,"['GO:0009893', 'GO:0043170', 'GO:0060255']"
GO:BP,GO:0010605,negative regulation of macromolecule metabolic process,1.0,False,"""Any process that decreases the frequency, rate or extent of the chemical reactions and pathways involving macromolecules, any molecule of high relative molecular mass, the structure of which essentially comprises the multiple repetition of units derived, actually or conceptually, from molecules of low relative molecular mass."" [GOC:dph, GOC:tb]",3080,54,5,20972,0.09259259259259259,0.0016233766233766235,query_1,"['GO:0009892', 'GO:0043170', 'GO:0060255']"
GO:BP,GO:0010608,post-transcriptional regulation of gene expression,1.0,False,"""Any process that modulates the frequency, rate or extent of gene expression after the production of an RNA transcript."" [GOC:dph, GOC:tb]",1070,54,1,20972,0.018518518518518517,0.0009345794392523365,query_1,['GO:0010468']
GO:BP,GO:0010628,positive regulation of gene expression,1.0,False,"""Any process that increases the frequency, rate or extent of gene expression. Gene expression is the process in which a gene's coding sequence is converted into a mature gene product (protein or RNA)."" [GOC:txnOH-2018]",1184,54,2,20972,0.037037037037037035,0.0016891891891891893,query_1,"['GO:0010467', 'GO:0010468', 'GO:0010557']"
GO:BP,GO:0010629,negative regulation of gene expression,1.0,False,"""Any process that decreases the frequency, rate or extent of gene expression. Gene expression is the process in which a gene's coding sequence is converted into a mature gene product (protein or RNA)."" [GOC:txnOH-2018]",1678,54,3,20972,0.05555555555555555,0.0017878426698450535,query_1,"['GO:0010467', 'GO:0010468', 'GO:0010558']"
GO:BP,GO:0010638,positive regulation of organelle organization,1.0,False,"""Any process that increases the frequency, rate or extent of a process involved in the formation, arrangement of constituent parts, or disassembly of an organelle."" [GOC:dph, GOC:tb]",499,54,1,20972,0.018518518518518517,0.002004008016032064,query_1,"['GO:0006996', 'GO:0033043', 'GO:0051130']"
GO:BP,GO:0010646,regulation of cell communication,1.0,False,"""Any process that modulates the frequency, rate or extent of cell communication. Cell communication is the process that mediates interactions between a cell and its surroundings. Encompasses interactions such as signaling or attachment between one cell and another cell, between a cell and an extracellular matrix, or between a cell and any other aspect of its environment."" [GOC:dph, GOC:tb]",3480,54,10,20972,0.18518518518518517,0.0028735632183908046,query_1,"['GO:0007154', 'GO:0050794']"
GO:BP,GO:0010647,positive regulation of cell communication,1.0,False,"""Any process that increases the frequency, rate or extent of cell communication. Cell communication is the process that mediates interactions between a cell and its surroundings. Encompasses interactions such as signaling or attachment between one cell and another cell, between a cell and an extracellular matrix, or between a cell and any other aspect of its environment."" [GOC:dph, GOC:tb]",1778,54,6,20972,0.1111111111111111,0.003374578177727784,query_1,"['GO:0007154', 'GO:0010646', 'GO:0048522']"
GO:BP,GO:0010648,negative regulation of cell communication,1.0,False,"""Any process that decreases the frequency, rate or extent of cell communication. Cell communication is the process that mediates interactions between a cell and its surroundings. Encompasses interactions such as signaling or attachment between one cell and another cell, between a cell and an extracellular matrix, or between a cell and any other aspect of its environment."" [GOC:dph, GOC:tb]",1449,54,5,20972,0.09259259259259259,0.003450655624568668,query_1,"['GO:0007154', 'GO:0010646', 'GO:0048523']"
GO:BP,GO:0010712,regulation of collagen metabolic process,1.0,False,"""Any process that modulates the frequency, rate or extent of the chemical reactions and pathways resulting in the metabolism of collagen, any of a group of fibrous proteins of very high tensile strength that form the main component of connective tissue in animals."" [GOC:dph, GOC:tb]",37,54,1,20972,0.018518518518518517,0.02702702702702703,query_1,"['GO:0019222', 'GO:0032963']"
GO:BP,GO:0010714,positive regulation of collagen metabolic process,1.0,False,"""Any process that increases the frequency, rate or extent of the chemical reactions and pathways resulting in the metabolism of collagen, any of a group of fibrous proteins of very high tensile strength that form the main component of connective tissue in animals."" [GOC:dph, GOC:tb]",23,54,1,20972,0.018518518518518517,0.043478260869565216,query_1,"['GO:0009893', 'GO:0010712', 'GO:0032963']"
GO:BP,GO:0009914,hormone transport,1.0,False,"""The directed movement of hormones into, out of or within a cell, or between cells, by means of some agent such as a transporter or pore."" [GOC:tb]",330,54,1,20972,0.018518518518518517,0.0030303030303030303,query_1,"['GO:0006810', 'GO:0010817']"
GO:BP,GO:0009966,regulation of signal transduction,1.0,False,"""Any process that modulates the frequency, rate or extent of signal transduction."" [GOC:sm]",3031,54,10,20972,0.18518518518518517,0.003299241174529858,query_1,"['GO:0007165', 'GO:0010646', 'GO:0023051', 'GO:0048583']"
GO:BP,GO:0009967,positive regulation of signal transduction,1.0,False,"""Any process that activates or increases the frequency, rate or extent of signal transduction."" [GOC:sm]",1569,54,6,20972,0.1111111111111111,0.0038240917782026767,query_1,"['GO:0007165', 'GO:0009966', 'GO:0010647', 'GO:0023056', 'GO:0048584']"
GO:BP,GO:0009968,negative regulation of signal transduction,1.0,False,"""Any process that stops, prevents, or reduces the frequency, rate or extent of signal transduction."" [GOC:sm]",1341,54,5,20972,0.09259259259259259,0.0037285607755406414,query_1,"['GO:0007165', 'GO:0009966', 'GO:0010648', 'GO:0023057', 'GO:0048585']"
GO:BP,GO:0009987,cellular process,1.0,False,"""Any process that is carried out at the cellular level, but not necessarily restricted to a single cell. For example, cell communication occurs among more than one cell, but occurs at the cellular level."" [GOC:go_curators, GOC:isa_complete]",20233,54,54,20972,1.0,0.002668907230761627,query_1,['GO:0008150']
GO:BP,GO:0010001,glial cell differentiation,1.0,False,"""The process in which a relatively unspecialized cell acquires the specialized features of a glial cell."" [GOC:go_curators, GOC:mtg_sensu]",249,54,2,20972,0.037037037037037035,0.008032128514056224,query_1,"['GO:0030154', 'GO:0042063']"
GO:BP,GO:0010038,response to metal ion,1.0,False,"""Any process that results in a change in state or activity of a cell or an organism (in terms of movement, secretion, enzyme production, gene expression, etc.) as a result of a metal ion stimulus."" [GOC:sm]",320,54,1,20972,0.018518518518518517,0.003125,query_1,['GO:0042221']
GO:BP,GO:0010256,endomembrane system organization,1.0,False,"""A process that is carried out at the cellular level which results in the assembly, arrangement of constituent parts, or disassembly of the endomembrane system."" [GOC:mah, GOC:sm]",627,54,2,20972,0.037037037037037035,0.003189792663476874,query_1,['GO:0016043']
GO:BP,GO:0010467,gene expression,1.0,False,"""The process in which a gene's sequence is converted into a mature gene product (protein or RNA). This includes the production of an RNA transcript and its processing, as well as translation and maturation for protein-coding genes."" [GOC:txnOH-2018, PMID:25934543, PMID:31580950]",9232,54,12,20972,0.2222222222222222,0.0012998266897746968,query_1,['GO:0009059']
GO:BP,GO:0010468,regulation of gene expression,1.0,False,"""Any process that modulates the frequency, rate or extent of gene expression. Gene expression is the process in which a gene's coding sequence is converted into a mature gene product (protein or RNA)."" [GOC:txnOH-2018]",5549,54,6,20972,0.1111111111111111,0.001081275905568571,query_1,"['GO:0010467', 'GO:0010556']"
GO:BP,GO:0009582,detection of abiotic stimulus,1.0,False,"""The series of events in which an (non-living) abiotic stimulus is received by a cell and converted into a molecular signal."" [GOC:hb]",150,54,1,20972,0.018518518518518517,0.006666666666666667,query_1,"['GO:0009628', 'GO:0051606']"
GO:BP,GO:0007229,integrin-mediated signaling pathway,1.0,False,"""The series of molecular signals initiated by an extracellular ligand binding to an integrin on the surface of a target cell, and ending with the regulation of a downstream cellular process, e.g. transcription."" [GOC:mah, GOC:signaling]",118,54,1,20972,0.018518518518518517,0.00847457627118644,query_1,['GO:0007166']
GO:BP,GO:0007249,canonical NF-kappaB signal transduction,1.0,False,"""An intracellular signaling cassette characterized by the I-kappaB-kinase (IKK)-dependent activation of NF-kappaB, also known as the canonical NF-kappaB signaling cascade. The cascade begins with activation of a trimeric IKK complex (consisting of catalytic kinase subunits IKKalpha and/or IKKbeta, and the regulatory scaffold protein NEMO) and ends with the regulation of transcription of target genes by NF-kappaB. In a resting state, NF-kappaB dimers are bound to I-kappaB proteins, sequestering NF-kappaB in the cytoplasm. Phosphorylation of I-kappaB targets I-kappaB for ubiquitination and proteasomal degradation, thus releasing the NF-kappaB dimers, which can translocate to the nucleus to bind DNA and regulate transcription. The canonical NF-kappaB pathway is mainly stimulated by proinflammatory cytokines such as IL-1beta, tumor necrosis factor (TNF)-alpha, antigen ligands, and toll-like receptors (TLRs)."" [GOC:bf, PMID:12773372, PMID:34659217]",315,54,1,20972,0.018518518518518517,0.0031746031746031746,query_1,['GO:0141124']
GO:BP,GO:0006955,immune response,1.0,False,"""Any immune system process that functions in the calibrated response of an organism to a potential internal or invasive threat."" [GO_REF:0000022, GOC:add]",2118,54,10,20972,0.18518518518518517,0.004721435316336166,query_1,"['GO:0002376', 'GO:0050896']"
GO:BP,GO:0002449,lymphocyte mediated immunity,1.0,False,"""Any process involved in the carrying out of an immune response by a lymphocyte."" [GO_REF:0000022, GOC:add, ISBN:0781735149]",377,54,3,20972,0.05555555555555555,0.007957559681697613,query_1,['GO:0002443']
GO:BP,GO:0002455,humoral immune response mediated by circulating immunoglobulin,1.0,False,"""An immune response dependent upon secreted immunoglobulin. An example of this process is found in Mus musculus."" [GO_REF:0000022, GOC:add, ISBN:0781735149]",51,54,1,20972,0.018518518518518517,0.0196078431372549,query_1,"['GO:0006959', 'GO:0016064']"
GO:BP,GO:0002456,T cell mediated immunity,1.0,False,"""Any process involved in the carrying out of an immune response by a T cell."" [GO_REF:0000022, GOC:add, ISBN:0781735149]",131,54,1,20972,0.018518518518518517,0.007633587786259542,query_1,"['GO:0002449', 'GO:0002460']"
GO:BP,GO:0002460,adaptive immune response based on somatic recombination of immune receptors built from immunoglobulin superfamily domains,1.0,False,"""An immune response mediated by lymphocytes expressing specific receptors for antigen produced through a somatic diversification process that includes somatic recombination of germline gene segments encoding immunoglobulin superfamily domains. Recombined receptors for antigen encoded by immunoglobulin superfamily domains include T cell receptors and immunoglobulins (antibodies) produced by B cells. The first encounter with antigen elicits a primary immune response that is slow and not of great magnitude. T and B cells selected by antigen become activated and undergo clonal expansion. A fraction of antigen-reactive T and B cells become memory cells, whereas others differentiate into effector cells. The memory cells generated during the primary response enable a much faster and stronger secondary immune response upon subsequent exposures to the same antigen (immunological memory). An example of this is the adaptive immune response found in Mus musculus."" [GOC:add, GOC:mtg_sensu, ISBN:0781735149, ISBN:1405196831]",389,54,2,20972,0.037037037037037035,0.005141388174807198,query_1,['GO:0002250']
GO:BP,GO:0002526,acute inflammatory response,1.0,False,"""Inflammation which comprises a rapid, short-lived, relatively uniform response to acute injury or antigenic challenge and is characterized by accumulations of fluid, plasma proteins, and granulocytic leukocytes. An acute inflammatory response occurs within a matter of minutes or hours, and either resolves within a few days or becomes a chronic inflammatory response."" [GO_REF:0000022, GOC:add, ISBN:0781735149]",104,54,1,20972,0.018518518518518517,0.009615384615384616,query_1,['GO:0006954']
GO:BP,GO:0002532,production of molecular mediator involved in inflammatory response,1.0,False,"""The synthesis or release of any molecular mediator of the inflammatory response following an inflammatory stimulus, resulting in an increase in its intracellular or extracellular levels."" [GOC:add, GOC:dph, GOC:tb, ISBN:0781735149]",97,54,1,20972,0.018518518518518517,0.010309278350515464,query_1,"['GO:0006954', 'GO:0032501']"
GO:BP,GO:0002534,cytokine production involved in inflammatory response,1.0,False,"""The synthesis or release of a cytokine following a inflammatory stimulus as part of an inflammatory response, resulting in an increase in its intracellular or extracellular levels."" [GOC:add, ISBN:0781735149]",69,54,1,20972,0.018518518518518517,0.014492753623188406,query_1,"['GO:0001816', 'GO:0002532']"
GO:BP,GO:0002682,regulation of immune system process,1.0,False,"""Any process that modulates the frequency, rate, or extent of an immune system process."" [GOC:add]",1594,54,6,20972,0.1111111111111111,0.0037641154328732747,query_1,"['GO:0002376', 'GO:0050789']"
GO:BP,GO:0002683,negative regulation of immune system process,1.0,False,"""Any process that stops, prevents, or reduces the frequency, rate, or extent of an immune system process."" [GOC:add]",522,54,1,20972,0.018518518518518517,0.0019157088122605363,query_1,"['GO:0002376', 'GO:0002682', 'GO:0048519']"
GO:BP,GO:0002684,positive regulation of immune system process,1.0,False,"""Any process that activates or increases the frequency, rate, or extent of an immune system process."" [GOC:add]",1111,54,5,20972,0.09259259259259259,0.004500450045004501,query_1,"['GO:0002376', 'GO:0002682', 'GO:0048518']"
GO:BP,GO:0002446,neutrophil mediated immunity,1.0,False,"""Any process involved in the carrying out of an immune response by a neutrophil."" [GO_REF:0000022, GOC:add, ISBN:0781735149]",39,54,1,20972,0.018518518518518517,0.02564102564102564,query_1,['GO:0002444']
GO:BP,GO:0002697,regulation of immune effector process,1.0,False,"""Any process that modulates the frequency, rate, or extent of an immune effector process."" [GOC:add]",395,54,2,20972,0.037037037037037035,0.005063291139240506,query_1,"['GO:0002252', 'GO:0002682']"
GO:BP,GO:0002128,tRNA nucleoside ribose methylation,1.0,False,"""The process that results in the modification of the sugar of a nucleoside in tRNA at the 2'O position."" [GOC:hjd, ISBN:155581073X]",3,54,1,20972,0.018518518518518517,0.3333333333333333,query_1,['GO:0030488']
GO:BP,GO:0002130,wobble position ribose methylation,1.0,False,"""The process in which the ribose base of the nucleotide at position 34 in the anticodon of a tRNA is post-transcriptionally methylated at the 2'O position."" [GOC:hjd, ISBN:155581073X]",2,54,1,20972,0.018518518518518517,0.5,query_1,['GO:0002128']
GO:BP,GO:0002176,male germ cell proliferation,1.0,False,"""The multiplication or reproduction of male germ cells, resulting in the expansion of a cell population."" [GOC:hjd]",8,54,1,20972,0.018518518518518517,0.125,query_1,['GO:0036093']
GO:BP,GO:0002218,activation of innate immune response,1.0,False,"""Any process that initiates an innate immune response. Innate immune responses are defense responses mediated by germline encoded components that directly recognize components of potential pathogens. Examples of this process include activation of the hypersensitive response of Arabidopsis thaliana and activation of any NOD or TLR signaling pathway in vertebrate species."" [GO_REF:0000022, GOC:add, GOC:mtg_sensu, ISBN:0781735149, PMID:15199967, PMID:16177805]",320,54,4,20972,0.07407407407407407,0.0125,query_1,"['GO:0002253', 'GO:0045089']"
GO:BP,GO:0002220,innate immune response activating cell surface receptor signaling pathway,1.0,False,"""The series of molecular signals initiated by a ligand binding to a cell surface receptor that leads to the activation of an innate immune response."" [GOC:add, ISBN:0781735149, PMID:15199967]",90,54,1,20972,0.018518518518518517,0.011111111111111112,query_1,"['GO:0002429', 'GO:0002758']"
GO:BP,GO:0002221,pattern recognition receptor signaling pathway,1.0,False,"""The series of molecular signals initiated by a ligand binding to a pattern recognition receptor (PRR), and ending with the regulation of a downstream cellular process, e.g. transcription. PRRs bind pathogen-associated molecular pattern (PAMPs), structures conserved among microbial species, or damage-associated molecular pattern (DAMPs), endogenous molecules released from damaged cells."" [GOC:add, GOC:ar, ISBN:0781735149, PMID:15199967]",284,54,4,20972,0.07407407407407407,0.014084507042253521,query_1,['GO:0002758']
GO:BP,GO:0002224,toll-like receptor signaling pathway,1.0,False,"""The series of molecular signals initiated by a ligand binding to a toll-like receptor of a target cell. Toll-like receptors directly bind pattern motifs from a variety of microbial sources to initiate an innate immune response."" [GO_REF:0000022, GOC:add, ISBN:0781735149, PMID:12467241, PMID:12524386, PMID:12855817, PMID:15585605, PMID:15728447]",81,54,3,20972,0.05555555555555555,0.037037037037037035,query_1,['GO:0002221']
GO:BP,GO:0002228,natural killer cell mediated immunity,1.0,False,"""The promotion of an immune response by natural killer cells through direct recognition of target cells or through the release of cytokines."" [GO_REF:0000022, GOC:add, ISBN:0781735149]",86,54,1,20972,0.018518518518518517,0.011627906976744186,query_1,"['GO:0002449', 'GO:0045087']"
GO:BP,GO:0002237,response to molecule of bacterial origin,1.0,False,"""Any process that results in a change in state or activity of an organism (in terms of movement, secretion, enzyme production, gene expression, etc.) as a result of a stimulus by molecules of bacterial origin such as peptides derived from bacterial flagellin."" [GOC:rl, GOC:sm]",345,54,2,20972,0.037037037037037035,0.005797101449275362,query_1,"['GO:0009617', 'GO:0043207']"
GO:BP,GO:0002244,hematopoietic progenitor cell differentiation,1.0,False,"""The process in which precursor cell type acquires the specialized features of a hematopoietic progenitor cell, a class of cell types including myeloid progenitor cells and lymphoid progenitor cells."" [GOC:add, GOC:rl, ISBN:0781735149, PMID:16551251]",139,54,1,20972,0.018518518518518517,0.007194244604316547,query_1,"['GO:0030097', 'GO:0030154']"
GO:BP,GO:0002115,store-operated calcium entry,1.0,False,"""A calcium ion entry mechanism in the plasma membrane activated by the depletion of calcium ion from the internal calcium ion store in the endoplasmic reticulum."" [GOC:hjd, PMID:11120592, PMID:17956991]",23,54,1,20972,0.018518518518518517,0.043478260869565216,query_1,['GO:0006816']
GO:BP,GO:0002250,adaptive immune response,1.0,False,"""An immune response mediated by cells expressing specific receptors for antigens produced through a somatic diversification process, and allowing for an enhanced secondary response to subsequent exposures to the same antigen (immunological memory)."" [GO_REF:0000022, GOC:add, ISBN:0781735149]",761,54,3,20972,0.05555555555555555,0.003942181340341655,query_1,['GO:0006955']
GO:BP,GO:0002444,myeloid leukocyte mediated immunity,1.0,False,"""Any process involved in the carrying out of an immune response by a myeloid leukocyte."" [GO_REF:0000022, GOC:add, ISBN:0781735149]",115,54,1,20972,0.018518518518518517,0.008695652173913044,query_1,['GO:0002443']
GO:BP,GO:0002429,immune response-activating cell surface receptor signaling pathway,1.0,False,"""The series of molecular signals initiated by an extracellular ligand binding to a receptor on the surface of a cell, leading to the activation or perpetuation of an immune response."" [GO_REF:0000022, GOC:add, ISBN:0781735149]",313,54,1,20972,0.018518518518518517,0.003194888178913738,query_1,"['GO:0002757', 'GO:0002768']"
GO:BP,GO:0003338,metanephros morphogenesis,1.0,False,"""The process in which the anatomical structures of the metanephros are generated and organized."" [GOC:dph, GOC:yaf]",30,54,1,20972,0.018518518518518517,0.03333333333333333,query_1,"['GO:0001656', 'GO:0060993']"
GO:BP,GO:0003360,brainstem development,1.0,False,"""The progression of the brainstem from its formation to the mature structure. The brainstem is the part of the brain that connects the brain with the spinal cord."" [GOC:dph]",8,54,1,20972,0.018518518518518517,0.125,query_1,['GO:0048856']
GO:BP,GO:0005975,carbohydrate metabolic process,1.0,False,"""The chemical reactions and pathways involving carbohydrates, any of a group of organic compounds based of the general formula Cx(H2O)y."" [GOC:mah, ISBN:0198506732]",557,54,3,20972,0.05555555555555555,0.005385996409335727,query_1,['GO:0044238']
GO:BP,GO:0005996,monosaccharide metabolic process,1.0,False,"""The chemical reactions and pathways involving monosaccharides, the simplest carbohydrates. They are polyhydric alcohols containing either an aldehyde or a keto group and between three to ten or more carbon atoms. They form the constitutional repeating units of oligo- and polysaccharides."" [ISBN:0198506732]",252,54,1,20972,0.018518518518518517,0.003968253968253968,query_1,"['GO:0005975', 'GO:0044281']"
GO:BP,GO:0006012,galactose metabolic process,1.0,False,"""The chemical reactions and pathways involving galactose, the aldohexose galacto-hexose. D-galactose is widely distributed in combined form in plants, animals and microorganisms as a constituent of oligo- and polysaccharides; it also occurs in galactolipids and as its glucoside in lactose and melibiose."" [ISBN:0198506732]",14,54,1,20972,0.018518518518518517,0.07142857142857142,query_1,['GO:0019318']
GO:BP,GO:0002699,positive regulation of immune effector process,1.0,False,"""Any process that activates or increases the frequency, rate, or extent of an immune effector process."" [GOC:add]",256,54,1,20972,0.018518518518518517,0.00390625,query_1,"['GO:0002252', 'GO:0002684', 'GO:0002697']"
GO:BP,GO:0002703,regulation of leukocyte mediated immunity,1.0,False,"""Any process that modulates the frequency, rate, or extent of leukocyte mediated immunity."" [GOC:add]",252,54,1,20972,0.018518518518518517,0.003968253968253968,query_1,"['GO:0002443', 'GO:0002697']"
GO:BP,GO:0002706,regulation of lymphocyte mediated immunity,1.0,False,"""Any process that modulates the frequency, rate, or extent of lymphocyte mediated immunity."" [GOC:add]",193,54,1,20972,0.018518518518518517,0.0051813471502590676,query_1,"['GO:0002449', 'GO:0002703']"
GO:BP,GO:0002715,regulation of natural killer cell mediated immunity,1.0,False,"""Any process that modulates the frequency, rate, or extent of natural killer cell mediated immunity."" [GOC:add]",55,54,1,20972,0.018518518518518517,0.01818181818181818,query_1,"['GO:0002228', 'GO:0002706', 'GO:0045088']"
GO:BP,GO:0002752,cell surface pattern recognition receptor signaling pathway,1.0,False,"""The series of molecular signals initiated by a ligand binding to a cell surface pattern recognition receptor (PRR). PRRs bind pathogen-associated molecular pattern (PAMPs), structures conserved among microbial species."" [GOC:add, GOC:ar, ISBN:0781735149, PMID:15199967]",73,54,1,20972,0.018518518518518517,0.0136986301369863,query_1,"['GO:0002220', 'GO:0002221']"
GO:BP,GO:0002443,leukocyte mediated immunity,1.0,False,"""Any process involved in the carrying out of an immune response by a leukocyte."" [GO_REF:0000022, GOC:add, ISBN:0781735149]",475,54,4,20972,0.07407407407407407,0.008421052631578947,query_1,['GO:0002252']
GO:BP,GO:0002755,MyD88-dependent toll-like receptor signaling pathway,1.0,False,"""A toll-like receptor signaling pathway in which the MyD88 adaptor molecule mediates transduction of the signal. Toll-like receptors directly bind pattern motifs from a variety of microbial sources to initiate an innate immune response."" [GOC:add, ISBN:0781735149, PMID:12467241, PMID:12524386, PMID:12855817, PMID:15585605, PMID:15728447]",21,54,1,20972,0.018518518518518517,0.047619047619047616,query_1,['GO:0002224']
GO:BP,GO:0002758,innate immune response-activating signaling pathway,1.0,False,"""The series of molecular signals generated by a ligand binding to its receptor that lead to the activation or perpetuation of an innate immune response."" [GOC:jy, GOC:mah, PMID:11418339, PMID:28105028]",299,54,4,20972,0.07407407407407407,0.013377926421404682,query_1,"['GO:0002218', 'GO:0002757']"
GO:BP,GO:0002764,immune response-regulating signaling pathway,1.0,False,"""The cascade of processes by which a signal interacts with a receptor, causing a change in the level or activity of a second messenger or other downstream target, and ultimately leading to the activation, perpetuation, or inhibition of an immune response."" [GOC:add, ISBN:0781735149, PMID:15771571]",562,54,5,20972,0.09259259259259259,0.008896797153024912,query_1,"['GO:0007165', 'GO:0050776']"
GO:BP,GO:0002768,immune response-regulating cell surface receptor signaling pathway,1.0,False,"""The series of molecular signals initiated by an extracellular ligand binding to a receptor on the surface of the target cell capable of activating, perpetuating, or inhibiting an immune response."" [GOC:add, ISBN:0781735149, PMID:15771571]",343,54,1,20972,0.018518518518518517,0.0029154518950437317,query_1,"['GO:0002764', 'GO:0007166']"
GO:BP,GO:0002790,peptide secretion,1.0,False,"""The controlled release of a peptide from a cell or a tissue."" [GOC:add]",256,54,1,20972,0.018518518518518517,0.00390625,query_1,"['GO:0015833', 'GO:0046903']"
GO:BP,GO:0002791,regulation of peptide secretion,1.0,False,"""Any process that modulates the frequency, rate, or extent of peptide secretion."" [GOC:add]",207,54,1,20972,0.018518518518518517,0.004830917874396135,query_1,"['GO:0002790', 'GO:0051046', 'GO:0090087']"
GO:BP,GO:0002793,positive regulation of peptide secretion,1.0,False,"""Any process that activates or increases the frequency, rate, or extent of peptide secretion."" [GOC:add]",112,54,1,20972,0.018518518518518517,0.008928571428571428,query_1,"['GO:0002790', 'GO:0002791', 'GO:0051047']"
GO:BP,GO:0002831,regulation of response to biotic stimulus,1.0,False,"""Any process that modulates the frequency, rate, or extent of a response to biotic stimulus."" [GOC:add]",559,54,5,20972,0.09259259259259259,0.008944543828264758,query_1,"['GO:0009607', 'GO:0048583']"
GO:BP,GO:0002833,positive regulation of response to biotic stimulus,1.0,False,"""Any process that activates or increases the frequency, rate, or extent of a response to biotic stimulus."" [GOC:add]",414,54,4,20972,0.07407407407407407,0.00966183574879227,query_1,"['GO:0002831', 'GO:0009607', 'GO:0048584']"
GO:BP,GO:0003002,regionalization,1.0,False,"""The pattern specification process that results in the subdivision of an axis or axes in space to define an area or volume in which specific patterns of cell differentiation will take place or in which cells interpret a specific environment."" [GOC:dph, GOC:isa_complete]",422,54,1,20972,0.018518518518518517,0.002369668246445498,query_1,['GO:0007389']
GO:BP,GO:0002376,immune system process,1.0,False,"""Any process involved in the development or functioning of the immune system, an organismal system for calibrated responses to potential internal or invasive threats."" [GO_REF:0000022, GOC:add]",2913,54,13,20972,0.24074074074074073,0.004462753175420529,query_1,['GO:0008150']
GO:BP,GO:0002757,immune response-activating signaling pathway,1.0,False,"""The series of molecular signals generated by a ligand binding to its receptor that lead to the activation or perpetuation of an immune response."" [GOC:add]",516,54,4,20972,0.07407407407407407,0.007751937984496124,query_1,"['GO:0002253', 'GO:0002764']"
GO:BP,GO:0002251,organ or tissue specific immune response,1.0,False,"""An immune response taking place in an organ or tissues such as the liver, brain, mucosa, or nervous system tissues."" [GO_REF:0000022, GOC:jal]",43,54,1,20972,0.018518518518518517,0.023255813953488372,query_1,['GO:0006955']
GO:BP,GO:0002252,immune effector process,1.0,False,"""Any process of the immune system that executes a component of an immune response. An effector immune process takes place after its activation."" [GO_REF:0000022, GOC:add, ISBN:0781735149]",710,54,5,20972,0.09259259259259259,0.007042253521126761,query_1,['GO:0002376']
GO:BP,GO:0002253,activation of immune response,1.0,False,"""Any process that initiates an immune response."" [GO_REF:0000022, GOC:add, ISBN:0781735149]",581,54,5,20972,0.09259259259259259,0.008605851979345954,query_1,"['GO:0002376', 'GO:0050778']"
GO:BP,GO:0001503,ossification,1.0,False,"""The formation of bone or of a bony substance, or the conversion of fibrous tissue or of cartilage into bone or a bony substance."" [GOC:mtg_mpo, PMID:17572649]",424,54,4,20972,0.07407407407407407,0.009433962264150943,query_1,['GO:0032501']
GO:BP,GO:0001510,RNA methylation,1.0,False,"""Posttranscriptional addition of a methyl group to either a nucleotide or 2'-O ribose in a polyribonucleotide. Usually uses S-adenosylmethionine as a cofactor."" [GOC:hjd, PMID:21823225]",82,54,1,20972,0.018518518518518517,0.012195121951219513,query_1,"['GO:0009451', 'GO:0043414']"
GO:BP,GO:0001523,retinoid metabolic process,1.0,False,"""The chemical reactions and pathways involving retinoids, any member of a class of isoprenoids that contain or are derived from four prenyl groups linked head-to-tail. Retinoids include retinol and retinal and structurally similar natural derivatives or synthetic compounds, but need not have vitamin A activity."" [ISBN:0198506732]",86,54,3,20972,0.05555555555555555,0.03488372093023256,query_1,['GO:0016101']
GO:BP,GO:0001525,angiogenesis,1.0,False,"""Blood vessel formation when new vessels emerge from the proliferation of pre-existing blood vessels."" [ISBN:0878932453]",546,54,4,20972,0.07407407407407407,0.007326007326007326,query_1,"['GO:0048514', 'GO:0048646']"
GO:BP,GO:0001558,regulation of cell growth,1.0,False,"""Any process that modulates the frequency, rate, extent or direction of cell growth."" [GOC:go_curators]",399,54,2,20972,0.037037037037037035,0.005012531328320802,query_1,"['GO:0016049', 'GO:0040008', 'GO:0051128']"
GO:BP,GO:0001568,blood vessel development,1.0,False,"""The process whose specific outcome is the progression of a blood vessel over time, from its formation to the mature structure. The blood vessel is the vasculature carrying blood."" [GOC:hjd, UBERON:0001981]",727,54,6,20972,0.1111111111111111,0.008253094910591471,query_1,"['GO:0001944', 'GO:0048856']"
REAC,REAC:R-HSA-166665,Terminal pathway of complement,1.0,False,Terminal pathway of complement,8,39,1,11056,0.02564102564102564,0.125,query_1,['REAC:R-HSA-166658']
REAC,REAC:R-HSA-2453902,The canonical retinoid cycle in rods (twilight vision),1.0,False,The canonical retinoid cycle in rods (twilight vision),23,39,1,11056,0.02564102564102564,0.043478260869565216,query_1,['REAC:R-HSA-2187338']
REAC,REAC:R-HSA-456926,Thrombin signalling through proteinase activated receptors (PARs),1.0,False,Thrombin signalling through proteinase activated receptors (PARs),31,39,1,11056,0.02564102564102564,0.03225806451612903,query_1,['REAC:R-HSA-76002']
REAC,REAC:R-HSA-168142,Toll Like Receptor 10 (TLR10) Cascade,1.0,False,Toll Like Receptor 10 (TLR10) Cascade,95,39,1,11056,0.02564102564102564,0.010526315789473684,query_1,['REAC:R-HSA-168898']
GO:BP,GO:0001501,skeletal system development,1.0,False,"""The process whose specific outcome is the progression of the skeleton over time, from its formation to the mature structure. The skeleton is the bony framework of the body in vertebrates (endoskeleton) or the hard outer envelope of insects (exoskeleton or dermoskeleton)."" [GOC:dph, GOC:jid, GOC:tb]",538,54,1,20972,0.018518518518518517,0.0018587360594795538,query_1,['GO:0048731']
REAC,REAC:R-HSA-181438,Toll Like Receptor 2 (TLR2) Cascade,1.0,False,Toll Like Receptor 2 (TLR2) Cascade,114,39,1,11056,0.02564102564102564,0.008771929824561403,query_1,['REAC:R-HSA-168898']
REAC,REAC:R-HSA-166016,Toll Like Receptor 4 (TLR4) Cascade,1.0,False,Toll Like Receptor 4 (TLR4) Cascade,143,39,1,11056,0.02564102564102564,0.006993006993006993,query_1,['REAC:R-HSA-168898']
REAC,REAC:R-HSA-168176,Toll Like Receptor 5 (TLR5) Cascade,1.0,False,Toll Like Receptor 5 (TLR5) Cascade,95,39,1,11056,0.02564102564102564,0.010526315789473684,query_1,['REAC:R-HSA-168898']
REAC,REAC:R-HSA-168181,Toll Like Receptor 7/8 (TLR7/8) Cascade,1.0,False,Toll Like Receptor 7/8 (TLR7/8) Cascade,105,39,1,11056,0.02564102564102564,0.009523809523809525,query_1,['REAC:R-HSA-168898']
REAC,REAC:R-HSA-168138,Toll Like Receptor 9 (TLR9) Cascade,1.0,False,Toll Like Receptor 9 (TLR9) Cascade,108,39,1,11056,0.02564102564102564,0.009259259259259259,query_1,['REAC:R-HSA-168898']
REAC,REAC:R-HSA-168179,Toll Like Receptor TLR1:TLR2 Cascade,1.0,False,Toll Like Receptor TLR1:TLR2 Cascade,114,39,1,11056,0.02564102564102564,0.008771929824561403,query_1,['REAC:R-HSA-181438']
REAC,REAC:R-HSA-168188,Toll Like Receptor TLR6:TLR2 Cascade,1.0,False,Toll Like Receptor TLR6:TLR2 Cascade,111,39,1,11056,0.02564102564102564,0.009009009009009009,query_1,['REAC:R-HSA-181438']
REAC,REAC:R-HSA-168898,Toll-like Receptor Cascades,1.0,False,Toll-like Receptor Cascades,168,39,1,11056,0.02564102564102564,0.005952380952380952,query_1,['REAC:R-HSA-168249']
REAC,REAC:R-HSA-399719,Trafficking of AMPA receptors,1.0,False,Trafficking of AMPA receptors,27,39,1,11056,0.02564102564102564,0.037037037037037035,query_1,['REAC:R-HSA-399721']
REAC,REAC:R-HSA-416993,Trafficking of GluR2-containing AMPA receptors,1.0,False,Trafficking of GluR2-containing AMPA receptors,13,39,1,11056,0.02564102564102564,0.07692307692307693,query_1,['REAC:R-HSA-399719']
REAC,REAC:R-HSA-381340,Transcriptional regulation of white adipocyte differentiation,1.0,False,Transcriptional regulation of white adipocyte differentiation,83,39,1,11056,0.02564102564102564,0.012048192771084338,query_1,['REAC:R-HSA-9843745']
REAC,REAC:R-HSA-168164,Toll Like Receptor 3 (TLR3) Cascade,1.0,False,Toll Like Receptor 3 (TLR3) Cascade,103,39,1,11056,0.02564102564102564,0.009708737864077669,query_1,['REAC:R-HSA-168898']
GO:BP,GO:0001101,response to acid chemical,1.0,False,"""Any process that results in a change in state or activity of a cell or an organism (in terms of movement, secretion, enzyme production, gene expression, etc.) as a result of a stimulus by the chemical structure of the anion portion of a dissociated acid (rather than the acid acting as a proton donor). The acid chemical may be in gaseous, liquid or solid form."" [GOC:go_curators, GOC:rn]",129,54,1,20972,0.018518518518518517,0.007751937984496124,query_1,['GO:0042221']
GO:BP,GO:0000910,cytokinesis,1.0,False,"""The division of the cytoplasm and the plasma membrane of a cell and its partitioning into two daughter cells."" [GOC:mtg_cell_cycle]",194,54,1,20972,0.018518518518518517,0.005154639175257732,query_1,"['GO:0022402', 'GO:0051301']"
GO:BP,GO:0000902,cell morphogenesis,1.0,False,"""The developmental process in which the size or shape of a cell is generated and organized."" [GOC:clt, GOC:dph, GOC:go_curators, GOC:tb]",998,54,5,20972,0.09259259259259259,0.00501002004008016,query_1,['GO:0009653']
GO:BP,GO:0002262,myeloid cell homeostasis,1.0,False,"""The process of regulating the proliferation and elimination of myeloid cells such that the total number of myeloid cells within a whole or part of an organism is stable over time in the absence of an outside stimulus."" [CL:0000763, GOC:add]",181,54,1,20972,0.018518518518518517,0.0055248618784530384,query_1,"['GO:0002376', 'GO:0048872']"
GO:BP,GO:0001818,negative regulation of cytokine production,1.0,False,"""Any process that stops, prevents, or reduces the rate of production of a cytokine."" [GOC:add, ISBN:0781735149]",295,54,2,20972,0.037037037037037035,0.006779661016949152,query_1,"['GO:0001816', 'GO:0001817', 'GO:0010629', 'GO:0051241']"
GO:BP,GO:0001819,positive regulation of cytokine production,1.0,False,"""Any process that activates or increases the frequency, rate or extent of production of a cytokine."" [GOC:add, ISBN:0781735149]",492,54,1,20972,0.018518518518518517,0.0020325203252032522,query_1,"['GO:0001816', 'GO:0001817', 'GO:0010628', 'GO:0051240']"
GO:BP,GO:0001822,kidney development,1.0,False,"""The process whose specific outcome is the progression of the kidney over time, from its formation to the mature structure. The kidney is an organ that filters the blood and/or excretes the end products of body metabolism in the form of urine."" [GOC:dph, GOC:mtg_kidney_jan10, ISBN:0124020607, ISBN:0721662544]",320,54,2,20972,0.037037037037037035,0.00625,query_1,"['GO:0048513', 'GO:0072001']"
GO:BP,GO:0001823,mesonephros development,1.0,False,"""The process whose specific outcome is the progression of the mesonephros over time, from its formation to the mature structure. In mammals, the mesonephros is the second of the three embryonic kidneys to be established and exists only transiently. In lower vertebrates such as fish and amphibia, the mesonephros will form the mature kidney."" [GOC:dph, ISBN:0124020607, ISBN:0721662544, PMID:10535314]",104,54,1,20972,0.018518518518518517,0.009615384615384616,query_1,['GO:0001822']
GO:BP,GO:0001867,"complement activation, lectin pathway",1.0,False,"""Any process involved in the activation of any of the steps of the lectin pathway of the complement cascade which allows for the direct killing of microbes and the regulation of other immune processes."" [GOC:add, ISBN:0781735149]",11,54,1,20972,0.018518518518518517,0.09090909090909091,query_1,"['GO:0006956', 'GO:0045087']"
GO:BP,GO:0001890,placenta development,1.0,False,"""The process whose specific outcome is the progression of the placenta over time, from its formation to the mature structure. The placenta is an organ of metabolic interchange between fetus and mother, partly of embryonic origin and partly of maternal origin."" [GOC:add, ISBN:068340007X]",147,54,1,20972,0.018518518518518517,0.006802721088435374,query_1,['GO:0048513']
GO:BP,GO:0001906,cell killing,1.0,False,"""Any process in an organism that results in the killing of its own cells or those of another organism, including in some cases the death of the other organism. Killing here refers to the induction of death in one cell by another cell, not cell-autonomous death due to internal or other environmental conditions."" [GOC:add]",217,54,3,20972,0.05555555555555555,0.013824884792626729,query_1,['GO:0009987']
GO:BP,GO:0001909,leukocyte mediated cytotoxicity,1.0,False,"""The directed killing of a target cell by a leukocyte."" [GO_REF:0000022, GOC:add, ISBN:0781735149, PMID:11911826]",145,54,2,20972,0.037037037037037035,0.013793103448275862,query_1,"['GO:0001906', 'GO:0002443']"
GO:BP,GO:0001910,regulation of leukocyte mediated cytotoxicity,1.0,False,"""Any process that modulates the frequency, rate, or extent of leukocyte mediated cytotoxicity."" [GOC:add, ISBN:0781735149, PMID:11911826]",94,54,1,20972,0.018518518518518517,0.010638297872340425,query_1,"['GO:0001909', 'GO:0002703', 'GO:0031341']"
GO:BP,GO:0001932,regulation of protein phosphorylation,1.0,False,"""Any process that modulates the frequency, rate or extent of addition of phosphate groups into an amino acid in a protein."" [GOC:hjd]",504,54,1,20972,0.018518518518518517,0.001984126984126984,query_1,"['GO:0006468', 'GO:0031399', 'GO:0042325']"
GO:BP,GO:0001934,positive regulation of protein phosphorylation,1.0,False,"""Any process that activates or increases the frequency, rate or extent of addition of phosphate groups to amino acids within a protein."" [GOC:hjd]",309,54,1,20972,0.018518518518518517,0.003236245954692557,query_1,"['GO:0001932', 'GO:0006468', 'GO:0031401', 'GO:0042327']"
GO:BP,GO:0001942,hair follicle development,1.0,False,"""The process whose specific outcome is the progression of the hair follicle over time, from its formation to the mature structure. A hair follicle is a tube-like opening in the epidermis where the hair shaft develops and into which the sebaceous glands open."" [GOC:dph, UBERON:0002073]",99,54,2,20972,0.037037037037037035,0.020202020202020204,query_1,"['GO:0022405', 'GO:0048856', 'GO:0098773']"
GO:BP,GO:0001944,vasculature development,1.0,False,"""The process whose specific outcome is the progression of the vasculature over time, from its formation to the mature structure. The vasculature is an interconnected tubular multi-tissue structure that contains fluid that is actively transported around the organism."" [GOC:dph, UBERON:0002409]",758,54,6,20972,0.1111111111111111,0.0079155672823219,query_1,"['GO:0048731', 'GO:0072359']"
GO:BP,GO:0001967,suckling behavior,1.0,False,"""Specific behavior of a newborn or infant mammal that results in the derivation of nourishment from the breast."" [GOC:dph, GOC:pr]",10,54,1,20972,0.018518518518518517,0.1,query_1,['GO:0007631']
GO:BP,GO:0002009,morphogenesis of an epithelium,1.0,False,"""The process in which the anatomical structures of epithelia are generated and organized. An epithelium consists of closely packed cells arranged in one or more layers, that covers the outer surfaces of the body or lines any internal cavity or tube."" [GOC:dph, GOC:jl, GOC:tb, ISBN:0198506732]",501,54,2,20972,0.037037037037037035,0.003992015968063872,query_1,"['GO:0048729', 'GO:0060429']"
GO:BP,GO:0002011,morphogenesis of an epithelial sheet,1.0,False,"""The process in which the anatomical structures of an epithelial sheet are generated and organized. An epithelial sheet is a flat surface consisting of closely packed epithelial cells."" [GOC:jl]",63,54,1,20972,0.018518518518518517,0.015873015873015872,query_1,['GO:0002009']
REAC,REAC:R-HSA-72766,Translation,1.0,False,Translation,292,39,1,11056,0.02564102564102564,0.003424657534246575,query_1,['REAC:R-HSA-392499']
GO:BP,GO:0000165,MAPK cascade,1.0,False,"""An intracellular protein kinase cascade containing at least a MAP kinase (MAPK). It starts with the activation of a MAP3K, and the consecutive activation of a MPK2K and a MAPK. The cascade can also contain an additional tier: the upstream MAP4K. The kinases in each tier phosphorylate and activate the kinase in the downstream tier to transmit a signal within a cell."" [PMID:20811974, PMID:9561267]",749,54,3,20972,0.05555555555555555,0.004005340453938585,query_1,['GO:0141124']
GO:BP,GO:0000266,mitochondrial fission,1.0,False,"""The division of a mitochondrion within a cell to form two or more separate mitochondrial compartments."" [PMID:11038192]",40,54,1,20972,0.018518518518518517,0.025,query_1,"['GO:0007005', 'GO:0048285']"
GO:BP,GO:0000278,mitotic cell cycle,1.0,False,"""Progression through the phases of the mitotic cell cycle, the most common eukaryotic cell cycle, which canonically comprises four successive phases called G1, S, G2, and M and includes replication of the genome and the subsequent segregation of chromosomes into daughter cells. In some variant cell cycles nuclear replication or nuclear division may not be followed by cell division, or G1 and G2 phases may be absent."" [GOC:mah, ISBN:0815316194]",893,54,1,20972,0.018518518518518517,0.0011198208286674132,query_1,['GO:0007049']
GO:BP,GO:0000281,mitotic cytokinesis,1.0,False,"""A cell cycle process that results in the division of the cytoplasm of a cell after mitosis, resulting in the separation of the original cell into two daughter cells."" [GOC:mtg_cell_cycle]",99,54,1,20972,0.018518518518518517,0.010101010101010102,query_1,"['GO:0061640', 'GO:1903047']"
GO:BP,GO:0000302,response to reactive oxygen species,1.0,False,"""Any process that results in a change in state or activity of a cell or an organism (in terms of movement, secretion, enzyme production, gene expression, etc.) as a result of a reactive oxygen species stimulus. Reactive oxygen species include singlet oxygen, superoxide, and oxygen free radicals."" [GOC:krc]",178,54,1,20972,0.018518518518518517,0.0056179775280898875,query_1,"['GO:0006979', 'GO:1901700']"
GO:BP,GO:0003281,ventricular septum development,1.0,False,"""The progression of the ventricular septum over time from its formation to the mature structure."" [GOC:mtg_heart]",73,54,1,20972,0.018518518518518517,0.0136986301369863,query_1,"['GO:0003231', 'GO:0003279']"
GO:BP,GO:0003279,cardiac septum development,1.0,False,"""The progression of a cardiac septum over time, from its initial formation to the mature structure."" [GOC:mtg_heart]",110,54,1,20972,0.018518518518518517,0.00909090909090909,query_1,"['GO:0003205', 'GO:0048856']"
GO:BP,GO:0003231,cardiac ventricle development,1.0,False,"""The process whose specific outcome is the progression of a cardiac ventricle over time, from its formation to the mature structure. A cardiac ventricle receives blood from a cardiac atrium and pumps it out of the heart."" [GOC:mtg_heart]",128,54,1,20972,0.018518518518518517,0.0078125,query_1,['GO:0003205']
GO:BP,GO:0003205,cardiac chamber development,1.0,False,"""The progression of a cardiac chamber over time, from its formation to the mature structure. A cardiac chamber is an enclosed cavity within the heart."" [GOC:mtg_heart]",171,54,1,20972,0.018518518518518517,0.005847953216374269,query_1,"['GO:0007507', 'GO:0048856']"
GO:BP,GO:0006950,response to stress,1.0,False,"""Any process that results in a change in state or activity of a cell or an organism (in terms of movement, secretion, enzyme production, gene expression, etc.) as a result of a disturbance in organismal or cellular homeostasis, usually, but not necessarily, exogenous (e.g. temperature, humidity, ionizing radiation)."" [GOC:mah]",3984,54,16,20972,0.2962962962962963,0.004016064257028112,query_1,['GO:0050896']
GO:BP,GO:0006952,defense response,1.0,False,"""Reactions, triggered in response to the presence of a foreign body or the occurrence of an injury, which result in restriction of damage to the organism attacked or prevention/recovery from the infection caused by the attack."" [GOC:go_curators]",1883,54,9,20972,0.16666666666666666,0.004779607010090282,query_1,['GO:0006950']
GO:BP,GO:0006953,acute-phase response,1.0,False,"""An acute inflammatory response that involves non-antibody proteins whose concentrations in the plasma increase in response to infection or injury of homeothermic animals."" [ISBN:0198506732]",45,54,1,20972,0.018518518518518517,0.022222222222222223,query_1,['GO:0002526']
GO:BP,GO:0006954,inflammatory response,1.0,False,"""The immediate defensive reaction (by vertebrate tissue) to infection or injury caused by chemical or physical agents. The process is characterized by local vasodilation, extravasation of plasma into intercellular spaces and accumulation of white blood cells and macrophages."" [GO_REF:0000022, ISBN:0198506732]",873,54,3,20972,0.05555555555555555,0.003436426116838488,query_1,['GO:0006952']
GO:BP,GO:0006787,porphyrin-containing compound catabolic process,1.0,False,"""The chemical reactions and pathways resulting in the breakdown of any member of a large group of derivatives or analogs of porphyrin. Porphyrin consists of a ring of four pyrrole nuclei linked each to the next at their alpha positions through a methine group."" [GOC:jl, ISBN:0198506732]",13,54,1,20972,0.018518518518518517,0.07692307692307693,query_1,"['GO:0006778', 'GO:0033015']"
GO:BP,GO:0006789,bilirubin conjugation,1.0,False,"""The chemical reactions and pathways resulting in the formation of bilirubin monoglucuronide or bilirubin diglucuronide, water-soluble derivatives of bilirubin."" [DOI:10.1016/0305-0491(80)90243-6]",2,54,1,20972,0.018518518518518517,0.5,query_1,['GO:0006787']
GO:BP,GO:0006790,sulfur compound metabolic process,1.0,False,"""The chemical reactions and pathways involving the nonmetallic element sulfur or compounds that contain sulfur, such as the amino acids methionine and cysteine or the tripeptide glutathione."" [GOC:ai]",259,54,3,20972,0.05555555555555555,0.011583011583011582,query_1,['GO:0008152']
GO:BP,GO:0006793,phosphorus metabolic process,1.0,False,"""The chemical reactions and pathways involving the nonmetallic element phosphorus or compounds that contain phosphorus."" [GOC:ai]",2199,54,9,20972,0.16666666666666666,0.004092769440654843,query_1,['GO:0008152']
GO:BP,GO:0006796,phosphate-containing compound metabolic process,1.0,False,"""The chemical reactions and pathways involving the phosphate group, the anion or salt of any phosphoric acid."" [GOC:ai]",2196,54,9,20972,0.16666666666666666,0.004098360655737705,query_1,['GO:0006793']
GO:BP,GO:0006805,xenobiotic metabolic process,1.0,False,"""The chemical reactions and pathways involving a xenobiotic compound, a compound foreign to the organism exposed to it. It may be synthesized by another organism (like ampicilin) or it can be a synthetic chemical."" [GOC:cab2, GOC:krc]",131,54,1,20972,0.018518518518518517,0.007633587786259542,query_1,"['GO:0008152', 'GO:0071466']"
GO:BP,GO:0006935,chemotaxis,1.0,False,"""The directed movement of a motile cell or organism, or the directed growth of a cell guided by a specific chemical concentration gradient. Movement may be towards a higher concentration (positive chemotaxis) or towards a lower concentration (negative chemotaxis)."" [ISBN:0198506732]",456,54,1,20972,0.018518518518518517,0.0021929824561403508,query_1,"['GO:0042221', 'GO:0042330']"
GO:BP,GO:0006810,transport,1.0,False,"""The directed movement of substances (such as macromolecules, small molecules, ions) or cellular components (such as complexes and organelles) into, out of or within a cell, or between cells, or within a multicellular organism by means of some agent such as a transporter or a transporter complex, a pore or a motor protein."" [GOC:dos, GOC:dph, GOC:jl, GOC:mah]",4370,54,16,20972,0.2962962962962963,0.0036613272311212816,query_1,['GO:0051234']
GO:BP,GO:0006812,monoatomic cation transport,1.0,False,"""The directed movement of a monoatomic cation, into, out of or within a cell, or between cells, by means of some agent such as a transporter or pore. Monatomic cations (also called simple cations) are positively charged ions consisting of exactly one atom."" [GOC:ai]",1052,54,5,20972,0.09259259259259259,0.004752851711026616,query_1,['GO:0006811']
GO:BP,GO:0006814,sodium ion transport,1.0,False,"""The directed movement of sodium ions (Na+) into, out of or within a cell, or between cells, by means of some agent such as a transporter or pore."" [GOC:ai]",245,54,1,20972,0.018518518518518517,0.004081632653061225,query_1,['GO:0030001']
GO:BP,GO:0006816,calcium ion transport,1.0,False,"""The directed movement of calcium (Ca) ions into, out of or within a cell, or between cells, by means of some agent such as a transporter or pore."" [GOC:ai]",421,54,4,20972,0.07407407407407407,0.009501187648456057,query_1,['GO:0030001']
GO:BP,GO:0006839,mitochondrial transport,1.0,False,"""Transport of substances into, out of or within a mitochondrion."" [GOC:ai]",39,54,1,20972,0.018518518518518517,0.02564102564102564,query_1,['GO:0046907']
GO:BP,GO:0006842,tricarboxylic acid transport,1.0,False,"""The directed movement of tricarboxylic acids into, out of or within a cell, or between cells, by means of some agent such as a transporter or pore."" [GOC:krc]",5,54,1,20972,0.018518518518518517,0.2,query_1,['GO:0046942']
GO:BP,GO:0006853,carnitine shuttle,1.0,False,"""The transfer of acyl groups to and from acyl-CoA molecules to form O-acylcarnitine, which can exchange across the mitochondrial inner membrane with unacylated carnitine."" [ISBN:0198547684]",4,54,1,20972,0.018518518518518517,0.25,query_1,"['GO:0015909', 'GO:0032365', 'GO:1902001', 'GO:1990542']"
GO:BP,GO:0006869,lipid transport,1.0,False,"""The directed movement of lipids into, out of or within a cell, or between cells, by means of some agent such as a transporter or pore. Lipids are compounds soluble in an organic solvent but not, or sparingly, in an aqueous solvent."" [ISBN:0198506732]",433,54,3,20972,0.05555555555555555,0.006928406466512702,query_1,"['GO:0006810', 'GO:0010876']"
GO:BP,GO:0006873,intracellular monoatomic ion homeostasis,1.0,False,"""A homeostatic process involved in the maintenance of a steady state level of monoatomic ions within a cell. Monatomic ions (also called simple ions) are ions consisting of exactly one atom."" [GOC:mah]",437,54,2,20972,0.037037037037037035,0.004576659038901602,query_1,"['GO:0050801', 'GO:0055082']"
GO:BP,GO:0006468,protein phosphorylation,1.0,False,"""The process of introducing a phosphate group on to a protein."" [GOC:hb]",982,54,3,20972,0.05555555555555555,0.003054989816700611,query_1,"['GO:0016310', 'GO:0036211']"
GO:BP,GO:0006470,protein dephosphorylation,1.0,False,"""The process of removing one or more phosphoric residues from a protein."" [GOC:hb]",140,54,1,20972,0.018518518518518517,0.007142857142857143,query_1,"['GO:0016311', 'GO:0036211']"
GO:BP,GO:0006811,monoatomic ion transport,1.0,False,"""The directed movement of a monoatomic ion into, out of or within a cell, or between cells, by means of some agent such as a transporter or pore. Monatomic ions (also called simple ions) are ions consisting of exactly one atom."" [GOC:ai]",1260,54,5,20972,0.09259259259259259,0.003968253968253968,query_1,['GO:0006810']
GO:BP,GO:0006915,apoptotic process,1.0,False,"""A programmed cell death process which begins when a cell receives an internal (e.g. DNA damage) or external signal (e.g. an extracellular death ligand), and proceeds through a series of biochemical events (signaling pathway phase) which trigger an execution phase. The execution phase is the last step of an apoptotic process, and is typically characterized by rounding-up of the cell, retraction of pseudopodes, reduction of cellular volume (pyknosis), chromatin condensation, nuclear fragmentation (karyorrhexis), plasma membrane blebbing and fragmentation of the cell into apoptotic bodies. When the execution phase is completed, the cell has died."" [GOC:cjm, GOC:dhl, GOC:ecd, GOC:go_curators, GOC:mtg_apoptosis, GOC:tb, ISBN:0198506732, PMID:18846107, PMID:21494263]",1898,54,6,20972,0.1111111111111111,0.003161222339304531,query_1,['GO:0012501']
GO:BP,GO:0006914,autophagy,1.0,False,"""The cellular catabolic process in which cells digest cellular materials, such as organelles and other macromolecular constituents, or non-self materials such as intracellular pathogens. Autophagy serves to provide essential nutrients under conditions of cellular stress; or can remodel intracellular structures during cell differentiation."" [GOC:autophagy, ISBN:0198547684, PMID:11099404, PMID:29455577, PMID:9412464]",599,54,3,20972,0.05555555555555555,0.005008347245409015,query_1,"['GO:0009056', 'GO:0061919']"
GO:BP,GO:0006913,nucleocytoplasmic transport,1.0,False,"""The directed movement of molecules between the nucleus and the cytoplasm."" [GOC:go_curators]",332,54,1,20972,0.018518518518518517,0.0030120481927710845,query_1,['GO:0051169']
GO:BP,GO:0006956,complement activation,1.0,False,"""Any process involved in the activation of any of the steps of the complement cascade, which allows for the direct killing of microbes, the disposal of immune complexes, and the regulation of other immune processes; the initial steps of complement activation involve one of three pathways, the classical pathway, the alternative pathway, and the lectin pathway, all of which lead to the terminal complement pathway."" [GO_REF:0000022, GOC:add, ISBN:0781735149]",62,54,2,20972,0.037037037037037035,0.03225806451612903,query_1,"['GO:0002252', 'GO:0002253', 'GO:0006959']"
GO:BP,GO:0006957,"complement activation, alternative pathway",1.0,False,"""Any process involved in the activation of any of the steps of the alternative pathway of the complement cascade which allows for the direct killing of microbes and the regulation of other immune processes."" [GOC:add, ISBN:0781735149]",17,54,1,20972,0.018518518518518517,0.058823529411764705,query_1,"['GO:0006956', 'GO:0045087']"
GO:BP,GO:0006958,"complement activation, classical pathway",1.0,False,"""Any process involved in the activation of any of the steps of the classical pathway of the complement cascade which allows for the direct killing of microbes, the disposal of immune complexes, and the regulation of other immune processes."" [GOC:add, ISBN:0781735149]",38,54,1,20972,0.018518518518518517,0.02631578947368421,query_1,"['GO:0002455', 'GO:0006956']"
GO:BP,GO:0006959,humoral immune response,1.0,False,"""An immune response mediated through a body fluid."" [GOC:hb, ISBN:0198506732]",271,54,3,20972,0.05555555555555555,0.01107011070110701,query_1,['GO:0006955']
GO:BP,GO:0006968,cellular defense response,1.0,False,"""A defense response that is mediated by cells."" [GOC:ebc]",52,54,2,20972,0.037037037037037035,0.038461538461538464,query_1,['GO:0006952']
GO:BP,GO:0006974,DNA damage response,1.0,False,"""Any process that results in a change in state or activity of a cell (in terms of movement, secretion, enzyme production, gene expression, etc.) as a result of a stimulus indicating damage to its DNA from environmental insults or errors during metabolism."" [GOC:go_curators]",929,54,2,20972,0.037037037037037035,0.002152852529601722,query_1,['GO:0033554']
GO:BP,GO:0006979,response to oxidative stress,1.0,False,"""Any process that results in a change in state or activity of a cell or an organism (in terms of movement, secretion, enzyme production, gene expression, etc.) as a result of oxidative stress, a state often resulting from exposure to high levels of reactive oxygen species, e.g. superoxide anions, hydrogen peroxide (H2O2), and hydroxyl radicals."" [GOC:jl, PMID:12115731]",374,54,2,20972,0.037037037037037035,0.0053475935828877,query_1,['GO:0006950']
GO:BP,GO:0006986,response to unfolded protein,1.0,False,"""Any process that results in a change in state or activity of a cell or an organism (in terms of movement, secretion, enzyme production, gene expression, etc.) as a result of an unfolded protein stimulus."" [GOC:jl]",145,54,1,20972,0.018518518518518517,0.006896551724137931,query_1,['GO:0035966']
GO:BP,GO:0006996,organelle organization,1.0,False,"""A process that is carried out at the cellular level which results in the assembly, arrangement of constituent parts, or disassembly of an organelle within a cell. An organelle is an organized structure of distinctive morphology and function. Includes the nucleus, mitochondria, plastids, vacuoles, vesicles, ribosomes and the cytoskeleton. Excludes the plasma membrane."" [GOC:mah]",3573,54,8,20972,0.14814814814814814,0.002239014833473272,query_1,['GO:0016043']
GO:BP,GO:0007005,mitochondrion organization,1.0,False,"""A process that is carried out at the cellular level which results in the assembly, arrangement of constituent parts, or disassembly of a mitochondrion; includes mitochondrial morphogenesis and distribution, and replication of the mitochondrial genome as well as synthesis of new mitochondrial components."" [GOC:dph, GOC:jl, GOC:mah, GOC:sgd_curators, PMID:9786946]",401,54,4,20972,0.07407407407407407,0.00997506234413965,query_1,['GO:0006996']
GO:BP,GO:0007010,cytoskeleton organization,1.0,False,"""A process that is carried out at the cellular level which results in the assembly, arrangement of constituent parts, or disassembly of cytoskeletal structures."" [GOC:dph, GOC:jl, GOC:mah]",1534,54,1,20972,0.018518518518518517,0.000651890482398957,query_1,['GO:0006996']
GO:BP,GO:0007017,microtubule-based process,1.0,False,"""Any cellular process that depends upon or alters the microtubule cytoskeleton, that part of the cytoskeleton comprising microtubules and their associated proteins."" [GOC:mah]",1015,54,1,20972,0.018518518518518517,0.0009852216748768472,query_1,['GO:0009987']
GO:BP,GO:0007018,microtubule-based movement,1.0,False,"""A microtubule-based process that results in the movement of organelles, other microtubules, or other cellular components. Examples include motor-driven movement along microtubules and movement driven by polymerization or depolymerization of microtubules."" [GOC:cjm, ISBN:0815316194]",481,54,1,20972,0.018518518518518517,0.002079002079002079,query_1,['GO:0007017']
GO:BP,GO:0007029,endoplasmic reticulum organization,1.0,False,"""A process that is carried out at the cellular level which results in the assembly, arrangement of constituent parts, or disassembly of the endoplasmic reticulum."" [GOC:dph, GOC:jl, GOC:mah]",103,54,2,20972,0.037037037037037035,0.019417475728155338,query_1,"['GO:0006996', 'GO:0010256']"
GO:BP,GO:0007049,cell cycle,1.0,False,"""The progression of biochemical and morphological phases and events that occur in a cell during successive cell replication or nuclear replication events. Canonically, the cell cycle comprises the replication and segregation of genetic material followed by the division of the cell, but in endocycles or syncytial cells nuclear replication or nuclear division may not be followed by cell division."" [GOC:go_curators, GOC:mtg_cell_cycle]",1668,54,3,20972,0.05555555555555555,0.0017985611510791368,query_1,['GO:0009987']
GO:BP,GO:0006874,intracellular calcium ion homeostasis,1.0,False,"""A homeostatic process involved in the maintenance of a steady state level of calcium ions within a cell."" [GOC:ceb, GOC:mah]",197,54,2,20972,0.037037037037037035,0.01015228426395939,query_1,"['GO:0030003', 'GO:0055074']"
GO:BP,GO:0006883,intracellular sodium ion homeostasis,1.0,False,"""A homeostatic process involved in the maintenance of a steady state level of sodium ions within a cell."" [GOC:ai, GOC:mah]",22,54,1,20972,0.018518518518518517,0.045454545454545456,query_1,"['GO:0030003', 'GO:0055078']"
GO:BP,GO:0006886,intracellular protein transport,1.0,False,"""The directed movement of proteins in a cell, including the movement of proteins between specific compartments or structures within a cell, such as organelles of a eukaryotic cell."" [GOC:mah]",653,54,3,20972,0.05555555555555555,0.004594180704441042,query_1,"['GO:0008104', 'GO:0015031', 'GO:0046907']"
GO:BP,GO:0006892,post-Golgi vesicle-mediated transport,1.0,False,"""The directed movement of substances from the Golgi to other parts of the cell, including organelles and the plasma membrane, mediated by small transport vesicles."" [GOC:ai, GOC:mah]",113,54,1,20972,0.018518518518518517,0.008849557522123894,query_1,['GO:0048193']
GO:BP,GO:0006897,endocytosis,1.0,False,"""A vesicle-mediated transport process in which cells take up external materials or membrane constituents by the invagination of a part of the plasma membrane to form a new membrane-bounded vesicle."" [GOC:mah, ISBN:0198506732, ISBN:0716731363, Wikipedia:Endocytosis]",694,54,6,20972,0.1111111111111111,0.008645533141210375,query_1,"['GO:0016192', 'GO:0098657']"
GO:BP,GO:0006907,pinocytosis,1.0,False,"""An endocytosis process that results in the uptake of liquid material by cells from their external environment; literally 'cell drinking'. Liquid is enclosed in vesicles, called pinosomes, formed by invagination of the plasma membrane."" [ISBN:0198506732]",22,54,1,20972,0.018518518518518517,0.045454545454545456,query_1,['GO:0006897']
GO:BP,GO:0006909,phagocytosis,1.0,False,"""A vesicle-mediated transport process that results in the engulfment of external particulate material by phagocytes and their delivery to the lysosome. The particles are initially contained within phagocytic vacuoles (phagosomes), which then fuse with primary lysosomes to effect digestion of the particles."" [ISBN:0198506732]",238,54,2,20972,0.037037037037037035,0.008403361344537815,query_1,['GO:0006897']
GO:BP,GO:0006910,"phagocytosis, recognition",1.0,False,"""The initial step in phagocytosis involving adhesion to bacteria, immune complexes and other particulate matter, or an apoptotic cell and based on recognition of factors such as bacterial cell wall components, opsonins like complement and antibody or protein receptors and lipids like phosphatidyl serine, and leading to intracellular signaling in the phagocytosing cell."" [GOC:curators, ISBN:0781735149]",29,54,1,20972,0.018518518518518517,0.034482758620689655,query_1,"['GO:0006909', 'GO:0008037']"
GO:BP,GO:0006493,protein O-linked glycosylation,1.0,False,"""A glycoprotein biosynthetic process starting with the covalent linkage of carbohydrate or carbohydrate derivative unit via a glycosidic bond to the oxygen atom of a serine, threonine, hydroxylysine, hydroxyproline or tyrosine side chain in a protein, which can be further elongated with the sequential addition of sugar units resulting in the formation of a protein O-linked glycan."" [PMID:33775405]",133,54,1,20972,0.018518518518518517,0.007518796992481203,query_1,['GO:0009101']
GO:BP,GO:0016601,Rac protein signal transduction,1.0,False,"""An intracellular signaling cassette in which a small monomeric GTPase of the Rac subfamily relays a signal."" [GOC:bf]",51,54,1,20972,0.018518518518518517,0.0196078431372549,query_1,['GO:0007264']
GO:BP,GO:0006508,proteolysis,1.0,False,"""The hydrolysis of proteins into smaller polypeptides and/or amino acids by cleavage of their peptide bonds."" [GOC:bf, GOC:mah]",801,54,5,20972,0.09259259259259259,0.006242197253433208,query_1,['GO:0019538']
GO:BP,GO:0006611,protein export from nucleus,1.0,False,"""The directed movement of a protein from the nucleus into the cytoplasm."" [GOC:jl]",61,54,1,20972,0.018518518518518517,0.01639344262295082,query_1,"['GO:0006886', 'GO:0051168']"
GO:BP,GO:0006023,aminoglycan biosynthetic process,1.0,False,"""The chemical reactions and pathways resulting in the formation of aminoglycans, any polymer containing amino groups that consists of more than about 10 monosaccharide residues joined to each other by glycosidic linkages."" [GOC:ai, ISBN:0198506732]",38,54,1,20972,0.018518518518518517,0.02631578947368421,query_1,"['GO:0006022', 'GO:0009059', 'GO:1901137']"
GO:BP,GO:0006024,glycosaminoglycan biosynthetic process,1.0,False,"""The chemical reactions and pathways resulting in the formation of glycosaminoglycans, any one of a group of linear polysaccharides composed of repeating disaccharide units."" [PMID:38500384]",30,54,1,20972,0.018518518518518517,0.03333333333333333,query_1,"['GO:0006023', 'GO:0030203']"
GO:BP,GO:0006026,aminoglycan catabolic process,1.0,False,"""The chemical reactions and pathways resulting in the breakdown of aminoglycans, any polymer containing amino groups that consists of more than about 10 monosaccharide residues joined to each other by glycosidic linkages."" [GOC:ai, ISBN:0198506732]",32,54,1,20972,0.018518518518518517,0.03125,query_1,"['GO:0006022', 'GO:0009057', 'GO:1901136']"
GO:BP,GO:0006029,proteoglycan metabolic process,1.0,False,"""The chemical reactions and pathways involving proteoglycans, any glycoprotein in which the carbohydrate units are glycosaminoglycans."" [PMID:35536939]",101,54,1,20972,0.018518518518518517,0.009900990099009901,query_1,['GO:0009100']
GO:BP,GO:0006030,chitin metabolic process,1.0,False,"""The chemical reactions and pathways involving chitin, a linear polysaccharide consisting of beta-(1->4)-linked N-acetyl-D-glucosamine residues."" [GOC:jl, ISBN:0198506732]",6,54,1,20972,0.018518518518518517,0.16666666666666666,query_1,"['GO:0006022', 'GO:0006040']"
GO:BP,GO:0006032,chitin catabolic process,1.0,False,"""The chemical reactions and pathways resulting in the breakdown of chitin, a linear polysaccharide consisting of beta-(1->4)-linked N-acetyl-D-glucosamine residues."" [GOC:jl, ISBN:0198506732]",6,54,1,20972,0.018518518518518517,0.16666666666666666,query_1,"['GO:0006026', 'GO:0006030', 'GO:1901072']"
GO:BP,GO:0006040,amino sugar metabolic process,1.0,False,"""The chemical reactions and pathways involving any amino sugar, sugars containing an amino group in place of a hydroxyl group."" [GOC:jl, ISBN:0192801023]",41,54,1,20972,0.018518518518518517,0.024390243902439025,query_1,['GO:1901135']
GO:BP,GO:0006065,UDP-glucuronate biosynthetic process,1.0,False,"""The chemical reactions and pathways resulting in the formation of UDP-glucuronate, a substance composed of glucuronic acid in glycosidic linkage with uridine diphosphate."" [GOC:ai]",2,54,1,20972,0.018518518518518517,0.5,query_1,"['GO:0009226', 'GO:0046394', 'GO:0046398']"
GO:BP,GO:0006066,alcohol metabolic process,1.0,False,"""The chemical reactions and pathways involving alcohols, any of a class of compounds containing one or more hydroxyl groups attached to a saturated carbon atom."" [ISBN:0198506732]",352,54,3,20972,0.05555555555555555,0.008522727272727272,query_1,['GO:0044281']
GO:BP,GO:0006081,aldehyde metabolic process,1.0,False,"""The chemical reactions and pathways involving aldehydes, any organic compound with the formula R-CH=O, as carried out by individual cells."" [GOC:go_curators, ISBN:0198506732]",71,54,1,20972,0.018518518518518517,0.014084507042253521,query_1,['GO:0008152']
GO:BP,GO:0006022,aminoglycan metabolic process,1.0,False,"""The chemical reactions and pathways involving aminoglycans, any polymer containing amino groups that consists of more than about 10 monosaccharide residues joined to each other by glycosidic linkages."" [GOC:ai, ISBN:0198506732]",80,54,2,20972,0.037037037037037035,0.025,query_1,"['GO:0043170', 'GO:1901135']"
GO:BP,GO:0006082,organic acid metabolic process,1.0,False,"""The chemical reactions and pathways involving organic acids, any acidic compound containing carbon in covalent linkage."" [ISBN:0198506732]",892,54,6,20972,0.1111111111111111,0.006726457399103139,query_1,['GO:0044281']
GO:BP,GO:0006099,tricarboxylic acid cycle,1.0,False,"""A nearly universal metabolic pathway in which the acetyl group of acetyl coenzyme A is effectively oxidized to two CO2 and four pairs of electrons are transferred to coenzymes. The acetyl group combines with oxaloacetate to form citrate, which undergoes successive transformations to isocitrate, 2-oxoglutarate, succinyl-CoA, succinate, fumarate, malate, and oxaloacetate again, thus completing the cycle. In eukaryotes the tricarboxylic acid is confined to the mitochondria. See also glyoxylate cycle."" [ISBN:0198506732]",35,54,1,20972,0.018518518518518517,0.02857142857142857,query_1,"['GO:0009060', 'GO:0044238']"
GO:BP,GO:0006102,isocitrate metabolic process,1.0,False,"""The chemical reactions and pathways involving isocitrate, the anion of isocitric acid, 1-hydroxy-1,2,3-propanetricarboxylic acid. Isocitrate is an important intermediate in the TCA cycle and the glycoxylate cycle."" [ISBN:0198506732]",5,54,1,20972,0.018518518518518517,0.2,query_1,"['GO:0072350', 'GO:1902652']"
GO:BP,GO:0006139,nucleobase-containing compound metabolic process,1.0,False,"""Any cellular metabolic process involving nucleobases, nucleosides, nucleotides and nucleic acids."" [GOC:ai]",7964,54,12,20972,0.2222222222222222,0.0015067805123053742,query_1,['GO:0044238']
GO:BP,GO:0003006,developmental process involved in reproduction,1.0,False,"""A developmental process in which a progressive change in the state of some part of an organism, germline or somatic, specifically contributes to its ability to form offspring."" [GOC:dph, GOC:isa_complete]",1024,54,5,20972,0.09259259259259259,0.0048828125,query_1,"['GO:0022414', 'GO:0032502']"
GO:BP,GO:0003008,system process,1.0,False,"""A multicellular organismal process carried out by any of the organs or tissues in an organ system. An organ system is a regularly interacting or interdependent group of organs or tissues that work together to carry out a biological objective."" [GOC:mtg_cardio]",2290,54,6,20972,0.1111111111111111,0.0026200873362445414,query_1,['GO:0032501']
GO:BP,GO:0003013,circulatory system process,1.0,False,"""An organ system process carried out by any of the organs or tissues of the circulatory system. The circulatory system is an organ system that moves extracellular fluids to and from tissue within a multicellular organism."" [GOC:mtg_cardio]",595,54,1,20972,0.018518518518518517,0.0016806722689075631,query_1,['GO:0003008']
GO:BP,GO:0003014,renal system process,1.0,False,"""An organ system process carried out by any of the organs or tissues of the renal system. The renal system maintains fluid balance, and contributes to electrolyte balance, acid/base balance, and disposal of nitrogenous waste products. In humans, the renal system comprises a pair of kidneys, a pair of ureters, urinary bladder, urethra, sphincter muscle and associated blood vessels; in other species, the renal system may comprise related structures (e.g., nephrocytes and malpighian tubules in Drosophila)."" [GOC:cjm, GOC:mtg_cardio, GOC:mtg_kidney_jan10]",127,54,1,20972,0.018518518518518517,0.007874015748031496,query_1,['GO:0003008']
GO:BP,GO:0003091,renal water homeostasis,1.0,False,"""Renal process involved in the maintenance of an internal steady state of water in the body."" [GOC:mtg_cardio]",24,54,1,20972,0.018518518518518517,0.041666666666666664,query_1,"['GO:0003014', 'GO:0050891']"
GO:BP,GO:0003094,glomerular filtration,1.0,False,"""The process in which plasma is filtered through the glomerular membrane which consists of capillary endothelial cells, the basement membrane, and epithelial cells. The glomerular filtrate is the same as plasma except it has no significant amount of protein."" [GOC:mtg_cardio, GOC:sart, ISBN:0721643949]",30,54,1,20972,0.018518518518518517,0.03333333333333333,query_1,['GO:0097205']
GO:BP,GO:0003096,renal sodium ion transport,1.0,False,"""The directed movement of sodium ions (Na+) by the renal system."" [GOC:mtg_cardio]",16,54,1,20972,0.018518518518518517,0.0625,query_1,"['GO:0003014', 'GO:0006814']"
GO:BP,GO:0006091,generation of precursor metabolites and energy,1.0,False,"""The chemical reactions and pathways resulting in the formation of precursor metabolites, substances from which energy is derived, and any process involved in the liberation of energy from these substances."" [GOC:jl]",483,54,3,20972,0.05555555555555555,0.006211180124223602,query_1,['GO:0008152']
GO:BP,GO:0006457,protein folding,1.0,False,"""The process of assisting in the covalent and noncovalent assembly of single chain polypeptides or multisubunit complexes into the correct tertiary structure."" [GOC:go_curators, GOC:rb]",196,54,1,20972,0.018518518518518517,0.00510204081632653,query_1,"['GO:0009987', 'GO:0051604']"
GO:BP,GO:0006415,translational termination,1.0,False,"""The process resulting in the release of a polypeptide chain from the ribosome, usually in response to a termination codon (UAA, UAG, or UGA in the universal genetic code)."" [GOC:hjd, ISBN:019879276X]",18,54,1,20972,0.018518518518518517,0.05555555555555555,query_1,"['GO:0006412', 'GO:0032984']"
GO:BP,GO:0006412,translation,1.0,False,"""The cellular metabolic process in which a protein is formed, using the sequence of a mature mRNA or circRNA molecule to specify the sequence of amino acids in a polypeptide chain. Translation is mediated by the ribosome, and begins with the formation of a ternary complex between aminoacylated initiator methionine tRNA, GTP, and initiation factor 2, which subsequently associates with the small subunit of the ribosome and an mRNA or circRNA. Translation ends with the release of a polypeptide chain from the ribosome."" [GOC:go_curators]",712,54,1,20972,0.018518518518518517,0.0014044943820224719,query_1,"['GO:0009059', 'GO:0019538', 'GO:0160307']"
GO:BP,GO:0006629,lipid metabolic process,1.0,False,"""The chemical reactions and pathways involving lipids, compounds soluble in an organic solvent but not, or sparingly, in an aqueous solvent. Includes fatty acids; neutral fats, other fatty-acid esters, and soaps; long-chain (fatty) alcohols and waxes; sphingoids and other long-chain bases; glycolipids, phospholipids and sphingolipids; and carotenes, polyprenols, sterols, terpenes and other isoprenoids."" [GOC:ma]",1369,54,8,20972,0.14814814814814814,0.005843681519357195,query_1,['GO:0044238']
GO:BP,GO:0006631,fatty acid metabolic process,1.0,False,"""The chemical reactions and pathways involving fatty acids, aliphatic monocarboxylic acids liberated from naturally occurring fats and oils by hydrolysis."" [ISBN:0198547684]",396,54,4,20972,0.07407407407407407,0.010101010101010102,query_1,"['GO:0006629', 'GO:0032787']"
GO:BP,GO:0006637,acyl-CoA metabolic process,1.0,False,"""The chemical reactions and pathways involving acyl-CoA, any derivative of coenzyme A in which the sulfhydryl group is in thiolester linkage with an acyl group."" [ISBN:0198506732]",98,54,2,20972,0.037037037037037035,0.02040816326530612,query_1,"['GO:0006753', 'GO:0006790', 'GO:0072521']"
GO:BP,GO:0006638,neutral lipid metabolic process,1.0,False,"""The chemical reactions and pathways involving neutral lipids, lipids only soluble in solvents of very low polarity."" [ISBN:0198547684]",132,54,2,20972,0.037037037037037035,0.015151515151515152,query_1,['GO:0006629']
GO:BP,GO:0006639,acylglycerol metabolic process,1.0,False,"""The chemical reactions and pathways involving acylglycerol, any mono-, di- or triester of glycerol with (one or more) fatty acids."" [ISBN:0198506732]",131,54,2,20972,0.037037037037037035,0.015267175572519083,query_1,"['GO:0006638', 'GO:0046486']"
GO:BP,GO:0006641,triglyceride metabolic process,1.0,False,"""The chemical reactions and pathways involving triglyceride, any triester of glycerol. The three fatty acid residues may all be the same or differ in any permutation. Triglycerides are important components of plant oils, animal fats and animal plasma lipoproteins."" [ISBN:0198506732]",104,54,2,20972,0.037037037037037035,0.019230769230769232,query_1,['GO:0006639']
GO:BP,GO:0006720,isoprenoid metabolic process,1.0,False,"""The chemical reactions and pathways involving isoprenoid compounds, isoprene (2-methylbuta-1,3-diene) or compounds containing or derived from linked isoprene (3-methyl-2-butenylene) residues."" [ISBN:0198547684]",120,54,3,20972,0.05555555555555555,0.025,query_1,['GO:0006629']
GO:BP,GO:0006721,terpenoid metabolic process,1.0,False,"""The chemical reactions and pathways involving terpenoids, any member of a class of compounds characterized by an isoprenoid chemical structure and including derivatives with various functional groups."" [ISBN:0198506732]",104,54,3,20972,0.05555555555555555,0.028846153846153848,query_1,['GO:0006720']
GO:BP,GO:0006753,nucleoside phosphate metabolic process,1.0,False,"""The chemical reactions and pathways involving any phosphorylated nucleoside."" [GOC:mah]",646,54,4,20972,0.07407407407407407,0.006191950464396285,query_1,"['GO:0006796', 'GO:0019637', 'GO:0055086']"
GO:BP,GO:0006778,porphyrin-containing compound metabolic process,1.0,False,"""The chemical reactions and pathways involving any member of a large group of derivatives or analogs of porphyrin. Porphyrins consists of a ring of four pyrrole nuclei linked each to the next at their alpha positions through a methine group."" [GOC:jl, ISBN:0198506732, Wikipedia:Porphyrin#Natural_formation]",54,54,1,20972,0.018518518518518517,0.018518518518518517,query_1,['GO:0033013']
GO:BP,GO:0006259,DNA metabolic process,1.0,False,"""Any cellular metabolic process involving deoxyribonucleic acid. This is one of the two main types of nucleic acid, consisting of a long, unbranched macromolecule formed from one, or more commonly, two, strands of linked deoxyribonucleotides."" [ISBN:0198506732]",998,54,1,20972,0.018518518518518517,0.001002004008016032,query_1,['GO:0090304']
GO:BP,GO:0006281,DNA repair,1.0,False,"""The process of restoring DNA after damage. Genomes are subject to damage by chemical and physical agents in the environment (e.g. UV and ionizing radiations, chemical mutagens, fungal and bacterial toxins, etc.) and by free radicals or alkylating agents endogenously generated in metabolism. DNA is also damaged because of errors during its replication. A variety of different DNA repair pathways have been reported that include direct reversal, base excision repair, nucleotide excision repair, photoreactivation, bypass, double-strand break repair pathway, and mismatch repair pathway."" [PMID:11563486]",622,54,1,20972,0.018518518518518517,0.001607717041800643,query_1,"['GO:0006259', 'GO:0006974']"
GO:BP,GO:0006325,chromatin organization,1.0,False,"""The assembly or remodeling of chromatin composed of DNA complexed with histones, other associated proteins, and sometimes RNA."" [PMID:20404130]",1216,54,2,20972,0.037037037037037035,0.001644736842105263,query_1,['GO:0016043']
GO:BP,GO:0006338,chromatin remodeling,1.0,False,"""A dynamic process of chromatin reorganization resulting in changes to chromatin structure. These changes allow DNA metabolic processes such as transcriptional regulation, DNA recombination, DNA repair, and DNA replication."" [GOC:jid, GOC:vw, PMID:12042764, PMID:12697820]",1057,54,2,20972,0.037037037037037035,0.001892147587511826,query_1,['GO:0006325']
GO:BP,GO:0006351,DNA-templated transcription,1.0,False,"""The synthesis of an RNA transcript from a DNA template."" [GOC:jl, GOC:txnOH]",3523,54,2,20972,0.037037037037037035,0.0005676979846721544,query_1,"['GO:0010467', 'GO:0032774']"
GO:BP,GO:0006355,regulation of DNA-templated transcription,1.0,False,"""Any process that modulates the frequency, rate or extent of cellular DNA-templated transcription."" [GOC:go_curators, GOC:txnOH]",3385,54,2,20972,0.037037037037037035,0.0005908419497784342,query_1,"['GO:0006351', 'GO:0010468', 'GO:2001141']"
GO:BP,GO:0006357,regulation of transcription by RNA polymerase II,1.0,False,"""Any process that modulates the frequency, rate or extent of transcription mediated by RNA polymerase II."" [GOC:go_curators, GOC:txnOH]",2688,54,2,20972,0.037037037037037035,0.000744047619047619,query_1,"['GO:0006355', 'GO:0006366']"
GO:BP,GO:0006366,transcription by RNA polymerase II,1.0,False,"""The synthesis of RNA from a DNA template by RNA polymerase II (RNAP II), originating at an RNA polymerase II promoter. Includes transcription of messenger RNA (mRNA) and certain small nuclear RNAs (snRNAs)."" [GOC:jl, GOC:txnOH, ISBN:0321000382]",2827,54,2,20972,0.037037037037037035,0.0007074637424831977,query_1,['GO:0006351']
GO:BP,GO:0006396,RNA processing,1.0,False,"""Any process involved in the conversion of one or more primary RNA transcripts into one or more mature RNA molecules."" [GOC:mah]",3319,54,2,20972,0.037037037037037035,0.0006025911419102139,query_1,"['GO:0010467', 'GO:0032774', 'GO:0044238']"
GO:BP,GO:0006399,tRNA metabolic process,1.0,False,"""The chemical reactions and pathways involving tRNA, transfer RNA, a class of relatively small RNA molecules responsible for mediating the insertion of amino acids into the sequence of nascent polypeptide chains during protein synthesis. Transfer RNA is characterized by the presence of many unusual minor bases, the function of which has not been completely established."" [ISBN:0198506732]",208,54,1,20972,0.018518518518518517,0.004807692307692308,query_1,['GO:0016070']
GO:BP,GO:0006400,tRNA modification,1.0,False,"""The covalent alteration of one or more nucleotides within a tRNA molecule to produce a tRNA molecule with a sequence that differs from that coded genetically."" [GOC:curators]",93,54,1,20972,0.018518518518518517,0.010752688172043012,query_1,"['GO:0008033', 'GO:0009451']"
GO:BP,GO:0006401,RNA catabolic process,1.0,False,"""The chemical reactions and pathways resulting in the breakdown of RNA, ribonucleic acid, one of the two main type of nucleic acid, consisting of a long, unbranched macromolecule formed from ribonucleotides joined in 3',5'-phosphodiester linkage."" [ISBN:0198506732]",317,54,1,20972,0.018518518518518517,0.0031545741324921135,query_1,"['GO:0016070', 'GO:0141188']"
GO:BP,GO:0006402,mRNA catabolic process,1.0,False,"""The chemical reactions and pathways resulting in the breakdown of mRNA, messenger RNA, which is responsible for carrying the coded genetic 'message', transcribed from DNA, to sites of protein assembly at the ribosomes."" [ISBN:0198506732]",259,54,1,20972,0.018518518518518517,0.003861003861003861,query_1,"['GO:0006401', 'GO:0010629', 'GO:0016071']"
GO:BP,GO:0006575,modified amino acid metabolic process,1.0,False,"""The chemical reactions and pathways involving compounds derived from amino acids, organic acids containing one or more amino substituents."" [GOC:ai]",177,54,1,20972,0.018518518518518517,0.005649717514124294,query_1,['GO:0008152']
GO:BP,GO:0016567,protein ubiquitination,1.0,False,"""The process in which one or more ubiquitin groups are added to a protein."" [PMID:26906419]",726,54,1,20972,0.018518518518518517,0.0013774104683195593,query_1,['GO:0032446']
GO:BP,GO:0016477,cell migration,1.0,False,"""The controlled self-propelled movement of a cell from one site to a destination guided by molecular cues."" [GOC:cjm, GOC:dph, GOC:ems, GOC:pf, Wikipedia:Cell_migration]",1532,54,2,20972,0.037037037037037035,0.0013054830287206266,query_1,['GO:0048870']
GO:BP,GO:0016311,dephosphorylation,1.0,False,"""The process of removing one or more phosphoric (ester or anhydride) residues from a molecule."" [ISBN:0198506732]",212,54,1,20972,0.018518518518518517,0.0047169811320754715,query_1,['GO:0006796']
GO:BP,GO:0043069,negative regulation of programmed cell death,1.0,False,"""Any process that stops, prevents, or reduces the frequency, rate or extent of programmed cell death, cell death resulting from activation of endogenous cellular processes."" [GOC:jl]",887,54,2,20972,0.037037037037037035,0.002254791431792559,query_1,"['GO:0012501', 'GO:0043067', 'GO:0048523']"
GO:BP,GO:0043085,positive regulation of catalytic activity,1.0,False,"""Any process that activates or increases the activity of an enzyme."" [GOC:ebc, GOC:jl, GOC:tb, GOC:vw]",452,54,1,20972,0.018518518518518517,0.0022123893805309734,query_1,"['GO:0044093', 'GO:0050790']"
GO:BP,GO:0043170,macromolecule metabolic process,1.0,False,"""The chemical reactions and pathways involving macromolecules, any molecule of high relative molecular mass, the structure of which essentially comprises the multiple repetition of units derived, actually or conceptually, from molecules of low relative molecular mass."" [GOC:mah]",11942,54,22,20972,0.4074074074074074,0.0018422374811589348,query_1,['GO:0008152']
GO:BP,GO:0042303,molting cycle,1.0,False,"""The periodic casting off and regeneration of an outer covering of cuticle, feathers, hair, horns, skin, etc."" [GOC:jl, ISBN:0198506732]",123,54,2,20972,0.037037037037037035,0.016260162601626018,query_1,['GO:0032501']
GO:BP,GO:0042325,regulation of phosphorylation,1.0,False,"""Any process that modulates the frequency, rate or extent of addition of phosphate groups into a molecule."" [GOC:jl]",560,54,1,20972,0.018518518518518517,0.0017857142857142857,query_1,"['GO:0016310', 'GO:0051174']"
GO:BP,GO:0042327,positive regulation of phosphorylation,1.0,False,"""Any process that activates or increases the frequency, rate or extent of addition of phosphate groups to a molecule."" [GOC:jl]",335,54,1,20972,0.018518518518518517,0.0029850746268656717,query_1,"['GO:0016310', 'GO:0042325', 'GO:0045937']"
GO:BP,GO:0042330,taxis,1.0,False,"""The directed movement of a motile cell or organism in response to an external stimulus."" [GOC:jl, ISBN:0192801023]",458,54,1,20972,0.018518518518518517,0.002183406113537118,query_1,"['GO:0009605', 'GO:0040011']"
GO:BP,GO:0042391,regulation of membrane potential,1.0,False,"""Any process that modulates the establishment or extent of a membrane potential, the electric potential existing across any membrane arising from charges in the membrane itself and from the charges present in the media on either side of the membrane."" [GOC:jl, GOC:mtg_cardio, GOC:tb, ISBN:0198506732]",443,54,1,20972,0.018518518518518517,0.002257336343115124,query_1,['GO:0065008']
GO:BP,GO:0042440,pigment metabolic process,1.0,False,"""The chemical reactions and pathways involving pigment, any general or particular coloring matter in living organisms, e.g. melanin."" [GOC:jl, ISBN:0198506732]",81,54,1,20972,0.018518518518518517,0.012345679012345678,query_1,['GO:0008152']
GO:BP,GO:0042445,hormone metabolic process,1.0,False,"""The chemical reactions and pathways involving any hormone, naturally occurring substances secreted by specialized cells that affects the metabolism or behavior of other cells possessing functional receptors for the hormone."" [GOC:jl]",241,54,3,20972,0.05555555555555555,0.012448132780082987,query_1,"['GO:0008152', 'GO:0010817']"
GO:BP,GO:0043068,positive regulation of programmed cell death,1.0,False,"""Any process that activates or increases the frequency, rate or extent of programmed cell death, cell death resulting from activation of endogenous cellular processes."" [GOC:jl]",527,54,1,20972,0.018518518518518517,0.0018975332068311196,query_1,"['GO:0012501', 'GO:0043067', 'GO:0048522']"
GO:BP,GO:0042461,photoreceptor cell development,1.0,False,"""Development of a photoreceptor, a cell that responds to incident electromagnetic radiation, particularly visible light."" [GOC:go_curators]",58,54,1,20972,0.018518518518518517,0.017241379310344827,query_1,"['GO:0046530', 'GO:0048666']"
GO:BP,GO:0042552,myelination,1.0,False,"""The process in which myelin sheaths are formed and maintained around neurons. Oligodendrocytes in the brain and spinal cord and Schwann cells in the peripheral nervous system wrap axons with compact layers of their plasma membrane. Adjacent myelin segments are separated by a non-myelinated stretch of axon called a node of Ranvier."" [GOC:dgh, GOC:mah]",152,54,1,20972,0.018518518518518517,0.006578947368421052,query_1,['GO:0008366']
GO:BP,GO:0042572,retinol metabolic process,1.0,False,"""The chemical reactions and pathways involving retinol, one of the three compounds that makes up vitamin A."" [GOC:jl, PMID:1924551]",53,54,2,20972,0.037037037037037035,0.03773584905660377,query_1,"['GO:0001523', 'GO:0034308', 'GO:0042445', 'GO:0120254']"
GO:BP,GO:0042573,retinoic acid metabolic process,1.0,False,"""The chemical reactions and pathways involving retinoic acid, one of the three components that makes up vitamin A."" [GOC:jl, PMID:12570742]",33,54,1,20972,0.018518518518518517,0.030303030303030304,query_1,"['GO:0001523', 'GO:0032787', 'GO:0042445']"
GO:BP,GO:0042574,retinal metabolic process,1.0,False,"""The chemical reactions and pathways involving retinal, a compound that plays an important role in the visual process in most vertebrates. In the retina, retinal combines with opsins to form visual pigments. Retinal is one of the forms of vitamin A."" [ISBN:0198506732]",17,54,1,20972,0.018518518518518517,0.058823529411764705,query_1,"['GO:0001523', 'GO:0006081', 'GO:0120254']"
GO:BP,GO:0042592,homeostatic process,1.0,False,"""Any biological process involved in the maintenance of an internal steady state. Homeostasis allows cells and organisms to maintain stable internal conditions despite varying external conditions."" [PMID:26265027]",1677,54,5,20972,0.09259259259259259,0.0029815146094215863,query_1,['GO:0008150']
GO:BP,GO:0042594,response to starvation,1.0,False,"""Any process that results in a change in state or activity of a cell or an organism (in terms of movement, secretion, enzyme production, gene expression, etc.) as a result of a starvation stimulus, deprivation of nourishment."" [GOC:go_curators]",217,54,1,20972,0.018518518518518517,0.004608294930875576,query_1,"['GO:0006950', 'GO:0031667']"
GO:BP,GO:0042633,hair cycle,1.0,False,"""The cyclical phases of growth (anagen), regression (catagen), quiescence (telogen), and shedding (exogen) in the life of a hair; one of the collection or mass of filaments growing from the skin of an animal, and forming a covering for a part of the head or for any part or the whole of the body."" [GOC:go_curators, PMID:12230507]",123,54,2,20972,0.037037037037037035,0.016260162601626018,query_1,['GO:0042303']
GO:BP,GO:0038061,non-canonical NF-kappaB signal transduction,1.0,False,"""An intracellular signaling cassette characterized by the NIK-dependent processing and activation of NF-kappaB. Begins with activation of the NF-kappaB-inducing kinase (NIK), which in turn phosphorylates and activates IkappaB kinase alpha (IKKalpha). IKKalpha phosphorylates the NF-kappa B2 protein (p100) leading to p100 processing and release of an active NF-kappaB (p52). The non-canonical NF-kappaB signaling pathway is generally activated by ligands of the TNF receptor superfamily, including lymphotoxin beta (LTB), CD40, OX40, RANK, TWEAK and B cell-activating factor (BAFF)."" [GOC:bf, GOC:mg2, GOC:signaling, GOC:vs, PMID:11239468, PMID:15140882, PMID:34659217]",121,54,1,20972,0.018518518518518517,0.008264462809917356,query_1,['GO:0141124']
GO:BP,GO:0038154,interleukin-11-mediated signaling pathway,1.0,False,"""The series of molecular signals initiated by the binding of interleukin-11 to its receptor on the surface of a target cell, and ending with the regulation of a downstream cellular process, e.g. transcription."" [GOC:nhn, GOC:signaling]",7,54,1,20972,0.018518518518518517,0.14285714285714285,query_1,['GO:0019221']
GO:BP,GO:0038202,TORC1 signaling,1.0,False,"""A series of intracellular molecular signals mediated by TORC1; TOR (target of rapamycin) in complex with at least Raptor (regulatory-associated protein of TOR), or orthologs of, and other signaling components."" [GOC:lb]",113,54,1,20972,0.018518518518518517,0.008849557522123894,query_1,['GO:0031929']
GO:BP,GO:0042542,response to hydrogen peroxide,1.0,False,"""Any process that results in a change in state or activity of a cell or an organism (in terms of movement, secretion, enzyme production, gene expression, etc.) as a result of a hydrogen peroxide (H2O2) stimulus."" [GOC:jl]",85,54,1,20972,0.018518518518518517,0.011764705882352941,query_1,['GO:0000302']
GO:BP,GO:0040007,growth,1.0,False,"""The increase in size or mass of an entire organism, a part of an organism or a cell."" [GOC:bf, GOC:ma]",920,54,2,20972,0.037037037037037035,0.002173913043478261,query_1,['GO:0008150']
GO:BP,GO:0043067,regulation of programmed cell death,1.0,False,"""Any process that modulates the frequency, rate or extent of programmed cell death, cell death resulting from activation of endogenous cellular processes."" [GOC:jl]",1467,54,3,20972,0.05555555555555555,0.002044989775051125,query_1,"['GO:0012501', 'GO:0050794']"
GO:BP,GO:0043065,positive regulation of apoptotic process,1.0,False,"""Any process that activates or increases the frequency, rate or extent of cell death by apoptotic process."" [GOC:jl, GOC:mtg_apoptosis]",512,54,1,20972,0.018518518518518517,0.001953125,query_1,"['GO:0006915', 'GO:0042981', 'GO:0043068']"
GO:BP,GO:0043271,negative regulation of monoatomic ion transport,1.0,False,"""Any process that stops, prevents, or reduces the frequency, rate or extent of the directed movement of charged atoms or small charged molecules into, out of or within a cell, or between cells, by means of some agent such as a transporter or pore."" [GOC:jl]",101,54,2,20972,0.037037037037037035,0.019801980198019802,query_1,"['GO:0006811', 'GO:0043269', 'GO:0051051']"
GO:BP,GO:0043277,apoptotic cell clearance,1.0,False,"""The recognition and removal of an apoptotic cell by a neighboring cell or by a phagocyte."" [GOC:rk, PMID:14685684]",43,54,2,20972,0.037037037037037035,0.046511627906976744,query_1,['GO:0006909']
GO:BP,GO:0043408,regulation of MAPK cascade,1.0,False,"""Any process that modulates the frequency, rate or extent of signal transduction mediated by the MAP kinase (MAPK) cascade."" [GOC:go_curators]",638,54,1,20972,0.018518518518518517,0.001567398119122257,query_1,"['GO:0000165', 'GO:1902531']"
GO:BP,GO:0043410,positive regulation of MAPK cascade,1.0,False,"""Any process that activates or increases the frequency, rate or extent of signal transduction mediated by the MAPK cascade."" [GOC:go_curators]",450,54,1,20972,0.018518518518518517,0.0022222222222222222,query_1,"['GO:0000165', 'GO:0043408', 'GO:1902533']"
GO:BP,GO:0043412,macromolecule modification,1.0,False,"""The covalent alteration of one or more monomeric units in a polypeptide, polynucleotide, polysaccharide, or other biological macromolecule, resulting in a change in its properties."" [GOC:go_curators]",2547,54,7,20972,0.12962962962962962,0.0027483313702394976,query_1,['GO:0043170']
GO:BP,GO:0043414,macromolecule methylation,1.0,False,"""The covalent attachment of a methyl residue to one or more monomeric units in a polypeptide, polynucleotide, polysaccharide, or other biological macromolecule."" [GOC:go_curators]",128,54,1,20972,0.018518518518518517,0.0078125,query_1,"['GO:0032259', 'GO:0043412']"
GO:BP,GO:0043436,oxoacid metabolic process,1.0,False,"""The chemical reactions and pathways involving any oxoacid; an oxoacid is a compound which contains oxygen, at least one other element, and at least one hydrogen bound to oxygen, and which produces a conjugate base by loss of positive hydrogen ion(s) (hydrons)."" [Wikipedia:Oxyacid]",885,54,6,20972,0.1111111111111111,0.006779661016949152,query_1,['GO:0006082']
GO:BP,GO:0043487,regulation of RNA stability,1.0,False,"""Any process that modulates the propensity of RNA molecules to degradation. Includes processes that both stabilize and destabilize RNAs."" [GOC:jl]",189,54,1,20972,0.018518518518518517,0.005291005291005291,query_1,"['GO:0006401', 'GO:0009894', 'GO:0010608', 'GO:0051252', 'GO:0065008']"
GO:BP,GO:0043488,regulation of mRNA stability,1.0,False,"""Any process that modulates the propensity of mRNA molecules to degradation. Includes processes that both stabilize and destabilize mRNAs."" [GOC:jl]",176,54,1,20972,0.018518518518518517,0.005681818181818182,query_1,"['GO:0043487', 'GO:0061013']"
GO:BP,GO:0043489,RNA stabilization,1.0,False,"""Prevention of degradation of RNA molecules."" [GOC:go_curators]",82,54,1,20972,0.018518518518518517,0.012195121951219513,query_1,"['GO:0043487', 'GO:1902369']"
GO:BP,GO:0043066,negative regulation of apoptotic process,1.0,False,"""Any process that stops, prevents, or reduces the frequency, rate or extent of cell death by apoptotic process."" [GOC:jl, GOC:mtg_apoptosis]",856,54,2,20972,0.037037037037037035,0.002336448598130841,query_1,"['GO:0006915', 'GO:0042981', 'GO:0043069']"
GO:BP,GO:0043491,phosphatidylinositol 3-kinase/protein kinase B signal transduction,1.0,False,"""An intracellular signaling cassette that starts with phosphatidylinositol 3-kinase (PI3K) activation, production of phosphatidylinositol 3-phosphate (PI3P), activation of PDK1, which recruits and ending with the activation of protein kinase B (PKB, also known as Akt). PI3K is activated by cell surface receptors. Note that PTEN is an inhibitor of the pathway."" [PMID:20517722, PMID:22952397]",306,54,2,20972,0.037037037037037035,0.006535947712418301,query_1,['GO:0141124']
GO:BP,GO:0043524,negative regulation of neuron apoptotic process,1.0,False,"""Any process that stops, prevents, or reduces the frequency, rate or extent of cell death by apoptotic process in neurons."" [GOC:go_curators, GOC:mtg_apoptosis]",166,54,1,20972,0.018518518518518517,0.006024096385542169,query_1,"['GO:0043066', 'GO:0043523', 'GO:0051402']"
GO:BP,GO:0042634,regulation of hair cycle,1.0,False,"""Any process that modulates the frequency, rate or extent of the cyclical phases of growth (anagen), regression (catagen), quiescence (telogen), and shedding (exogen) in the life of a hair."" [GOC:go_curators, PMID:12230507]",30,54,1,20972,0.018518518518518517,0.03333333333333333,query_1,"['GO:0042633', 'GO:0051239']"
GO:BP,GO:0042730,fibrinolysis,1.0,False,"""A process that solubilizes fibrin in the bloodstream of a multicellular organism, chiefly by the proteolytic action of plasmin."" [GOC:jl, PMID:15842654]",27,54,2,20972,0.037037037037037035,0.07407407407407407,query_1,['GO:0030195']
GO:BP,GO:0042742,defense response to bacterium,1.0,False,"""Reactions triggered in response to the presence of a bacterium that act to protect the cell or organism."" [GOC:jl]",334,54,2,20972,0.037037037037037035,0.005988023952095809,query_1,"['GO:0006952', 'GO:0009617']"
GO:BP,GO:0042743,hydrogen peroxide metabolic process,1.0,False,"""The chemical reactions and pathways involving hydrogen peroxide (H2O2), a potentially harmful byproduct of aerobic cellular respiration which can cause damage to DNA."" [GOC:jl, PMID:21734470]",53,54,1,20972,0.018518518518518517,0.018867924528301886,query_1,['GO:0072593']
GO:BP,GO:0042744,hydrogen peroxide catabolic process,1.0,False,"""The chemical reactions and pathways resulting in the breakdown of hydrogen peroxide (H2O2)."" [GOC:jl]",31,54,1,20972,0.018518518518518517,0.03225806451612903,query_1,"['GO:0009056', 'GO:0042743']"
GO:BP,GO:0042981,regulation of apoptotic process,1.0,False,"""Any process that modulates the occurrence or rate of cell death by apoptotic process."" [GOC:jl, GOC:mtg_apoptosis]",1426,54,3,20972,0.05555555555555555,0.0021037868162692847,query_1,"['GO:0006915', 'GO:0043067']"
GO:BP,GO:0043009,chordate embryonic development,1.0,False,"""The process whose specific outcome is the progression of the embryo over time, from zygote formation through a stage including a notochord and neural tube until birth or egg hatching."" [GOC:mtg_sensu]",669,54,1,20972,0.018518518518518517,0.0014947683109118087,query_1,['GO:0009792']
GO:BP,GO:0043010,camera-type eye development,1.0,False,"""The process whose specific outcome is the progression of the camera-type eye over time, from its formation to the mature structure. The camera-type eye is an organ of sight that receives light through an aperture and focuses it through a lens, projecting it on a photoreceptor field."" [GOC:go_curators, GOC:mtg_sensu]",364,54,1,20972,0.018518518518518517,0.0027472527472527475,query_1,['GO:0001654']
GO:BP,GO:0043062,extracellular structure organization,1.0,False,"""A process that is carried out at the cellular level which results in the assembly, arrangement of constituent parts, or disassembly of structures in the space external to the outermost structure of a cell. For cells without external protective or external encapsulating structures this refers to space outside of the plasma membrane, and also covers the host cell environment outside an intracellular parasite."" [GOC:ai, GOC:dph, GOC:jl, GOC:mah]",308,54,1,20972,0.018518518518518517,0.003246753246753247,query_1,['GO:0016043']
GO:BP,GO:0043523,regulation of neuron apoptotic process,1.0,False,"""Any process that modulates the occurrence or rate of cell death by apoptotic process in neurons."" [GOC:go_curators, GOC:mtg_apoptosis]",240,54,1,20972,0.018518518518518517,0.004166666666666667,query_1,"['GO:0042981', 'GO:0051402']"
GO:BP,GO:0040008,regulation of growth,1.0,False,"""Any process that modulates the frequency, rate or extent of the growth of all or part of an organism so that it occurs at its proper speed, either globally or in a specific part of the organism's development."" [GOC:ems, GOC:mah]",590,54,2,20972,0.037037037037037035,0.003389830508474576,query_1,"['GO:0040007', 'GO:0050789']"
GO:BP,GO:0040011,locomotion,1.0,False,"""Self-propelled movement of a cell or organism from one location to another."" [GOC:dgh]",1236,54,1,20972,0.018518518518518517,0.0008090614886731392,query_1,['GO:0008150']
GO:BP,GO:0040012,regulation of locomotion,1.0,False,"""Any process that modulates the frequency, rate or extent of locomotion of a cell or organism."" [GOC:ems]",1046,54,1,20972,0.018518518518518517,0.0009560229445506692,query_1,"['GO:0040011', 'GO:0050789']"
GO:BP,GO:0034767,positive regulation of monoatomic ion transmembrane transport,1.0,False,"""Any process that activates or increases the frequency, rate or extent of the directed movement of ions from one side of a membrane to the other."" [GOC:mah]",126,54,2,20972,0.037037037037037035,0.015873015873015872,query_1,"['GO:0034220', 'GO:0034764', 'GO:0034765', 'GO:0043270']"
GO:BP,GO:0034976,response to endoplasmic reticulum stress,1.0,False,"""Any process that results in a change in state or activity of a cell (in terms of movement, secretion, enzyme production, gene expression, etc.) as a result of a stress acting at the endoplasmic reticulum. ER stress usually results from the accumulation of unfolded or misfolded proteins in the ER lumen."" [GOC:cjm, GOC:mah]",274,54,1,20972,0.018518518518518517,0.0036496350364963502,query_1,['GO:0033554']
GO:BP,GO:0035162,embryonic hemopoiesis,1.0,False,"""The stages of blood cell formation that take place within the embryo."" [GOC:bf]",24,54,2,20972,0.037037037037037035,0.08333333333333333,query_1,"['GO:0030097', 'GO:0048568']"
GO:BP,GO:0035239,tube morphogenesis,1.0,False,"""The process in which the anatomical structures of a tube are generated and organized. Epithelial and endothelial tubes transport gases, liquids and cells from one site to another and form the basic structure of many organs and tissues, with tube shape and organization varying from the single-celled excretory organ in Caenorhabditis elegans to the branching trees of the mammalian kidney and insect tracheal system."" [GOC:bf, PMID:14624839]",877,54,6,20972,0.1111111111111111,0.0068415051311288486,query_1,"['GO:0009653', 'GO:0035295']"
GO:BP,GO:0035282,segmentation,1.0,False,"""The regionalization process that divides an organism or part of an organism into a series of semi-repetitive parts, or segments, often arranged along a longitudinal axis."" [PMID:10611687, PMID:9706689]",104,54,1,20972,0.018518518518518517,0.009615384615384616,query_1,['GO:0003002']
GO:BP,GO:0035283,central nervous system segmentation,1.0,False,"""Division of the central nervous system into a series of semi-repetitive parts or segments."" [GOC:bf]",4,54,1,20972,0.018518518518518517,0.25,query_1,"['GO:0007417', 'GO:0035282']"
GO:BP,GO:0035284,brain segmentation,1.0,False,"""Division of the brain into a series of semi-repetitive parts or segments."" [GOC:bf]",3,54,1,20972,0.018518518518518517,0.3333333333333333,query_1,"['GO:0007420', 'GO:0035282', 'GO:0035283']"
GO:BP,GO:0035295,tube development,1.0,False,"""The process whose specific outcome is the progression of a tube over time, from its initial formation to a mature structure. Epithelial and endothelial tubes transport gases, liquids and cells from one site to another and form the basic structure of many organs and tissues including lung and trachea, kidney, the mammary gland, the vascular system and the gastrointestinal and urinary-genital tracts."" [PMID:12526790]",1094,54,7,20972,0.12962962962962962,0.006398537477148081,query_1,"['GO:0007275', 'GO:0048856']"
GO:BP,GO:0035313,"wound healing, spreading of epidermal cells",1.0,False,"""The migration of an epidermal cell along or through a wound gap that contributes to the reestablishment of a continuous epidermis."" [GOC:bf, PMID:15269788]",26,54,1,20972,0.018518518518518517,0.038461538461538464,query_1,['GO:0044319']
GO:BP,GO:0035418,protein localization to synapse,1.0,False,"""Any process in which a protein is transported to, and/or maintained at the synapse, the junction between a nerve fiber of one neuron and another neuron or muscle fiber or glial cell."" [GOC:bf]",87,54,1,20972,0.018518518518518517,0.011494252873563218,query_1,['GO:1902414']
GO:BP,GO:0034766,negative regulation of monoatomic ion transmembrane transport,1.0,False,"""Any process that stops, prevents, or reduces the frequency, rate or extent of the directed movement of ions from one side of a membrane to the other."" [GOC:mah]",74,54,1,20972,0.018518518518518517,0.013513513513513514,query_1,"['GO:0034220', 'GO:0034763', 'GO:0034765', 'GO:0043271']"
GO:BP,GO:0035556,intracellular signal transduction,1.0,False,"""The process in which a signal is passed on to downstream components within the cell, which become activated themselves to further propagate the signal and finally trigger a change in the function or state of the cell."" [GOC:bf, GOC:jl, GOC:signaling, ISBN:3527303782]",2963,54,14,20972,0.25925925925925924,0.004724940938238272,query_1,['GO:0007165']
GO:BP,GO:0035635,entry of bacterium into host cell,1.0,False,"""The process in which a bacterium enters a host cell. The host is defined as the larger of the organisms involved in a symbiotic interaction."" [GOC:bf, PMID:21187937]",7,54,1,20972,0.018518518518518517,0.14285714285714285,query_1,['GO:0044409']
GO:BP,GO:0035809,regulation of urine volume,1.0,False,"""Any process that modulates the amount of urine excreted from the body over a unit of time."" [GOC:mtg_25march11, GOC:yaf]",21,54,1,20972,0.018518518518518517,0.047619047619047616,query_1,"['GO:0003014', 'GO:0050878']"
GO:BP,GO:0034330,cell junction organization,1.0,False,"""A process that is carried out at the cellular level which results in the assembly, arrangement of constituent parts, or disassembly of a cell junction. A cell junction is a specialized region of connection between two cells or between a cell and the extracellular matrix."" [GOC:dph, GOC:jl, GOC:mah]",829,54,1,20972,0.018518518518518517,0.0012062726176115801,query_1,['GO:0016043']
GO:BP,GO:0034389,lipid droplet organization,1.0,False,"""A process that is carried out at the cellular level which results in the assembly, arrangement of constituent parts, or disassembly of a lipid particle."" [GOC:dph, GOC:jl, GOC:mah, PMID:18093937, PMID:18250201]",39,54,1,20972,0.018518518518518517,0.02564102564102564,query_1,['GO:0006996']
GO:BP,GO:0034446,substrate adhesion-dependent cell spreading,1.0,False,"""The morphogenetic process that results in flattening of a cell as a consequence of its adhesion to a substrate."" [GOC:mah, GOC:pf, PMID:17050732]",100,54,1,20972,0.018518518518518517,0.01,query_1,['GO:0031589']
GO:BP,GO:0034504,protein localization to nucleus,1.0,False,"""A process in which a protein transports or maintains the localization of another protein to the nucleus."" [GOC:ecd]",319,54,1,20972,0.018518518518518517,0.003134796238244514,query_1,['GO:0033365']
GO:BP,GO:0034551,mitochondrial respiratory chain complex III assembly,1.0,False,"""The aggregation, arrangement and bonding together of a set of components to form the cytochrome bc(1) complex (also known as ubiquinol-cytochrome c reductase), in the mitochondrial inner membrane."" [GOC:dgf, GOC:mcc]",13,54,1,20972,0.018518518518518517,0.07692307692307693,query_1,"['GO:0017062', 'GO:0033108']"
GO:BP,GO:0034552,respiratory chain complex II assembly,1.0,False,"""The aggregation, arrangement and bonding together of a set of components to form respiratory chain complex II."" [GOC:dgf]",4,54,1,20972,0.018518518518518517,0.25,query_1,['GO:0065003']
GO:BP,GO:0034553,mitochondrial respiratory chain complex II assembly,1.0,False,"""The aggregation, arrangement and bonding together of a set of components to form respiratory chain complex II, in the mitochondrial inner membrane."" [GOC:dgf]",4,54,1,20972,0.018518518518518517,0.25,query_1,"['GO:0033108', 'GO:0034552']"
GO:BP,GO:0034599,cellular response to oxidative stress,1.0,False,"""Any process that results in a change in state or activity of a cell (in terms of movement, secretion, enzyme production, gene expression, etc.) as a result of oxidative stress, a state often resulting from exposure to high levels of reactive oxygen species, e.g. superoxide anions, hydrogen peroxide (H2O2), and hydroxyl radicals."" [GOC:mah]",233,54,1,20972,0.018518518518518517,0.004291845493562232,query_1,"['GO:0006979', 'GO:0062197']"
GO:BP,GO:0035592,establishment of protein localization to extracellular region,1.0,False,"""The directed movement of a protein to a specific location within the extracellular region."" [GOC:bf, GOC:BHF]",367,54,1,20972,0.018518518518518517,0.0027247956403269754,query_1,['GO:0045184']
GO:BP,GO:0034765,regulation of monoatomic ion transmembrane transport,1.0,False,"""Any process that modulates the frequency, rate or extent of the directed movement of ions from one side of a membrane to the other."" [GOC:mah]",292,54,2,20972,0.037037037037037035,0.00684931506849315,query_1,"['GO:0034220', 'GO:0034762', 'GO:0043269']"
GO:BP,GO:0038034,signal transduction in absence of ligand,1.0,False,"""The series of molecular signals initiated by the absence of a ligand or the withdrawal of a ligand from a receptor."" [GOC:al, GOC:ppm, GOC:pr, PMID:15044679]",69,54,1,20972,0.018518518518518517,0.014492753623188406,query_1,['GO:0007165']
GO:BP,GO:0038027,apolipoprotein A-I-mediated signaling pathway,1.0,False,"""The series of molecular signals initiated by apolipoprotein A-I binding to its receptor on the surface of a target cell, and ending with the regulation of a downstream cellular process, e.g. transcription."" [GOC:bf, GOC:signaling, PMID:16443932]",5,54,1,20972,0.018518518518518517,0.2,query_1,['GO:0007166']
GO:BP,GO:0040017,positive regulation of locomotion,1.0,False,"""Any process that activates or increases the frequency, rate or extent of locomotion of a cell or organism."" [GOC:go_curators]",586,54,1,20972,0.018518518518518517,0.0017064846416382253,query_1,"['GO:0040011', 'GO:0040012', 'GO:0048518']"
GO:BP,GO:0042060,wound healing,1.0,False,"""The series of events that restore integrity to a damaged tissue, following an injury."" [GOC:bf, PMID:15269788]",439,54,3,20972,0.05555555555555555,0.00683371298405467,query_1,['GO:0009611']
GO:BP,GO:0042063,gliogenesis,1.0,False,"""The process that results in the generation of glial cells. This includes the production of glial progenitors and their differentiation into mature glia."" [GOC:dgh, GOC:jid]",331,54,2,20972,0.037037037037037035,0.006042296072507553,query_1,['GO:0022008']
GO:BP,GO:0042127,regulation of cell population proliferation,1.0,False,"""Any process that modulates the frequency, rate or extent of cell proliferation."" [GOC:jl]",1639,54,8,20972,0.14814814814814814,0.004881025015253203,query_1,"['GO:0008283', 'GO:0050794']"
GO:BP,GO:0042157,lipoprotein metabolic process,1.0,False,"""The chemical reactions and pathways involving any conjugated, water-soluble protein in which the covalently attached nonprotein group consists of a lipid or lipids."" [ISBN:0198506732]",87,54,1,20972,0.018518518518518517,0.011494252873563218,query_1,['GO:0019538']
GO:BP,GO:0042180,ketone metabolic process,1.0,False,"""The chemical reactions and pathways involving any of a class of organic compounds that contain the carbonyl group, CO, and in which the carbonyl group is bonded only to carbon atoms, as carried out by individual cells. The general formula for a ketone is RCOR, where R and R are alkyl or aryl groups."" [GOC:jl, ISBN:0787650153]",205,54,2,20972,0.037037037037037035,0.00975609756097561,query_1,['GO:0008152']
GO:BP,GO:0042221,response to chemical,1.0,False,"""Any process that results in a change in state or activity of a cell or an organism (in terms of movement, secretion, enzyme production, gene expression, etc.) as a result of a chemical stimulus."" [GOC:jl]",3863,54,10,20972,0.18518518518518517,0.0025886616619207868,query_1,['GO:0050896']
GO:BP,GO:0042267,natural killer cell mediated cytotoxicity,1.0,False,"""The directed killing of a target cell by a natural killer cell through the release of granules containing cytotoxic mediators or through the engagement of death receptors."" [GOC:add, GOC:pr]",80,54,1,20972,0.018518518518518517,0.0125,query_1,"['GO:0001909', 'GO:0002228']"
GO:BP,GO:0042269,regulation of natural killer cell mediated cytotoxicity,1.0,False,"""Any process that modulates the frequency, rate, or extent of natural killer cell mediated cytotoxicity."" [GOC:add, ISBN:0781735149]",49,54,1,20972,0.018518518518518517,0.02040816326530612,query_1,"['GO:0001910', 'GO:0002715', 'GO:0042267']"
GO:BP,GO:0035821,modulation of process of another organism,1.0,False,"""A process in which an organism effects a change in a biological process in another organism."" [GOC:bf]",118,54,1,20972,0.018518518518518517,0.00847457627118644,query_1,['GO:0044419']
GO:BP,GO:0035845,photoreceptor cell outer segment organization,1.0,False,"""A process that is carried out at the cellular level and results in the assembly, arrangement of constituent parts, or disassembly of the outer segment of a photoreceptor cell, a sensory cell that reacts to the presence of light. The outer segment of the photoreceptor cell contains the light-absorbing materials."" [ISBN:0824072820, PMID:14507858]",14,54,1,20972,0.018518518518518517,0.07142857142857142,query_1,"['GO:0016043', 'GO:0042461']"
GO:BP,GO:0035904,aorta development,1.0,False,"""The progression of the aorta over time, from its initial formation to the mature structure. An aorta is an artery that carries blood from the heart to other parts of the body."" [GOC:bf, GOC:dgh, MA:0000062, UBERON:0000947, Wikipedia:Aorta]",64,54,2,20972,0.037037037037037035,0.03125,query_1,['GO:0060840']
GO:BP,GO:0035909,aorta morphogenesis,1.0,False,"""The process in which the anatomical structures of an aorta are generated and organized. An aorta is an artery that carries blood from the heart to other parts of the body."" [GOC:bf, GOC:dgh, MA:0000062, UBERON:0000947, Wikipedia:Aorta]",34,54,1,20972,0.018518518518518517,0.029411764705882353,query_1,"['GO:0035904', 'GO:0048844']"
GO:BP,GO:0035914,skeletal muscle cell differentiation,1.0,False,"""The process in which a relatively unspecialized cell acquires specialized features of a skeletal muscle cell, a somatic cell located in skeletal muscle."" [CL:0000188, GOC:BHF, GOC:vk]",79,54,1,20972,0.018518518518518517,0.012658227848101266,query_1,"['GO:0007519', 'GO:0030154']"
GO:BP,GO:0035966,response to topologically incorrect protein,1.0,False,"""Any process that results in a change in state or activity of a cell or an organism (in terms of movement, secretion, enzyme production, gene expression, etc.) as a result of a protein that is not folded in its correct three-dimensional structure."" [GOC:bf]",162,54,1,20972,0.018518518518518517,0.006172839506172839,query_1,['GO:0006950']
GO:BP,GO:0035967,cellular response to topologically incorrect protein,1.0,False,"""Any process that results in a change in state or activity of a cell (in terms of movement, secretion, enzyme production, gene expression, etc.) as a result of a protein that is not folded in its correct three-dimensional structure."" [GOC:bf]",115,54,1,20972,0.018518518518518517,0.008695652173913044,query_1,"['GO:0033554', 'GO:0035966']"
GO:BP,GO:0035987,endodermal cell differentiation,1.0,False,"""The process in which a relatively unspecialized cell acquires the specialized features of an endoderm cell, a cell of the inner of the three germ layers of the embryo."" [CL:0000223, GOC:yaf, PMID:17624332]",51,54,1,20972,0.018518518518518517,0.0196078431372549,query_1,"['GO:0001706', 'GO:0030154']"
GO:BP,GO:0036010,protein localization to endosome,1.0,False,"""A process in which a protein is transported to, or maintained in, a location within an endosome."" [GOC:yaf]",28,54,1,20972,0.018518518518518517,0.03571428571428571,query_1,['GO:0033365']
GO:BP,GO:0036093,germ cell proliferation,1.0,False,"""The multiplication or reproduction of germ cells, reproductive cells in multicellular organisms, resulting in the expansion of a cell population."" [CL:0000586, GOC:kmv]",9,54,1,20972,0.018518518518518517,0.1111111111111111,query_1,"['GO:0007276', 'GO:0008283']"
GO:BP,GO:0036211,protein modification process,1.0,False,"""The covalent alteration of one or more amino acids occurring in proteins, peptides and nascent polypeptides (co-translational, post-translational modifications). Includes the modification of charged tRNAs that are destined to occur in a protein (pre-translation modification)."" [GOC:bf, GOC:jl]",2360,54,6,20972,0.1111111111111111,0.002542372881355932,query_1,"['GO:0019538', 'GO:0043412']"
GO:BP,GO:0036335,intestinal stem cell homeostasis,1.0,False,"""Any biological process involved in the maintenance of the steady-state number of intestinal stem cells within a population of cells."" [GOC:nhn, PMID:22042863, PMID:22608824]",6,54,1,20972,0.018518518518518517,0.16666666666666666,query_1,['GO:0048872']
GO:BP,GO:0036465,synaptic vesicle recycling,1.0,False,"""The trafficking of synaptic vesicles from the pre-synaptic membrane so the vesicle can dock and prime for another round of exocytosis and neurotransmitter release. Recycling occurs after synaptic vesicle exocytosis, and is necessary to replenish presynaptic vesicle pools, sustain transmitter release and preserve the structural integrity of the presynaptic membrane. Recycling can occur following transient fusion with the presynaptic membrane (kiss and run), or via endocytosis of presynaptic membrane."" [GOC:bf, GOC:pad, GOC:PARL, PMID:15217342, PMID:22026965, PMID:23245563]",82,54,1,20972,0.018518518518518517,0.012195121951219513,query_1,"['GO:0006810', 'GO:0051649', 'GO:0099504']"
GO:BP,GO:0036503,ERAD pathway,1.0,False,"""The protein catabolic pathway which targets endoplasmic reticulum (ER)-resident proteins for degradation by the cytoplasmic proteasome. It begins with recognition of the ER-resident protein, includes retrotranslocation (dislocation) of the protein from the ER to the cytosol, protein modifications necessary for correct substrate transfer (e.g. ubiquitination), transport of the protein to the proteasome, and ends with degradation of the protein by the cytoplasmic proteasome."" [GOC:bf, GOC:PARL, PMID:20940304, PMID:21969857]",112,54,1,20972,0.018518518518518517,0.008928571428571428,query_1,"['GO:0010498', 'GO:0034976', 'GO:0042221']"
GO:BP,GO:0043270,positive regulation of monoatomic ion transport,1.0,False,"""Any process that activates or increases the frequency, rate or extent of the directed movement of charged atoms or small charged molecules into, out of or within a cell, or between cells, by means of some agent such as a transporter or pore."" [GOC:jl]",186,54,2,20972,0.037037037037037035,0.010752688172043012,query_1,"['GO:0006811', 'GO:0043269', 'GO:0051050']"
GO:BP,GO:0043269,regulation of monoatomic ion transport,1.0,False,"""Any process that modulates the frequency, rate or extent of the directed movement of charged atoms or small charged molecules into, out of or within a cell, or between cells, by means of some agent such as a transporter or pore."" [GOC:jl]",421,54,3,20972,0.05555555555555555,0.007125890736342043,query_1,"['GO:0006811', 'GO:0051049']"
GO:BP,GO:0043207,response to external biotic stimulus,1.0,False,"""Any process that results in a change in state or activity of a cell or an organism (in terms of movement, secretion, enzyme production, gene expression, etc.) as a result of an external biotic stimulus, an external stimulus caused by, or produced by living things."" [GOC:go_curators]",1613,54,8,20972,0.14814814814814814,0.0049597024178549285,query_1,"['GO:0009605', 'GO:0009607']"
GO:BP,GO:0044403,biological process involved in symbiotic interaction,1.0,False,"""A process carried out by gene products in an organism that enable the organism to engage in a symbiotic relationship, a more or less intimate association, with another organism. The various forms of symbiosis include parasitism, in which the association is disadvantageous or destructive to one of the organisms; mutualism, in which the association is advantageous, or often necessary to one or both and not harmful to either; and commensalism, in which one member of the association benefits while the other is not affected. However, mutualism, parasitism, and commensalism are often not discrete categories of interactions and should rather be perceived as a continuum of interaction ranging from parasitism to mutualism. In fact, the direction of a symbiotic interaction can change during the lifetime of the symbionts due to developmental changes as well as changes in the biotic/abiotic environment in which the interaction occurs. Microscopic symbionts are often referred to as endosymbionts."" [GOC:cc, PMID:31257129]",190,54,2,20972,0.037037037037037035,0.010526315789473684,query_1,['GO:0044419']
GO:BP,GO:0046718,symbiont entry into host cell,1.0,False,"""The process by which a symbiont breaches the plasma membrane or cell envelope and enters the host cell. The process ends when the symbiont or its genome is released into the host cell."" [GOC:jl]",132,54,2,20972,0.037037037037037035,0.015151515151515152,query_1,"['GO:0019058', 'GO:0044409']"
GO:BP,GO:0046720,citric acid secretion,1.0,False,"""The controlled release of citric acid, 2-hydroxy-1,2,3-propanetricarboxylic acid, by a cell or a tissue."" [GOC:ai]",1,54,1,20972,0.018518518518518517,1.0,query_1,"['GO:0015746', 'GO:0046717']"
GO:BP,GO:0046835,carbohydrate phosphorylation,1.0,False,"""The process of introducing a phosphate group into a carbohydrate, any organic compound based on the general formula Cx(H2O)y."" [ISBN:0198506732]",24,54,1,20972,0.018518518518518517,0.041666666666666664,query_1,"['GO:0005975', 'GO:0016310']"
GO:BP,GO:0046849,bone remodeling,1.0,False,"""The continuous turnover of bone matrix and mineral that involves first, an increase in resorption (osteoclastic activity) and later, reactive bone formation (osteoblastic activity). The process of bone remodeling takes place in the adult skeleton at discrete foci. The process ensures the mechanical integrity of the skeleton throughout life and plays an important role in calcium homeostasis. An imbalance in the regulation of bone resorption and bone formation results in many of the metabolic bone diseases, such as osteoporosis."" [GOC:curators]",89,54,1,20972,0.018518518518518517,0.011235955056179775,query_1,['GO:0048771']
GO:BP,GO:0046879,hormone secretion,1.0,False,"""The regulated release of hormones, substances with a specific regulatory effect on a particular organ or group of cells."" [ISBN:0198506732]",319,54,1,20972,0.018518518518518517,0.003134796238244514,query_1,"['GO:0009914', 'GO:0023061']"
GO:BP,GO:0046883,regulation of hormone secretion,1.0,False,"""Any process that modulates the frequency, rate or extent of the regulated release of a hormone from a cell."" [GOC:ai]",262,54,1,20972,0.018518518518518517,0.003816793893129771,query_1,"['GO:0010646', 'GO:0010817', 'GO:0023051', 'GO:0046879', 'GO:1903530']"
GO:BP,GO:0046887,positive regulation of hormone secretion,1.0,False,"""Any process that activates or increases the frequency, rate or extent of the regulated release of a hormone from a cell."" [GOC:ai]",143,54,1,20972,0.018518518518518517,0.006993006993006993,query_1,"['GO:0010647', 'GO:0023056', 'GO:0046879', 'GO:0046883', 'GO:1903532']"
GO:BP,GO:0046903,secretion,1.0,False,"""The controlled release of a substance by a cell or a tissue."" [GOC:ai]",971,54,2,20972,0.037037037037037035,0.0020597322348094747,query_1,['GO:0006810']
GO:BP,GO:0046907,intracellular transport,1.0,False,"""The directed movement of substances within a cell."" [GOC:ai]",1375,54,6,20972,0.1111111111111111,0.004363636363636364,query_1,"['GO:0006810', 'GO:0051641', 'GO:0051649']"
GO:BP,GO:0046942,carboxylic acid transport,1.0,False,"""The directed movement of carboxylic acids into, out of or within a cell, or between cells, by means of some agent such as a transporter or pore. Carboxylic acids are organic acids containing one or more carboxyl (COOH) groups or anions (COO-)."" [GOC:ai]",347,54,2,20972,0.037037037037037035,0.005763688760806916,query_1,"['GO:0015711', 'GO:0015849']"
GO:BP,GO:0046717,acid secretion,1.0,False,"""The controlled release of acid by a cell or a tissue."" [GOC:ai]",39,54,1,20972,0.018518518518518517,0.02564102564102564,query_1,['GO:0046903']
GO:BP,GO:0048010,vascular endothelial growth factor receptor signaling pathway,1.0,False,"""The series of molecular signals initiated by a ligand binding to a vascular endothelial growth factor receptor (VEGFR) on the surface of the target cell, and ending with the regulation of a downstream cellular process, e.g. transcription."" [GOC:ceb, GOC:signaling]",105,54,1,20972,0.018518518518518517,0.009523809523809525,query_1,['GO:0007169']
GO:BP,GO:0045927,positive regulation of growth,1.0,False,"""Any process that activates or increases the rate or extent of growth, the increase in size or mass of all or part of an organism."" [GOC:go_curators]",242,54,2,20972,0.037037037037037035,0.008264462809917356,query_1,"['GO:0040007', 'GO:0040008', 'GO:0048518']"
GO:BP,GO:0045934,negative regulation of nucleobase-containing compound metabolic process,1.0,False,"""Any cellular process that stops, prevents, or reduces the frequency, rate or extent of the chemical reactions and pathways involving nucleobases, nucleosides, nucleotides and nucleic acids."" [GOC:go_curators]",1510,54,2,20972,0.037037037037037035,0.0013245033112582781,query_1,"['GO:0006139', 'GO:0009892', 'GO:0019219']"
GO:BP,GO:0045937,positive regulation of phosphate metabolic process,1.0,False,"""Any process that activates or increases the frequency, rate or extent of the chemical reactions and pathways involving phosphates."" [GOC:go_curators]",395,54,1,20972,0.018518518518518517,0.002531645569620253,query_1,"['GO:0006796', 'GO:0010562']"
GO:BP,GO:0045939,negative regulation of steroid metabolic process,1.0,False,"""Any process that stops, prevents, or reduces the frequency, rate or extent of the chemical reactions and pathways involving steroids."" [GOC:go_curators]",27,54,1,20972,0.018518518518518517,0.037037037037037035,query_1,"['GO:0008202', 'GO:0019218', 'GO:0045833']"
GO:BP,GO:0045944,positive regulation of transcription by RNA polymerase II,1.0,False,"""Any process that activates or increases the frequency, rate or extent of transcription from an RNA polymerase II promoter."" [GOC:go_curators, GOC:txnOH]",1237,54,1,20972,0.018518518518518517,0.0008084074373484236,query_1,"['GO:0006357', 'GO:0006366', 'GO:0045893']"
GO:BP,GO:0046348,amino sugar catabolic process,1.0,False,"""The chemical reactions and pathways resulting in the breakdown of any amino sugar, sugars containing an amino group in place of a hydroxyl group."" [GOC:curators]",13,54,1,20972,0.018518518518518517,0.07692307692307693,query_1,"['GO:0006040', 'GO:1901136']"
GO:BP,GO:0046394,carboxylic acid biosynthetic process,1.0,False,"""The chemical reactions and pathways resulting in the formation of carboxylic acids, any organic acid containing one or more carboxyl (-COOH) groups."" [ISBN:0198506732]",310,54,1,20972,0.018518518518518517,0.0032258064516129032,query_1,"['GO:0016053', 'GO:0019752']"
GO:BP,GO:0046398,UDP-glucuronate metabolic process,1.0,False,"""The chemical reactions and pathways involving UDP-glucuronate, a substance composed of glucuronic acid in glycosidic linkage with uridine diphosphate."" [GOC:ai]",3,54,1,20972,0.018518518518518517,0.3333333333333333,query_1,"['GO:0009225', 'GO:0019752']"
GO:BP,GO:0046425,regulation of receptor signaling pathway via JAK-STAT,1.0,False,"""Any process that modulates the frequency, rate or extent of receptor signaling via JAK-STAT."" [GOC:bf]",74,54,1,20972,0.018518518518518517,0.013513513513513514,query_1,"['GO:0007259', 'GO:1904892']"
GO:BP,GO:0046427,positive regulation of receptor signaling pathway via JAK-STAT,1.0,False,"""Any process that activates or increases the frequency, rate or extent of the JAK-STAT signaling pathway activity."" [GOC:bf]",43,54,1,20972,0.018518518518518517,0.023255813953488372,query_1,"['GO:0007259', 'GO:0046425', 'GO:1904894']"
GO:BP,GO:0048193,Golgi vesicle transport,1.0,False,"""The directed movement of substances into, out of or within the Golgi apparatus, mediated by vesicles."" [GOC:jid, ISBN:0716731363, PMID:10219233]",312,54,1,20972,0.018518518518518517,0.003205128205128205,query_1,['GO:0016192']
GO:BP,GO:0046661,male sex differentiation,1.0,False,"""The establishment of the sex of a male organism by physical differentiation."" [GOC:bf]",164,54,2,20972,0.037037037037037035,0.012195121951219513,query_1,"['GO:0007275', 'GO:0007548']"
GO:BP,GO:0046649,lymphocyte activation,1.0,False,"""A change in morphology and behavior of a lymphocyte resulting from exposure to a specific antigen, mitogen, cytokine, chemokine, cellular ligand, or soluble factor."" [GOC:mgi_curators, ISBN:0781735149]",811,54,1,20972,0.018518518518518517,0.0012330456226880395,query_1,['GO:0045321']
GO:BP,GO:0046597,host-mediated suppression of symbiont invasion,1.0,False,"""A process in which a host inhibits or disrupts the entry of a symbiont into a host cell."" [PMID:23544079]",24,54,1,20972,0.018518518518518517,0.041666666666666664,query_1,"['GO:0045087', 'GO:0051851']"
GO:BP,GO:0048589,developmental growth,1.0,False,"""The increase in size or mass of an entire organism, a part of an organism or a cell, where the increase in size or mass has the specific outcome of the progression of the organism over time from one condition to another."" [GOC:go_curators]",661,54,1,20972,0.018518518518518517,0.0015128593040847202,query_1,"['GO:0032502', 'GO:0040007']"
GO:BP,GO:0048598,embryonic morphogenesis,1.0,False,"""The process in which anatomical structures are generated and organized during the embryonic phase. The embryonic phase begins with zygote formation. The end of the embryonic phase is organism-specific. For example, it would be at birth for mammals, larval hatching for insects and seed dormancy in plants."" [GOC:jid, GOC:mtg_sensu]",623,54,2,20972,0.037037037037037035,0.0032102728731942215,query_1,"['GO:0009653', 'GO:0009790']"
REAC,REAC:0000000,REACTOME root term,1.0,False,REACTOME root term,11056,39,39,11056,1.0,0.003527496382054993,query_1,[]
GO:BP,GO:0048609,multicellular organismal reproductive process,1.0,False,"""The process, occurring above the cellular level, that is pertinent to the reproductive function of a multicellular organism. This includes the integrated processes at the level of tissues and organs."" [GOC:dph, GOC:jid, GOC:tb]",988,54,4,20972,0.07407407407407407,0.004048582995951417,query_1,['GO:0022414']
GO:BP,GO:0048638,regulation of developmental growth,1.0,False,"""Any process that modulates the frequency, rate or extent of developmental growth."" [GOC:go_curators]",306,54,1,20972,0.018518518518518517,0.0032679738562091504,query_1,"['GO:0040008', 'GO:0048589', 'GO:0050793']"
GO:BP,GO:0048639,positive regulation of developmental growth,1.0,False,"""Any process that activates, maintains or increases the rate of developmental growth."" [GOC:go_curators]",156,54,1,20972,0.018518518518518517,0.00641025641025641,query_1,"['GO:0045927', 'GO:0048589', 'GO:0048638', 'GO:0051094']"
GO:BP,GO:0048646,anatomical structure formation involved in morphogenesis,1.0,False,"""The developmental process pertaining to the initial formation of an anatomical structure from unspecified parts. This process begins with the specific processes that contribute to the appearance of the discrete structure and ends when the structural rudiment is recognizable. An anatomical structure is any biological entity that occupies space and is distinguished from its surroundings. Anatomical structures can be macroscopic such as a carpel, or microscopic such as an acrosome."" [GOC:dph, GOC:jid, GOC:tb]",1190,54,6,20972,0.1111111111111111,0.005042016806722689,query_1,"['GO:0009653', 'GO:0032502']"
GO:BP,GO:0048227,plasma membrane to endosome transport,1.0,False,"""Transport of a vesicle from the plasma membrane to the endosome."" [GOC:jid]",9,54,1,20972,0.018518518518518517,0.1111111111111111,query_1,['GO:0016192']
GO:BP,GO:0048232,male gamete generation,1.0,False,"""Generation of the male gamete; specialised haploid cells produced by meiosis and along with a female gamete takes part in sexual reproduction."" [GOC:dph, GOC:jid]",670,54,4,20972,0.07407407407407407,0.005970149253731343,query_1,['GO:0007276']
GO:BP,GO:0048240,sperm capacitation,1.0,False,"""A process required for sperm to reach fertilization competence. Sperm undergo an incompletely understood series of morphological and molecular maturational processes, termed capacitation, involving, among other processes, protein tyrosine phosphorylation and increased intracellular calcium."" [GOC:jid, ISBN:978-3-642-58301-8, PMID:11820818]",34,54,1,20972,0.018518518518518517,0.029411764705882353,query_1,"['GO:0003006', 'GO:0007286', 'GO:0022412', 'GO:0048469']"
GO:BP,GO:0048255,mRNA stabilization,1.0,False,"""Prevention of degradation of mRNA molecules. In the absence of compensating changes in other processes, the slowing of mRNA degradation can result in an overall increase in the population of active mRNA molecules."" [GOC:jid]",72,54,1,20972,0.018518518518518517,0.013888888888888888,query_1,"['GO:0043488', 'GO:0043489', 'GO:1902373']"
GO:BP,GO:0048285,organelle fission,1.0,False,"""The creation of two or more organelles by division of one organelle."" [GOC:jid]",497,54,1,20972,0.018518518518518517,0.002012072434607646,query_1,['GO:0006996']
GO:BP,GO:0048468,cell development,1.0,False,"""The cellular developmental process in which a specific cell progresses from an immature to a mature state. Cell development start once cell commitment has taken place."" [GOC:go_curators]",2842,54,13,20972,0.24074074074074073,0.004574243490499648,query_1,"['GO:0030154', 'GO:0048856', 'GO:0048869']"
GO:BP,GO:0048469,cell maturation,1.0,False,"""The cellular developmental process, independent of morphogenetic (shape) change, that is required for a specific cell to attain its fully functional state."" [GOC:go_curators]",207,54,1,20972,0.018518518518518517,0.004830917874396135,query_1,"['GO:0048468', 'GO:0048869', 'GO:0071695']"
GO:BP,GO:0048483,autonomic nervous system development,1.0,False,"""The process whose specific outcome is the progression of the autonomic nervous system over time, from its formation to the mature structure. The autonomic nervous system is composed of neurons that are not under conscious control, and is comprised of two antagonistic components, the sympathetic and parasympathetic nervous systems. The autonomic nervous system regulates key functions including the activity of the cardiac (heart) muscle, smooth muscles (e.g. of the gut), and glands."" [FMA:9905, GOC:jid, GOC:sr]",45,54,1,20972,0.018518518518518517,0.022222222222222223,query_1,"['GO:0007399', 'GO:0048731']"
GO:BP,GO:0048486,parasympathetic nervous system development,1.0,False,"""The process whose specific outcome is the progression of the parasympathetic nervous system over time, from its formation to the mature structure. The parasympathetic nervous system is one of the two divisions of the vertebrate autonomic nervous system. Parasympathetic nerves emerge cranially as pre ganglionic fibers from oculomotor, facial, glossopharyngeal and vagus and from the sacral region of the spinal cord. Most neurons are cholinergic and responses are mediated by muscarinic receptors. The parasympathetic system innervates, for example: salivary glands, thoracic and abdominal viscera, bladder and genitalia."" [FMA:9907, GOC:jid, GOC:sr]",18,54,1,20972,0.018518518518518517,0.05555555555555555,query_1,"['GO:0048483', 'GO:0048731']"
GO:BP,GO:0048488,synaptic vesicle endocytosis,1.0,False,"""A vesicle-mediated transport process, in which the synaptic vesicle membrane constituents are retrieved from the presynaptic membrane on the axon terminal after neurotransmitter secretion by exocytosis. Synaptic vesicle endocytosis can occur via clathrin-dependent and clathrin-independent mechanisms."" [GOC:aruk, GOC:bc, GOC:jid, GOC:lmg, GOC:mah, PMID:20448150, PMID:26430111]",71,54,1,20972,0.018518518518518517,0.014084507042253521,query_1,"['GO:0036465', 'GO:0140238']"
GO:BP,GO:0048511,rhythmic process,1.0,False,"""Any process pertinent to the generation and maintenance of rhythms in the physiology of an organism."" [GOC:jid]",291,54,1,20972,0.018518518518518517,0.003436426116838488,query_1,['GO:0008150']
GO:BP,GO:0048513,animal organ development,1.0,False,"""Development of a tissue or tissues that work together to perform a specific function or functions. Development pertains to the process whose specific outcome is the progression of a structure over time, from its formation to the mature structure. Organs are commonly observed as visibly distinct structures, but may also exist as loosely associated clusters of cells that work together to perform a specific function or functions."" [GOC:dph, GOC:jid]",3018,54,11,20972,0.2037037037037037,0.003644797879390325,query_1,['GO:0048856']
GO:BP,GO:0048514,blood vessel morphogenesis,1.0,False,"""The process in which the anatomical structures of blood vessels are generated and organized. The blood vessel is the vasculature carrying blood."" [GOC:jid]",632,54,5,20972,0.09259259259259259,0.007911392405063292,query_1,"['GO:0001568', 'GO:0035239']"
GO:BP,GO:0048515,spermatid differentiation,1.0,False,"""The process whose specific outcome is the progression of a spermatid over time, from initial commitment of the cell to a specific fate, to the fully functional differentiated cell."" [GOC:dph, GOC:jid]",245,54,2,20972,0.037037037037037035,0.00816326530612245,query_1,"['GO:0003006', 'GO:0007283', 'GO:0022412', 'GO:0030154']"
GO:BP,GO:0048518,positive regulation of biological process,1.0,False,"""Any process that activates or increases the frequency, rate or extent of a biological process. Biological processes are regulated by many means; examples include the control of gene expression, protein modification or interaction with a protein or substrate molecule."" [GOC:jid]",6150,54,17,20972,0.3148148148148148,0.0027642276422764228,query_1,"['GO:0008150', 'GO:0050789']"
GO:BP,GO:0048519,negative regulation of biological process,1.0,False,"""Any process that stops, prevents, or reduces the frequency, rate or extent of a biological process. Biological processes are regulated by many means; examples include the control of gene expression, protein modification or interaction with a protein or substrate molecule."" [GOC:jid]",5753,54,16,20972,0.2962962962962963,0.0027811576568746743,query_1,"['GO:0008150', 'GO:0050789']"
GO:BP,GO:0046461,neutral lipid catabolic process,1.0,False,"""The chemical reactions and pathways resulting in the breakdown of neutral lipids, lipids only soluble in solvents of very low polarity."" [GOC:ai]",40,54,1,20972,0.018518518518518517,0.025,query_1,['GO:0006638']
GO:BP,GO:0034612,response to tumor necrosis factor,1.0,False,"""Any process that results in a change in state or activity of a cell or an organism (in terms of movement, secretion, enzyme production, gene expression, etc.) as a result of a tumor necrosis factor stimulus."" [GOC:mah]",216,54,2,20972,0.037037037037037035,0.009259259259259259,query_1,['GO:0034097']
GO:BP,GO:0046464,acylglycerol catabolic process,1.0,False,"""The chemical reactions and pathways resulting in the breakdown of acylglycerol, any mono-, di- or triester of glycerol with (one or more) fatty acids."" [GOC:ai]",40,54,1,20972,0.018518518518518517,0.025,query_1,"['GO:0006639', 'GO:0046461', 'GO:0046503']"
GO:BP,GO:0046503,glycerolipid catabolic process,1.0,False,"""The chemical reactions and pathways resulting in the breakdown of glycerolipids, any lipid with a glycerol backbone."" [GOC:ai]",67,54,1,20972,0.018518518518518517,0.014925373134328358,query_1,"['GO:0016042', 'GO:0046486']"
GO:BP,GO:0045184,establishment of protein localization,1.0,False,"""The directed movement of a protein to a specific location."" [GOC:bf]",1869,54,7,20972,0.12962962962962962,0.003745318352059925,query_1,['GO:0051234']
GO:BP,GO:0045229,external encapsulating structure organization,1.0,False,"""A process that is carried out at the cellular level which results in the assembly, arrangement of constituent parts, or disassembly of external structures that lie outside the plasma membrane and surround the entire cell."" [GOC:ai, GOC:dph, GOC:jl, GOC:mah]",309,54,1,20972,0.018518518518518517,0.003236245954692557,query_1,['GO:0016043']
GO:BP,GO:0045321,leukocyte activation,1.0,False,"""A change in morphology and behavior of a leukocyte resulting from exposure to a specific antigen, mitogen, cytokine, cellular ligand, or soluble factor."" [GOC:add]",975,54,1,20972,0.018518518518518517,0.0010256410256410256,query_1,"['GO:0001775', 'GO:0002376']"
GO:BP,GO:0045333,cellular respiration,1.0,False,"""The enzymatic release of energy from inorganic and organic compounds (especially carbohydrates and fats) which either requires oxygen (aerobic respiration) or does not (anaerobic respiration)."" [GOC:das, ISBN:0140513590, ISBN:0198506732]",332,54,3,20972,0.05555555555555555,0.009036144578313253,query_1,['GO:0015980']
GO:BP,GO:0045444,fat cell differentiation,1.0,False,"""The process in which a relatively unspecialized cell acquires specialized features of an adipocyte, an animal connective tissue cell specialized for the synthesis and storage of fat."" [CL:0000136, GOC:go_curators]",243,54,1,20972,0.018518518518518517,0.00411522633744856,query_1,['GO:0030154']
GO:BP,GO:0045454,cell redox homeostasis,1.0,False,"""Any process that maintains the redox environment of a cell or compartment within a cell."" [GOC:ai, GOC:dph, GOC:tb, PMID:38689066]",41,54,1,20972,0.018518518518518517,0.024390243902439025,query_1,['GO:0019725']
GO:BP,GO:0045595,regulation of cell differentiation,1.0,False,"""Any process that modulates the frequency, rate or extent of cell differentiation, the process in which relatively unspecialized cells acquire specialized structural and functional features."" [GOC:go_curators]",1549,54,4,20972,0.07407407407407407,0.0025823111684958036,query_1,"['GO:0030154', 'GO:0050793', 'GO:0050794']"
GO:BP,GO:0043549,regulation of kinase activity,1.0,False,"""Any process that modulates the frequency, rate or extent of kinase activity, the catalysis of the transfer of a phosphate group, usually from ATP, to a substrate molecule."" [GOC:bf]",353,54,1,20972,0.018518518518518517,0.0028328611898017,query_1,"['GO:0042325', 'GO:0051338']"
GO:BP,GO:0043588,skin development,1.0,False,"""The process whose specific outcome is the progression of the skin over time, from its formation to the mature structure. The skin is the external membranous integument of an animal. In vertebrates the skin generally consists of two layers, an outer nonsensitive and nonvascular epidermis (cuticle or skarfskin) composed of cells which are constantly growing and multiplying in the deeper, and being thrown off in the superficial layers, as well as an inner vascular dermis (cutis, corium or true skin) composed mostly of connective tissue."" [GOC:jl, UBERON:0002097]",325,54,2,20972,0.037037037037037035,0.006153846153846154,query_1,['GO:0048513']
GO:BP,GO:0043654,recognition of apoptotic cell,1.0,False,"""The process in which a cell interprets signals (in the form of specific proteins and lipids) on the surface of a dying cell which it will engulf and remove by phagocytosis."" [GOC:rk, PMID:15536015]",7,54,1,20972,0.018518518518518517,0.14285714285714285,query_1,"['GO:0006910', 'GO:0043277']"
GO:BP,GO:0045137,development of primary sexual characteristics,1.0,False,"""The process whose specific outcome is the progression of the primary sexual characteristics over time, from their formation to the mature structures. The primary sexual characteristics are the testes in males and the ovaries in females and they develop in response to sex hormone secretion."" [GOC:ai]",232,54,1,20972,0.018518518518518517,0.004310344827586207,query_1,"['GO:0003006', 'GO:0007275', 'GO:0007548']"
GO:BP,GO:0043687,post-translational protein modification,1.0,False,"""The process of covalently altering one or more amino acids in a protein after the protein has been completely translated and released from the ribosome."" [GOC:jsg]",977,54,2,20972,0.037037037037037035,0.0020470829068577278,query_1,['GO:0036211']
GO:BP,GO:0043933,protein-containing complex organization,1.0,False,"""Any process in which macromolecules aggregate, disaggregate, or are modified, resulting in the formation, disassembly, or alteration of a protein complex."" [GOC:mah]",3412,54,8,20972,0.14814814814814814,0.0023446658851113715,query_1,['GO:0016043']
GO:BP,GO:0044057,regulation of system process,1.0,False,"""Any process that modulates the frequency, rate or extent of a system process, a multicellular organismal process carried out by any of the organs or tissues in an organ system."" [GOC:jl]",543,54,1,20972,0.018518518518518517,0.001841620626151013,query_1,"['GO:0003008', 'GO:0051239']"
GO:BP,GO:0044085,cellular component biogenesis,1.0,False,"""A process that results in the biosynthesis of constituent macromolecules, assembly, and arrangement of constituent parts of a cellular component. Includes biosynthesis of constituent macromolecules, and those macromolecular modifications that are involved in synthesis or assembly of the cellular component."" [GOC:jl, GOC:mah]",5090,54,7,20972,0.12962962962962962,0.00137524557956778,query_1,['GO:0071840']
GO:BP,GO:0044093,positive regulation of molecular function,1.0,False,"""Any process that activates or increases the rate or extent of a molecular function, an elemental biological activity occurring at the molecular level, such as catalysis or binding."" [GO:jl]",590,54,1,20972,0.018518518518518517,0.001694915254237288,query_1,['GO:0065009']
GO:BP,GO:0044238,primary metabolic process,1.0,False,"""The chemical reactions and pathways involving those compounds which are formed as a part of the normal anabolic and catabolic processes. These processes take place in most, if not all, cells of the organism."" [GOC:go_curators]",12170,54,30,20972,0.5555555555555556,0.0024650780608052587,query_1,['GO:0008152']
GO:BP,GO:0044272,sulfur compound biosynthetic process,1.0,False,"""The chemical reactions and pathways resulting in the formation of compounds that contain sulfur, such as the amino acids methionine and cysteine or the tripeptide glutathione."" [GOC:jl]",108,54,1,20972,0.018518518518518517,0.009259259259259259,query_1,"['GO:0006790', 'GO:0009058']"
GO:BP,GO:0044281,small molecule metabolic process,1.0,False,"""The chemical reactions and pathways involving small molecules, any low molecular weight, monomeric, non-encoded molecule."" [GOC:curators, GOC:pde, GOC:vw]",1694,54,9,20972,0.16666666666666666,0.005312868949232586,query_1,['GO:0008152']
GO:BP,GO:0044283,small molecule biosynthetic process,1.0,False,"""The chemical reactions and pathways resulting in the formation of small molecules, any low molecular weight, monomeric, non-encoded molecule."" [GOC:curators, GOC:pde, GOC:vw]",580,54,1,20972,0.018518518518518517,0.0017241379310344827,query_1,"['GO:0009058', 'GO:0044281']"
GO:BP,GO:0044319,"wound healing, spreading of cells",1.0,False,"""The migration of a cell along or through a wound gap that contributes to the reestablishment of a continuous surface."" [GOC:jl]",40,54,1,20972,0.018518518518518517,0.025,query_1,"['GO:0016477', 'GO:0090505']"
GO:BP,GO:0044351,macropinocytosis,1.0,False,"""An endocytosis process that results in the uptake of liquid material by cells from their external environment by the 'ruffling' of the cell membrane to form heterogeneously sized intracellular vesicles called macropinosomes, which can be up to 5 micrometers in size."" [PMID:14732047]",10,54,1,20972,0.018518518518518517,0.1,query_1,['GO:0006907']
GO:BP,GO:0043903,regulation of biological process involved in symbiotic interaction,1.0,False,"""Any process that modulates the frequency, rate or extent of symbiosis, an interaction between two organisms living together in more or less intimate association."" [GOC:jl]",38,54,1,20972,0.018518518518518517,0.02631578947368421,query_1,"['GO:0044403', 'GO:0050789']"
GO:BP,GO:0045089,positive regulation of innate immune response,1.0,False,"""Any process that activates or increases the frequency, rate or extent of the innate immune response, the organism's first line of defense against infection."" [GOC:ebc]",388,54,4,20972,0.07407407407407407,0.010309278350515464,query_1,"['GO:0002833', 'GO:0031349', 'GO:0032103', 'GO:0045087', 'GO:0045088', 'GO:0050778']"
GO:BP,GO:0045088,regulation of innate immune response,1.0,False,"""Any process that modulates the frequency, rate or extent of the innate immune response, the organism's first line of defense against infection."" [GOC:ebc]",470,54,5,20972,0.09259259259259259,0.010638297872340425,query_1,"['GO:0002831', 'GO:0031347', 'GO:0032101', 'GO:0045087', 'GO:0050776']"
GO:BP,GO:0045087,innate immune response,1.0,False,"""Innate immune responses are defense responses mediated by germline encoded components that directly recognize components of potential pathogens."" [GO_REF:0000022, GOC:add, GOC:ebc, GOC:mtg_sensu]",1018,54,7,20972,0.12962962962962962,0.0068762278978389,query_1,"['GO:0006955', 'GO:0140546']"
GO:BP,GO:0046530,photoreceptor cell differentiation,1.0,False,"""The specialization of organization of a photoreceptor, a cell that responds to incident electromagnetic radiation, particularly visible light. An example of this process is found in Drosophila melanogaster."" [GOC:ai, ISBN:0198506732]",77,54,1,20972,0.018518518518518517,0.012987012987012988,query_1,['GO:0030182']
GO:BP,GO:0046546,development of primary male sexual characteristics,1.0,False,"""The process whose specific outcome is the progression of the primary male sexual characteristics over time, from their formation to the mature structures. The primary male sexual characteristics are the testes, and they develop in response to sex hormone secretion."" [GOC:ai]",142,54,1,20972,0.018518518518518517,0.007042253521126761,query_1,"['GO:0045137', 'GO:0046661']"
GO:BP,GO:0045596,negative regulation of cell differentiation,1.0,False,"""Any process that stops, prevents, or reduces the frequency, rate or extent of cell differentiation."" [GOC:go_curators]",665,54,2,20972,0.037037037037037035,0.0030075187969924814,query_1,"['GO:0030154', 'GO:0045595', 'GO:0048523', 'GO:0051093']"
GO:BP,GO:0045597,positive regulation of cell differentiation,1.0,False,"""Any process that activates or increases the frequency, rate or extent of cell differentiation."" [GOC:go_curators]",852,54,1,20972,0.018518518518518517,0.0011737089201877935,query_1,"['GO:0030154', 'GO:0045595', 'GO:0048522', 'GO:0051094']"
GO:BP,GO:0045685,regulation of glial cell differentiation,1.0,False,"""Any process that modulates the frequency, rate or extent of glia cell differentiation."" [GOC:go_curators]",71,54,2,20972,0.037037037037037035,0.028169014084507043,query_1,"['GO:0010001', 'GO:0045595']"
GO:BP,GO:0045686,negative regulation of glial cell differentiation,1.0,False,"""Any process that stops, prevents, or reduces the frequency, rate or extent of glia cell differentiation."" [GOC:go_curators]",24,54,1,20972,0.018518518518518517,0.041666666666666664,query_1,"['GO:0010001', 'GO:0014014', 'GO:0045685']"
GO:BP,GO:0045687,positive regulation of glial cell differentiation,1.0,False,"""Any process that activates or increases the frequency, rate or extent of glia cell differentiation."" [GOC:go_curators]",41,54,1,20972,0.018518518518518517,0.024390243902439025,query_1,"['GO:0010001', 'GO:0014015', 'GO:0045685']"
GO:BP,GO:0045745,positive regulation of G protein-coupled receptor signaling pathway,1.0,False,"""Any process that activates or increases the frequency, rate or extent of G protein-coupled receptor signaling pathway activity."" [GOC:go_curators]",38,54,1,20972,0.018518518518518517,0.02631578947368421,query_1,"['GO:0007186', 'GO:0008277', 'GO:0009967']"
GO:BP,GO:0045765,regulation of angiogenesis,1.0,False,"""Any process that modulates the frequency, rate or extent of angiogenesis."" [GOC:go_curators]",292,54,1,20972,0.018518518518518517,0.003424657534246575,query_1,"['GO:0001525', 'GO:0022603', 'GO:1901342']"
GO:BP,GO:0045766,positive regulation of angiogenesis,1.0,False,"""Any process that activates or increases angiogenesis."" [GOC:go_curators]",163,54,1,20972,0.018518518518518517,0.006134969325153374,query_1,"['GO:0001525', 'GO:0045765', 'GO:1904018']"
GO:BP,GO:0045785,positive regulation of cell adhesion,1.0,False,"""Any process that activates or increases the frequency, rate or extent of cell adhesion."" [GOC:go_curators]",483,54,1,20972,0.018518518518518517,0.002070393374741201,query_1,"['GO:0007155', 'GO:0030155', 'GO:0048522']"
GO:BP,GO:0045807,positive regulation of endocytosis,1.0,False,"""Any process that activates or increases the frequency, rate or extent of endocytosis."" [GOC:go_curators]",154,54,2,20972,0.037037037037037035,0.012987012987012988,query_1,"['GO:0006897', 'GO:0030100', 'GO:0051050', 'GO:0051130']"
GO:BP,GO:0045833,negative regulation of lipid metabolic process,1.0,False,"""Any process that stops, prevents, or reduces the frequency, rate or extent of the chemical reactions and pathways involving lipids."" [GOC:go_curators]",97,54,1,20972,0.018518518518518517,0.010309278350515464,query_1,"['GO:0006629', 'GO:0009892', 'GO:0019216']"
GO:BP,GO:0045859,regulation of protein kinase activity,1.0,False,"""Any process that modulates the frequency, rate or extent of protein kinase activity."" [GOC:go_curators]",330,54,1,20972,0.018518518518518517,0.0030303030303030303,query_1,"['GO:0001932', 'GO:0043549']"
GO:BP,GO:0045860,positive regulation of protein kinase activity,1.0,False,"""Any process that activates or increases the frequency, rate or extent of protein kinase activity."" [GOC:go_curators]",194,54,1,20972,0.018518518518518517,0.005154639175257732,query_1,"['GO:0001934', 'GO:0033674', 'GO:0045859']"
GO:BP,GO:0045861,negative regulation of proteolysis,1.0,False,"""Any process that stops, prevents, or reduces the frequency, rate or extent of the hydrolysis of a peptide bond or bonds within a protein."" [GOC:go_curators]",68,54,1,20972,0.018518518518518517,0.014705882352941176,query_1,"['GO:0006508', 'GO:0030162', 'GO:0051248']"
GO:BP,GO:0045893,positive regulation of DNA-templated transcription,1.0,False,"""Any process that activates or increases the frequency, rate or extent of cellular DNA-templated transcription."" [GOC:go_curators, GOC:txnOH]",1672,54,1,20972,0.018518518518518517,0.0005980861244019139,query_1,"['GO:0006351', 'GO:0006355', 'GO:1902680']"
GO:BP,GO:0045922,negative regulation of fatty acid metabolic process,1.0,False,"""Any process that stops, prevents, or reduces the frequency, rate or extent of the chemical reactions and pathways involving fatty acids."" [GOC:go_curators]",37,54,1,20972,0.018518518518518517,0.02702702702702703,query_1,"['GO:0006631', 'GO:0019217', 'GO:0045833', 'GO:0062014']"
GO:BP,GO:0044409,symbiont entry into host,1.0,False,"""Entry of a symbiont into the body, tissues, or cells of a host organism as part of the symbiont life cycle. The host is defined as the larger of the organisms involved in a symbiotic interaction."" [GOC:vw]",137,54,2,20972,0.037037037037037035,0.014598540145985401,query_1,['GO:0051701']
GO:BP,GO:0044419,biological process involved in interspecies interaction between organisms,1.0,False,"""Any process evolved to enable an interaction with an organism of a different species."" [GOC:cc]",1777,54,10,20972,0.18518518518518517,0.005627462014631401,query_1,['GO:0008150']
GO:BP,GO:0044571,[2Fe-2S] cluster assembly,1.0,False,"""The incorporation of two iron atoms and two sulfur atoms into an iron-sulfur cluster."" [GOC:jl, GOC:mengo_curators, GOC:pde, GOC:tt, GOC:vw, PMID:15952888]",11,54,1,20972,0.018518518518518517,0.09090909090909091,query_1,['GO:0016226']
GO:BP,GO:0044860,protein localization to plasma membrane raft,1.0,False,"""A process in which a protein is transported to, or maintained in, a location within a plasma membrane raft."" [GOC:jl]",5,54,1,20972,0.018518518518518517,0.2,query_1,"['GO:1903044', 'GO:1990778']"
GO:BP,GO:0044861,protein transport into plasma membrane raft,1.0,False,"""The directed movement of a protein into a plasma membrane raft."" [GOC:jl]",2,54,1,20972,0.018518518518518517,0.5,query_1,"['GO:0032596', 'GO:0044860']"
GO:BP,GO:0046486,glycerolipid metabolic process,1.0,False,"""The chemical reactions and pathways involving glycerolipids, any lipid with a glycerol backbone. Diacylglycerol and phosphatidate are key lipid intermediates of glycerolipid biosynthesis."" [GOC:ai, PMID:8906569]",386,54,2,20972,0.037037037037037035,0.0051813471502590676,query_1,['GO:0006629']
GO:BP,GO:0048585,negative regulation of response to stimulus,1.0,False,"""Any process that stops, prevents, or reduces the frequency, rate or extent of a response to a stimulus. Response to stimulus is a change in state or activity of a cell or an organism (in terms of movement, secretion, enzyme production, gene expression, etc.) as a result of a stimulus."" [GOC:jid]",1693,54,7,20972,0.12962962962962962,0.004134672179562906,query_1,"['GO:0048519', 'GO:0048583', 'GO:0050896']"
GO:BP,GO:0034614,cellular response to reactive oxygen species,1.0,False,"""Any process that results in a change in state or activity of a cell (in terms of movement, secretion, enzyme production, gene expression, etc.) as a result of a reactive oxygen species stimulus. Reactive oxygen species include singlet oxygen, superoxide, and oxygen free radicals."" [GOC:mah]",132,54,1,20972,0.018518518518518517,0.007575757575757576,query_1,"['GO:0000302', 'GO:0034599', 'GO:1901701']"
GO:BP,GO:0034654,nucleobase-containing compound biosynthetic process,1.0,False,"""The chemical reactions and pathways resulting in the formation of nucleobases, nucleosides, nucleotides and nucleic acids."" [GOC:mah]",7035,54,7,20972,0.12962962962962962,0.0009950248756218905,query_1,"['GO:0006139', 'GO:0009058']"
GO:BP,GO:0021700,developmental maturation,1.0,False,"""A developmental process, independent of morphogenetic (shape) change, that is required for an anatomical structure, cell or cellular component to attain its fully functional state."" [GO_REF:0000021, GOC:cls, GOC:dgh, GOC:dph, GOC:jid]",346,54,1,20972,0.018518518518518517,0.002890173410404624,query_1,['GO:0032502']
GO:BP,GO:0021783,preganglionic parasympathetic fiber development,1.0,False,"""The process whose specific outcome is the progression of a preganglionic parasympathetic fiber over time, from its formation to the mature structure. A preganglionic parasympathetic fiber is a cholinergic axonal fiber projecting from the CNS to a parasympathetic ganglion."" [GO_REF:0000021, GOC:cjm, GOC:cls, GOC:dgh, GOC:dph, GOC:jid]",16,54,1,20972,0.018518518518518517,0.0625,query_1,"['GO:0007417', 'GO:0048486', 'GO:0048731']"
GO:BP,GO:0022008,neurogenesis,1.0,False,"""Generation of cells within the nervous system."" [GO_REF:0000021, GOC:cls, GOC:curators, GOC:dgh, GOC:dph, GOC:jid]",1769,54,8,20972,0.14814814814814814,0.0045223289994347085,query_1,"['GO:0007399', 'GO:0030154']"
GO:BP,GO:0022402,cell cycle process,1.0,False,"""The cellular process that ensures successive accurate and complete genome replication and chromosome segregation."" [GOC:isa_complete, GOC:mtg_cell_cycle]",1290,54,3,20972,0.05555555555555555,0.002325581395348837,query_1,"['GO:0007049', 'GO:0009987']"
GO:BP,GO:0022404,molting cycle process,1.0,False,"""A multicellular organismal process involved in the periodic casting off and regeneration of an outer covering of cuticle, feathers, hair, horns, skin."" [GOC:isa_complete]",102,54,2,20972,0.037037037037037035,0.0196078431372549,query_1,"['GO:0032501', 'GO:0042303']"
GO:BP,GO:0022405,hair cycle process,1.0,False,"""A multicellular organismal process involved in the cyclical phases of growth (anagen), regression (catagen), quiescence (telogen), and shedding (exogen) in the life of a hair; one of the collection or mass of filaments growing from the skin of an animal, and forming a covering for a part of the head or for any part or the whole of the body."" [GOC:isa_complete]",102,54,2,20972,0.037037037037037035,0.0196078431372549,query_1,"['GO:0022404', 'GO:0042633']"
GO:BP,GO:0022406,membrane docking,1.0,False,"""The initial attachment of a membrane or protein to a target membrane. Docking requires only that the proteins come close enough to interact and adhere."" [GOC:isa_complete, PMID:27875684]",88,54,1,20972,0.018518518518518517,0.011363636363636364,query_1,['GO:0009987']
GO:BP,GO:0022411,cellular component disassembly,1.0,False,"""A cellular process that results in the breakdown of a cellular component."" [GOC:isa_complete]",444,54,1,20972,0.018518518518518517,0.0022522522522522522,query_1,['GO:0016043']
GO:BP,GO:0022412,cellular process involved in reproduction in multicellular organism,1.0,False,"""A process, occurring at the cellular level, that is involved in the reproductive function of a multicellular organism."" [GOC:isa_complete]",424,54,2,20972,0.037037037037037035,0.0047169811320754715,query_1,"['GO:0009987', 'GO:0048609']"
GO:BP,GO:0022414,reproductive process,1.0,False,"""A biological process that directly contributes to the process of producing new individuals by one or two organisms. The new individuals inherit some proportion of their genetic material from the parent or parents."" [GOC:dph, GOC:isa_complete]",1592,54,5,20972,0.09259259259259259,0.00314070351758794,query_1,['GO:0008150']
GO:BP,GO:0030154,cell differentiation,1.0,False,"""The cellular developmental process in which a relatively unspecialized cell, e.g. embryonic or regenerative cell, acquires specialized structural and/or functional features that characterize a specific cell. Differentiation includes the processes involved in commitment of a cell to a specific fate and its subsequent development to the mature state."" [ISBN:0198506732]",4443,54,16,20972,0.2962962962962963,0.0036011703803736214,query_1,['GO:0048869']
GO:BP,GO:0022603,regulation of anatomical structure morphogenesis,1.0,False,"""Any process that modulates the frequency, rate or extent of anatomical structure morphogenesis."" [GOC:mah]",822,54,7,20972,0.12962962962962962,0.00851581508515815,query_1,"['GO:0009653', 'GO:0050793']"
GO:BP,GO:0022607,cellular component assembly,1.0,False,"""The aggregation, arrangement and bonding together of a cellular component."" [GOC:isa_complete]",4830,54,7,20972,0.12962962962962962,0.0014492753623188406,query_1,"['GO:0016043', 'GO:0044085']"
GO:BP,GO:0023051,regulation of signaling,1.0,False,"""Any process that modulates the frequency, rate or extent of a signaling process."" [GOC:mtg_signal]",3473,54,10,20972,0.18518518518518517,0.0028793550244745176,query_1,"['GO:0023052', 'GO:0050789']"
GO:BP,GO:0023052,signaling,1.0,False,"""The entirety of a process in which information is transmitted within a biological system. This process begins with an active signal and ends when a cellular response has been triggered."" [GOC:mtg_signal, GOC:mtg_signaling_feb11, GOC:signaling]",6558,54,23,20972,0.42592592592592593,0.0035071668191521805,query_1,['GO:0050789']
GO:BP,GO:0023056,positive regulation of signaling,1.0,False,"""Any process that activates, maintains or increases the frequency, rate or extent of a signaling process."" [GOC:mtg_signal]",1779,54,6,20972,0.1111111111111111,0.003372681281618887,query_1,"['GO:0023051', 'GO:0023052', 'GO:0048518']"
GO:BP,GO:0021571,rhombomere 5 development,1.0,False,"""The process whose specific outcome is the progression of rhombomere 5 over time, from its formation to the mature structure. Rhombomeres are transverse segments of the developing rhombencephalon. Rhombomeres are lineage restricted, express different genes from one another, and adopt different developmental fates. Rhombomeres are numbered in anterior to posterior order."" [GO_REF:0000021, GOC:cls, GOC:curators, GOC:dgh, GOC:dph, GOC:jid]",3,54,1,20972,0.018518518518518517,0.3333333333333333,query_1,['GO:0021546']
GO:BP,GO:0021591,ventricular system development,1.0,False,"""The process whose specific outcome is the progression of the brain ventricular system over time, from its formation to the mature structure. The brain ventricular system consists of four communicating cavities within the brain that are continuous with the central canal of the spinal cord. These cavities include two lateral ventricles, the third ventricle and the fourth ventricle. Cerebrospinal fluid fills the ventricles and is produced by the choroid plexus."" [GO_REF:0000021, GOC:cls, GOC:dgh, GOC:dph, GOC:jid, ISBN:0838580343]",33,54,1,20972,0.018518518518518517,0.030303030303030304,query_1,"['GO:0007420', 'GO:0048731']"
GO:BP,GO:0021593,rhombomere morphogenesis,1.0,False,"""The process in which the anatomical structure of the rhombomere is generated and organized. Rhombomeres are transverse segments of the developing rhombencephalon. Rhombomeres are lineage restricted, express different genes from one another, and adopt different developmental fates."" [GO_REF:0000021, GOC:cls, GOC:dgh, GOC:dph, GOC:jid, ISBN:0838580343]",2,54,1,20972,0.018518518518518517,0.5,query_1,"['GO:0009653', 'GO:0021546']"
GO:BP,GO:0021594,rhombomere formation,1.0,False,"""The process that gives rise to the rhombomere. This process pertains to the initial formation of a structure from unspecified parts. Rhombomeres are transverse segments of the developing rhombencephalon. Rhombomeres are lineage restricted, express different genes from one another, and adopt different developmental fates."" [GO_REF:0000021, GOC:cls, GOC:dgh, GOC:dph, GOC:jid, ISBN:0838580343]",1,54,1,20972,0.018518518518518517,1.0,query_1,"['GO:0021593', 'GO:0048646']"
GO:BP,GO:0021595,rhombomere structural organization,1.0,False,"""The process that contributes to the act of creating the structural organization of the rhombomere structure. Rhombomeres are transverse segments of the developing rhombencephalon. Rhombomeres are lineage restricted, express different genes from one another, and adopt different developmental fates."" [GO_REF:0000021, GOC:cls, GOC:dgh, GOC:dph, GOC:jid, ISBN:0838580343]",1,54,1,20972,0.018518518518518517,1.0,query_1,"['GO:0021593', 'GO:0048532']"
GO:BP,GO:0021602,cranial nerve morphogenesis,1.0,False,"""The process in which the anatomical structure of the cranial nerves are generated and organized. The cranial nerves are composed of twelve pairs of nerves that emanate from the nervous tissue of the hindbrain. These nerves are sensory, motor, or mixed in nature, and provide the motor and general sensory innervation of the head, neck and viscera. They mediate vision, hearing, olfaction and taste and carry the parasympathetic innervation of the autonomic ganglia that control visceral functions."" [GO_REF:0000021, GOC:cls, GOC:dgh, GOC:dph, GOC:jid, ISBN:0838580343]",30,54,1,20972,0.018518518518518517,0.03333333333333333,query_1,"['GO:0009653', 'GO:0021545']"
GO:BP,GO:0022604,regulation of cell morphogenesis,1.0,False,"""Any process that modulates the frequency, rate or extent of cell morphogenesis. Cell morphogenesis is the developmental process in which the shape of a cell is generated and organized."" [GOC:isa_complete]",241,54,3,20972,0.05555555555555555,0.012448132780082987,query_1,"['GO:0000902', 'GO:0022603']"
GO:BP,GO:0021604,cranial nerve structural organization,1.0,False,"""The process that contributes to the act of creating the structural organization of the cranial nerves. This process pertains to the physical shaping of a rudimentary structure. The cranial nerves are composed of twelve pairs of nerves that emanate from the nervous tissue of the hindbrain. These nerves are sensory, motor, or mixed in nature, and provide the motor and general sensory innervation of the head, neck and viscera. They mediate vision, hearing, olfaction and taste and carry the parasympathetic innervation of the autonomic ganglia that control visceral functions."" [GO_REF:0000021, GOC:cls, GOC:dgh, GOC:dph, GOC:jid, ISBN:0838580343]",11,54,1,20972,0.018518518518518517,0.09090909090909091,query_1,"['GO:0021602', 'GO:0048532']"
GO:BP,GO:0030111,regulation of Wnt signaling pathway,1.0,False,"""Any process that modulates the frequency, rate or extent of the activity of the Wnt signal transduction pathway."" [GOC:dph, GOC:mah, GOC:tb]",331,54,3,20972,0.05555555555555555,0.00906344410876133,query_1,"['GO:0009966', 'GO:0016055']"
GO:BP,GO:0030100,regulation of endocytosis,1.0,False,"""Any process that modulates the frequency, rate or extent of endocytosis."" [GOC:go_curators]",292,54,4,20972,0.07407407407407407,0.0136986301369863,query_1,"['GO:0006897', 'GO:0051128', 'GO:0060627']"
GO:BP,GO:0030178,negative regulation of Wnt signaling pathway,1.0,False,"""Any process that stops, prevents, or reduces the frequency, rate or extent of the Wnt signaling pathway."" [GOC:dph, GOC:go_curators, GOC:tb]",170,54,1,20972,0.018518518518518517,0.0058823529411764705,query_1,"['GO:0009968', 'GO:0016055', 'GO:0030111']"
GO:BP,GO:0030182,neuron differentiation,1.0,False,"""The process in which a relatively unspecialized cell acquires specialized features of a neuron."" [GOC:mah]",1444,54,7,20972,0.12962962962962962,0.004847645429362881,query_1,"['GO:0030154', 'GO:0048699']"
GO:BP,GO:0030193,regulation of blood coagulation,1.0,False,"""Any process that modulates the frequency, rate or extent of blood coagulation."" [GOC:mah]",68,54,2,20972,0.037037037037037035,0.029411764705882353,query_1,"['GO:0007596', 'GO:0032101', 'GO:0050818', 'GO:0061041', 'GO:1900046']"
GO:BP,GO:0030194,positive regulation of blood coagulation,1.0,False,"""Any process that activates or increases the frequency, rate or extent of blood coagulation."" [GOC:mah]",26,54,1,20972,0.018518518518518517,0.038461538461538464,query_1,"['GO:0007596', 'GO:0030193', 'GO:0050820', 'GO:0090303', 'GO:1900048']"
GO:BP,GO:0030195,negative regulation of blood coagulation,1.0,False,"""Any process that stops, prevents, or reduces the frequency, rate or extent of blood coagulation."" [GOC:mah]",50,54,2,20972,0.037037037037037035,0.04,query_1,"['GO:0007596', 'GO:0030193', 'GO:0050819', 'GO:0061045', 'GO:1900047']"
GO:BP,GO:0030198,extracellular matrix organization,1.0,False,"""A process that is carried out at the cellular level which results in the assembly, arrangement of constituent parts, or disassembly of an extracellular matrix."" [GOC:mah]",307,54,1,20972,0.018518518518518517,0.003257328990228013,query_1,"['GO:0043062', 'GO:0045229']"
GO:BP,GO:0030201,heparan sulfate proteoglycan metabolic process,1.0,False,"""The chemical reactions and pathways involving heparan sulfate proteoglycans, which consist of a core protein linked to a heparan sulfate glycosaminoglycan. The heparan sulfate chain is composed of the repeating disaccharide unit beta-(1,4)-N-acetyl-D-glucosamine-alpha-(1,4)-hexuronic acid, the former being either sulfated or deacetylated on its amino group as well as sulfated on one of its hydroxyl groups, and the latter being a mixture of sulfated and nonsulfated D-glucuronic and L-iduronic acids."" [PMID:27241222]",45,54,1,20972,0.018518518518518517,0.022222222222222223,query_1,['GO:0006029']
GO:BP,GO:0030203,glycosaminoglycan metabolic process,1.0,False,"""The chemical reactions and pathways involving glycosaminoglycans, any of a group of linear polysaccharides composed of repeating disaccharide units."" [PMID:38500384]",65,54,1,20972,0.018518518518518517,0.015384615384615385,query_1,['GO:0006022']
GO:BP,GO:0030218,erythrocyte differentiation,1.0,False,"""The process in which a myeloid precursor cell acquires specializes features of an erythrocyte."" [GOC:mah]",138,54,1,20972,0.018518518518518517,0.007246376811594203,query_1,"['GO:0030099', 'GO:0034101']"
GO:BP,GO:0030278,regulation of ossification,1.0,False,"""Any process that modulates the frequency, rate or extent of ossification, the formation of bone or of a bony substance or the conversion of fibrous tissue or of cartilage into bone or a bony substance."" [GOC:go_curators]",121,54,2,20972,0.037037037037037035,0.01652892561983471,query_1,"['GO:0001503', 'GO:0051239']"
GO:BP,GO:0030101,natural killer cell activation,1.0,False,"""The change in morphology and behavior of a natural killer cell in response to a cytokine, chemokine, cellular ligand, or soluble factor."" [GOC:mgi_curators, ISBN:0781735149]",97,54,1,20972,0.018518518518518517,0.010309278350515464,query_1,['GO:0046649']
GO:BP,GO:0023057,negative regulation of signaling,1.0,False,"""Any process that stops, prevents, or reduces the frequency, rate or extent of a signaling process."" [GOC:mtg_signal]",1449,54,5,20972,0.09259259259259259,0.003450655624568668,query_1,"['GO:0023051', 'GO:0023052', 'GO:0048519']"
GO:BP,GO:0030001,metal ion transport,1.0,False,"""The directed movement of metal ions, any metal ion with an electric charge, into, out of or within a cell, or between cells, by means of some agent such as a transporter or pore."" [GOC:ai]",860,54,5,20972,0.09259259259259259,0.005813953488372093,query_1,['GO:0006812']
GO:BP,GO:0030002,intracellular monoatomic anion homeostasis,1.0,False,"""A homeostatic process involved in the maintenance of a steady state level of monoatomic anions within a cell. Monatomic anions (also called simple anions) are anions consisting of exactly one atom."" [GOC:ceb, GOC:mah]",10,54,1,20972,0.018518518518518517,0.1,query_1,"['GO:0006873', 'GO:0055081']"
GO:BP,GO:0030003,intracellular monoatomic cation homeostasis,1.0,False,"""A homeostatic process involved in the maintenance of a steady state level of monoatomic cations within a cell. Monatomic cations (also called simple cations) are cations consisting of exactly one atom."" [GOC:ceb, GOC:mah]",428,54,2,20972,0.037037037037037035,0.004672897196261682,query_1,"['GO:0006873', 'GO:0055080']"
GO:BP,GO:0030029,actin filament-based process,1.0,False,"""Any cellular process that depends upon or alters the actin cytoskeleton, that part of the cytoskeleton comprising actin filaments and their associated proteins."" [GOC:mah]",816,54,1,20972,0.018518518518518517,0.0012254901960784314,query_1,['GO:0009987']
GO:BP,GO:0030030,cell projection organization,1.0,False,"""A process that is carried out at the cellular level which results in the assembly, arrangement of constituent parts, or disassembly of a prolongation or process extending from a cell, e.g. a flagellum or axon."" [GOC:jl, GOC:mah, PMID:16318917]",1628,54,5,20972,0.09259259259259259,0.003071253071253071,query_1,['GO:0016043']
GO:BP,GO:0030036,actin cytoskeleton organization,1.0,False,"""A process that is carried out at the cellular level which results in the assembly, arrangement of constituent parts, or disassembly of cytoskeletal structures comprising actin filaments and their associated proteins."" [GOC:dph, GOC:jl, GOC:mah]",716,54,1,20972,0.018518518518518517,0.0013966480446927375,query_1,"['GO:0007010', 'GO:0030029']"
GO:BP,GO:0030072,peptide hormone secretion,1.0,False,"""The regulated release of a peptide hormone from a cell."" [GOC:mah]",249,54,1,20972,0.018518518518518517,0.004016064257028112,query_1,"['GO:0002790', 'GO:0046879', 'GO:0071705']"
GO:BP,GO:0030073,insulin secretion,1.0,False,"""The regulated release of proinsulin from secretory granules accompanied by cleavage of proinsulin to form mature insulin. In vertebrates, insulin is secreted from B granules in the B cells of the vertebrate pancreas and from insulin-producing cells in insects."" [GOC:mah, ISBN:0198506732]",209,54,1,20972,0.018518518518518517,0.004784688995215311,query_1,"['GO:0009306', 'GO:0030072']"
GO:BP,GO:0030097,hemopoiesis,1.0,False,"""The process whose specific outcome is the progression of the myeloid and lymphoid derived organ/tissue systems of the blood and other parts of the body over time, from formation to the mature structure. The site of hemopoiesis is variable during development, but occurs primarily in bone marrow or kidney in many adult vertebrates."" [GOC:dgh, ISBN:0198506732]",971,54,3,20972,0.05555555555555555,0.003089598352214212,query_1,['GO:0048468']
GO:BP,GO:0030099,myeloid cell differentiation,1.0,False,"""The process in which a relatively unspecialized myeloid precursor cell acquires the specialized features of any cell of the myeloid leukocyte, megakaryocyte, thrombocyte, or erythrocyte lineages."" [GOC:add, ISBN:0781735149]",449,54,1,20972,0.018518518518518517,0.0022271714922048997,query_1,"['GO:0030097', 'GO:0030154']"
GO:BP,GO:0023061,signal release,1.0,False,"""The process in which a signal is secreted or discharged into the extracellular medium from a cellular source."" [GOC:mtg_signal]",490,54,1,20972,0.018518518518518517,0.0020408163265306124,query_1,"['GO:0007267', 'GO:0032940']"
GO:BP,GO:0021610,facial nerve morphogenesis,1.0,False,"""The process in which the anatomical structure of the facial nerve is generated and organized. This sensory and motor nerve supplies the muscles of facial expression and the expression and taste at the anterior two-thirds of the tongue. The principal branches are the superficial ophthalmic, buccal, palatine and hyomandibular. The main trunk synapses within pterygopalatine ganglion in the parotid gland and this ganglion then gives of nerve branches which supply the lacrimal gland and the mucous secreting glands of the nasal and oral cavities."" [GO_REF:0000021, GOC:cls, GOC:dgh, GOC:dph, GOC:jid, ISBN:0838580343]",11,54,1,20972,0.018518518518518517,0.09090909090909091,query_1,"['GO:0021561', 'GO:0021602']"
GO:BP,GO:0021612,facial nerve structural organization,1.0,False,"""The process that contributes to the act of creating the structural organization of the facial nerve. This process pertains to the physical shaping of a rudimentary structure. This sensory and motor nerve supplies the muscles of facial expression and the expression and taste at the anterior two-thirds of the tongue. The principal branches are the superficial ophthalmic, buccal, palatine and hyomandibular. The main trunk synapses within pterygopalatine ganglion in the parotid gland and this ganglion then gives of nerve branches which supply the lacrimal gland and the mucous secreting glands of the nasal and oral cavities."" [GO_REF:0000021, GOC:cls, GOC:dgh, GOC:dph, GOC:jid, ISBN:0838580343]",9,54,1,20972,0.018518518518518517,0.1111111111111111,query_1,"['GO:0021604', 'GO:0021610']"
GO:BP,GO:0021658,rhombomere 3 morphogenesis,1.0,False,"""The process in which the anatomical structure of rhombomere 3 is generated and organized. Rhombomeres are transverse segments of the developing rhombencephalon. Rhombomeres are lineage restricted, express different genes from one another, and adopt different developmental fates. Rhombomeres are numbered in an anterior to posterior order."" [GO_REF:0000021, GOC:cls, GOC:curators, GOC:dgh, GOC:dph, GOC:jid]",2,54,1,20972,0.018518518518518517,0.5,query_1,"['GO:0021569', 'GO:0021593']"
GO:BP,GO:0018205,peptidyl-lysine modification,1.0,False,"""The modification of peptidyl-lysine."" [GOC:go_curators]",133,54,1,20972,0.018518518518518517,0.007518796992481203,query_1,['GO:0018193']
GO:BP,GO:0018209,peptidyl-serine modification,1.0,False,"""The modification of peptidyl-serine."" [GOC:go_curators]",103,54,1,20972,0.018518518518518517,0.009708737864077669,query_1,['GO:0018193']
GO:BP,GO:0018210,peptidyl-threonine modification,1.0,False,"""The modification of peptidyl-threonine."" [GOC:go_curators]",49,54,1,20972,0.018518518518518517,0.02040816326530612,query_1,['GO:0018193']
GO:BP,GO:0019058,viral life cycle,1.0,False,"""A set of processes which all viruses follow to ensure survival; includes attachment and entry of the virus particle, decoding of genome information, translation of viral mRNA by host ribosomes, genome replication, and assembly and release of viral particles containing the genome."" [ISBN:1555811272]",290,54,2,20972,0.037037037037037035,0.006896551724137931,query_1,['GO:0016032']
GO:BP,GO:0019216,regulation of lipid metabolic process,1.0,False,"""Any process that modulates the frequency, rate or extent of the chemical reactions and pathways involving lipids."" [GOC:go_curators]",314,54,2,20972,0.037037037037037035,0.006369426751592357,query_1,"['GO:0006629', 'GO:0080090']"
GO:BP,GO:0019217,regulation of fatty acid metabolic process,1.0,False,"""Any process that modulates the frequency, rate or extent of the chemical reactions and pathways involving fatty acids."" [GOC:go_curators]",94,54,2,20972,0.037037037037037035,0.02127659574468085,query_1,"['GO:0006631', 'GO:0010565', 'GO:0019216', 'GO:0062012']"
GO:BP,GO:0019218,regulation of steroid metabolic process,1.0,False,"""Any process that modulates the frequency, rate or extent of the chemical reactions and pathways involving steroids."" [GOC:go_curators]",98,54,1,20972,0.018518518518518517,0.01020408163265306,query_1,"['GO:0008202', 'GO:0019216']"
GO:BP,GO:0019219,regulation of nucleobase-containing compound metabolic process,1.0,False,"""Any cellular process that modulates the frequency, rate or extent of the chemical reactions and pathways involving nucleobases, nucleosides, nucleotides and nucleic acids."" [GOC:go_curators]",3954,54,4,20972,0.07407407407407407,0.0010116337885685382,query_1,"['GO:0006139', 'GO:0080090']"
GO:BP,GO:0019221,cytokine-mediated signaling pathway,1.0,False,"""The series of molecular signals initiated by the binding of a cytokine to a receptor on the surface of a cell, and ending with the regulation of a downstream cellular process, e.g. transcription."" [GOC:mah, GOC:signaling, PMID:19295629]",564,54,2,20972,0.037037037037037035,0.0035460992907801418,query_1,"['GO:0007166', 'GO:0071345']"
GO:BP,GO:0019222,regulation of metabolic process,1.0,False,"""Any process that modulates the frequency, rate or extent of the chemical reactions and pathways within a cell or an organism."" [GOC:go_curators]",6900,54,12,20972,0.2222222222222222,0.0017391304347826088,query_1,"['GO:0008152', 'GO:0050794']"
GO:BP,GO:0018193,peptidyl-amino acid modification,1.0,False,"""The alteration of an amino acid residue in a peptide."" [GOC:mah]",495,54,3,20972,0.05555555555555555,0.006060606060606061,query_1,['GO:0036211']
GO:BP,GO:0019318,hexose metabolic process,1.0,False,"""The chemical reactions and pathways involving a hexose, any monosaccharide with a chain of six carbon atoms in the molecule."" [ISBN:0198506732]",229,54,1,20972,0.018518518518518517,0.004366812227074236,query_1,['GO:0005996']
GO:BP,GO:0016053,organic acid biosynthetic process,1.0,False,"""The chemical reactions and pathways resulting in the formation of organic acids, any acidic compound containing carbon in covalent linkage."" [ISBN:0198506732]",313,54,1,20972,0.018518518518518517,0.003194888178913738,query_1,"['GO:0006082', 'GO:0044283']"
GO:BP,GO:0016055,Wnt signaling pathway,1.0,False,"""The series of molecular signals initiated by binding of a Wnt protein to a frizzled family receptor on the surface of a target cell and ending with a change in cell state."" [PMID:11532397]",460,54,3,20972,0.05555555555555555,0.006521739130434782,query_1,['GO:0007166']
GO:BP,GO:0016064,immunoglobulin mediated immune response,1.0,False,"""An immune response mediated by immunoglobulins, whether cell-bound or in solution."" [GO_REF:0000022, GOC:add, ISBN:0781735149]",203,54,1,20972,0.018518518518518517,0.0049261083743842365,query_1,['GO:0019724']
GO:BP,GO:0016070,RNA metabolic process,1.0,False,"""The cellular chemical reactions and pathways involving RNA, ribonucleic acid, one of the two main type of nucleic acid, consisting of a long, unbranched macromolecule formed from ribonucleotides joined in 3',5'-phosphodiester linkage."" [ISBN:0198506732]",6834,54,7,20972,0.12962962962962962,0.0010242903131401815,query_1,['GO:0090304']
GO:BP,GO:0016071,mRNA metabolic process,1.0,False,"""The chemical reactions and pathways involving mRNA, messenger RNA, which is responsible for carrying the coded genetic 'message', transcribed from DNA, to sites of protein assembly at the ribosomes."" [ISBN:0198506732]",2139,54,2,20972,0.037037037037037035,0.0009350163627863488,query_1,['GO:0016070']
GO:BP,GO:0016101,diterpenoid metabolic process,1.0,False,"""The chemical reactions and pathways involving diterpenoid compounds, terpenoids with four isoprene units."" [ISBN:0198547684]",90,54,3,20972,0.05555555555555555,0.03333333333333333,query_1,['GO:0006721']
GO:BP,GO:0016192,vesicle-mediated transport,1.0,False,"""A cellular transport process in which transported substances are moved in membrane-bounded vesicles; transported substances are enclosed in the vesicle lumen or located in the vesicle membrane. The process begins with a step that directs a substance to the forming vesicle, and includes vesicle budding and coating. Vesicles are then targeted to, and fuse with, an acceptor membrane."" [GOC:ai, GOC:mah, ISBN:08789310662000]",1572,54,9,20972,0.16666666666666666,0.0057251908396946565,query_1,"['GO:0006810', 'GO:0009987']"
GO:BP,GO:0016197,endosomal transport,1.0,False,"""The directed movement of substances mediated by an endosome, a membrane-bounded organelle that carries materials enclosed in the lumen or located in the endosomal membrane."" [ISBN:0198506732]",288,54,2,20972,0.037037037037037035,0.006944444444444444,query_1,"['GO:0016192', 'GO:0046907']"
GO:BP,GO:0016226,iron-sulfur cluster assembly,1.0,False,"""The incorporation of iron and exogenous sulfur into a metallo-sulfur cluster."" [GOC:jl, GOC:mah, GOC:pde, GOC:vw]",29,54,1,20972,0.018518518518518517,0.034482758620689655,query_1,['GO:0031163']
GO:BP,GO:0016310,phosphorylation,1.0,False,"""The process of introducing a phosphate group into a molecule, usually with the formation of a phosphoric ester, a phosphoric anhydride or a phosphoric amide."" [ISBN:0198506732]",1077,54,5,20972,0.09259259259259259,0.004642525533890436,query_1,['GO:0006796']
GO:BP,GO:0016049,cell growth,1.0,False,"""The process in which a cell irreversibly increases in size over time by accretion and biosynthetic production of matter similar to that already present."" [GOC:ai]",478,54,2,20972,0.037037037037037035,0.0041841004184100415,query_1,"['GO:0009987', 'GO:0040007']"
GO:BP,GO:0018107,peptidyl-threonine phosphorylation,1.0,False,"""The phosphorylation of peptidyl-threonine to form peptidyl-O-phospho-L-threonine."" [RESID:AA0038]",49,54,1,20972,0.018518518518518517,0.02040816326530612,query_1,"['GO:0006468', 'GO:0018210']"
GO:BP,GO:0018105,peptidyl-serine phosphorylation,1.0,False,"""The phosphorylation of peptidyl-serine to form peptidyl-O-phospho-L-serine."" [RESID:AA0037]",101,54,1,20972,0.018518518518518517,0.009900990099009901,query_1,"['GO:0006468', 'GO:0018209']"
GO:BP,GO:0017062,respiratory chain complex III assembly,1.0,False,"""The aggregation, arrangement and bonding together of a set of components to form the cytochrome bc(1) complex, a transmembrane lipoprotein complex that it catalyzes the reduction of cytochrome c by accepting reducing equivalents from Coenzyme Q, by the aggregation, arrangement and bonding together of its constituents."" [GOC:jl, PMID:12833641, PMID:20116362]",13,54,1,20972,0.018518518518518517,0.07692307692307693,query_1,['GO:0017004']
GO:BP,GO:0021659,rhombomere 3 structural organization,1.0,False,"""The process that contributes to creating the structural organization of rhombomere 3. This process pertains to the physical shaping of a rudimentary structure. Rhombomeres are transverse segments of the developing rhombencephalon. Rhombomeres are lineage restricted, express different genes from one another, and adopt different developmental fates. Rhombomeres are numbered in an anterior to posterior order."" [GO_REF:0000021, GOC:cls, GOC:dgh, GOC:dph, GOC:jid]",1,54,1,20972,0.018518518518518517,1.0,query_1,"['GO:0021595', 'GO:0021658']"
GO:BP,GO:0021660,rhombomere 3 formation,1.0,False,"""The process that gives rise to rhombomere 3. This process pertains to the initial formation of a structure from unspecified parts. Rhombomeres are transverse segments of the developing rhombencephalon. Rhombomeres are lineage restricted, express different genes from one another, and adopt different developmental fates. Rhombomeres are numbered in anterior to posterior order."" [GO_REF:0000021, GOC:cls, GOC:curators, GOC:dgh, GOC:dph, GOC:jid]",1,54,1,20972,0.018518518518518517,1.0,query_1,"['GO:0021594', 'GO:0021658']"
GO:BP,GO:0021664,rhombomere 5 morphogenesis,1.0,False,"""The process in which the anatomical structures of rhombomere 5 are generated and organized. Rhombomeres are transverse segments of the developing rhombencephalon. Rhombomeres are lineage restricted, express different genes from one another, and adopt different developmental fates. Rhombomeres are numbered in an anterior to posterior order."" [GO_REF:0000021, GOC:cls, GOC:dgh, GOC:dph, GOC:jid]",1,54,1,20972,0.018518518518518517,1.0,query_1,"['GO:0021571', 'GO:0021593']"
GO:BP,GO:0021665,rhombomere 5 structural organization,1.0,False,"""The process that contributes to creating the structural organization of rhombomere 5. This process pertains to the physical shaping of a rudimentary structure. Rhombomeres are transverse segments of the developing rhombencephalon. Rhombomeres are lineage restricted, express different genes from one another, and adopt different developmental fates. Rhombomeres are numbered in an anterior to posterior order."" [GO_REF:0000021, GOC:cls, GOC:dgh, GOC:dph, GOC:jid]",1,54,1,20972,0.018518518518518517,1.0,query_1,"['GO:0021595', 'GO:0021664']"
GO:BP,GO:0021666,rhombomere 5 formation,1.0,False,"""The process that gives rise to rhombomere 5. This process pertains to the initial formation of a structure from unspecified parts. Rhombomeres are transverse segments of the developing rhombencephalon. Rhombomeres are lineage restricted, express different genes from one another, and adopt different developmental fates. Rhombomeres are numbered in anterior to posterior order."" [GO_REF:0000021, GOC:cls, GOC:curators, GOC:dgh, GOC:dph, GOC:jid]",1,54,1,20972,0.018518518518518517,1.0,query_1,"['GO:0021594', 'GO:0021664']"
GO:BP,GO:0021675,nerve development,1.0,False,"""The process whose specific outcome is the progression of a nerve over time, from its formation to the mature structure."" [GO_REF:0000021, GOC:cls, GOC:dgh, GOC:dph, GOC:jid]",93,54,1,20972,0.018518518518518517,0.010752688172043012,query_1,"['GO:0007399', 'GO:0048856']"
GO:BP,GO:0019433,triglyceride catabolic process,1.0,False,"""The chemical reactions and pathways resulting in the breakdown of a triglyceride, any triester of glycerol."" [ISBN:0198506732]",29,54,1,20972,0.018518518518518517,0.034482758620689655,query_1,"['GO:0006641', 'GO:0046464']"
GO:BP,GO:0019538,protein metabolic process,1.0,False,"""The chemical reactions and pathways involving a protein. Includes protein modification."" [GOC:ma]",4467,54,17,20972,0.3148148148148148,0.0038056861428251623,query_1,"['GO:0043170', 'GO:0044238']"
GO:BP,GO:0019637,organophosphate metabolic process,1.0,False,"""The chemical reactions and pathways involving organophosphates, any phosphate-containing organic compound."" [ISBN:0198506732]",1066,54,4,20972,0.07407407407407407,0.00375234521575985,query_1,['GO:0006793']
GO:BP,GO:0019722,calcium-mediated signaling,1.0,False,"""Any intracellular signal transduction in which the signal is passed on within the cell via calcium ions."" [GOC:signaling]",234,54,2,20972,0.037037037037037035,0.008547008547008548,query_1,['GO:0141124']
GO:BP,GO:0019724,B cell mediated immunity,1.0,False,"""Any process involved with the carrying out of an immune response by a B cell, through, for instance, the production of antibodies or cytokines, or antigen presentation to T cells."" [GO_REF:0000022, GOC:add, ISBN:0781735149]",206,54,1,20972,0.018518518518518517,0.0048543689320388345,query_1,"['GO:0002449', 'GO:0002460']"
GO:BP,GO:0019725,cellular homeostasis,1.0,False,"""Any process involved in the maintenance of an internal steady state at the level of the cell."" [GOC:isa_complete, GOC:jl, ISBN:0395825172]",738,54,3,20972,0.05555555555555555,0.0040650406504065045,query_1,['GO:0042592']
GO:BP,GO:0019730,antimicrobial humoral response,1.0,False,"""An immune response against microbes mediated through a body fluid. Examples of this process are seen in the antimicrobial humoral response of Drosophila melanogaster and Mus musculus."" [GOC:go_curators, GOC:mtg_sensu]",149,54,1,20972,0.018518518518518517,0.006711409395973154,query_1,"['GO:0006959', 'GO:0140546']"
GO:BP,GO:0019752,carboxylic acid metabolic process,1.0,False,"""The chemical reactions and pathways involving carboxylic acids, any organic acid containing one or more carboxyl (COOH) groups or anions (COO-)."" [ISBN:0198506732]",863,54,6,20972,0.1111111111111111,0.006952491309385863,query_1,['GO:0043436']
GO:BP,GO:0019755,one-carbon compound transport,1.0,False,"""The directed movement of one-carbon compounds into, out of or within a cell, or between cells, by means of some agent such as a transporter or pore."" [GOC:ai]",24,54,1,20972,0.018518518518518517,0.041666666666666664,query_1,['GO:0006810']
GO:BP,GO:0019882,antigen processing and presentation,1.0,False,"""The process in which an antigen-presenting cell expresses antigen (peptide or lipid) on its cell surface in association with an MHC protein complex."" [GO_REF:0000022, GOC:add, ISBN:0781735149, PMID:15771591, PMID:15928678]",118,54,2,20972,0.037037037037037035,0.01694915254237288,query_1,['GO:0002376']
GO:BP,GO:0019915,lipid storage,1.0,False,"""The accumulation and maintenance in cells or tissues of lipids, compounds soluble in organic solvents but insoluble or sparingly soluble in aqueous solvents. Lipid reserves can be accumulated during early developmental stages for mobilization and utilization at later stages of development."" [GOC:dph, GOC:mah, GOC:tb, PMID:11102830]",90,54,1,20972,0.018518518518518517,0.011111111111111112,query_1,['GO:0170062']
GO:BP,GO:0019953,sexual reproduction,1.0,False,"""A type of reproduction that combines the genetic material of two gametes (such as a sperm or egg cell or fungal spores). The gametes have an haploid genome (with a single set of chromosomes, the product of a meiotic division) and combines with one another to produce a zygote (diploid)."" [Wikipedia:Sexual_reproduction]",1128,54,4,20972,0.07407407407407407,0.0035460992907801418,query_1,['GO:0022414']
GO:BP,GO:0021545,cranial nerve development,1.0,False,"""The process whose specific outcome is the progression of the cranial nerves over time, from its formation to the mature structure. The cranial nerves are composed of twelve pairs of nerves that emanate from the nervous tissue of the hindbrain. These nerves are sensory, motor, or mixed in nature, and provide the motor and general sensory innervation of the head, neck and viscera. They mediate vision, hearing, olfaction and taste and carry the parasympathetic innervation of the autonomic ganglia that control visceral functions."" [GO_REF:0000021, GOC:cls, GOC:dgh, GOC:dph, GOC:jid, ISBN:0838580343]",60,54,1,20972,0.018518518518518517,0.016666666666666666,query_1,['GO:0021675']
GO:BP,GO:0021546,rhombomere development,1.0,False,"""The process whose specific outcome is the progression of the rhombomere over time, from its formation to the mature structure. Rhombomeres are transverse segments of the developing rhombencephalon. Rhombomeres are lineage restricted, express different genes from one another, and adopt different developmental fates."" [GO_REF:0000021, GOC:cls, GOC:dgh, GOC:dph, GOC:jid, ISBN:0838580343]",7,54,1,20972,0.018518518518518517,0.14285714285714285,query_1,"['GO:0030902', 'GO:0048856']"
GO:BP,GO:0021561,facial nerve development,1.0,False,"""The process whose specific outcome is the progression of the facial nerve over time, from its formation to the mature structure. This sensory and motor nerve supplies the muscles of facial expression and the expression and taste at the anterior two-thirds of the tongue. The principal branches are the superficial ophthalmic, buccal, palatine and hyomandibular. The main trunk synapses within pterygopalatine ganglion in the parotid gland and this ganglion then gives off nerve branches which supply the lacrimal gland and the mucous secreting glands of the nasal and oral cavities."" [GO_REF:0000021, GOC:cls, GOC:dgh, GOC:dph, GOC:jid, ISBN:0838580343]",11,54,1,20972,0.018518518518518517,0.09090909090909091,query_1,"['GO:0021545', 'GO:0021783']"
GO:BP,GO:0021569,rhombomere 3 development,1.0,False,"""The process whose specific outcome is the progression of rhombomere 3 over time, from its formation to the mature structure. Rhombomeres are transverse segments of the developing rhombencephalon. Rhombomeres are lineage restricted, express different genes from one another, and adopt different developmental fates. Rhombomeres are numbered in anterior to posterior order."" [GO_REF:0000021, GOC:cls, GOC:curators, GOC:dgh, GOC:dph, GOC:jid]",3,54,1,20972,0.018518518518518517,0.3333333333333333,query_1,['GO:0021546']
GO:BP,GO:0017004,cytochrome complex assembly,1.0,False,"""The aggregation, arrangement and bonding together of a cytochrome complex. A cytochrome complex is a protein complex in which at least one of the proteins is a cytochrome, i.e. a heme-containing protein involved in catalysis of redox reactions."" [GOC:jl, GOC:mah]",44,54,1,20972,0.018518518518518517,0.022727272727272728,query_1,['GO:0065003']
GO:BP,GO:0030177,positive regulation of Wnt signaling pathway,1.0,False,"""Any process that activates or increases the frequency, rate or extent of Wnt signal transduction."" [GOC:dph, GOC:go_curators, GOC:tb]",146,54,2,20972,0.037037037037037035,0.0136986301369863,query_1,"['GO:0009967', 'GO:0016055', 'GO:0030111']"
GO:BP,GO:0030168,platelet activation,1.0,False,"""A series of progressive, overlapping events triggered by exposure of the platelets to subendothelial tissue. These events include shape change, adhesiveness, aggregation, and release reactions. When carried through to completion, these events lead to the formation of a stable hemostatic plug."" [PMID:27403440]",138,54,1,20972,0.018518518518518517,0.007246376811594203,query_1,"['GO:0001775', 'GO:0007596']"
GO:BP,GO:0030166,proteoglycan biosynthetic process,1.0,False,"""The chemical reactions and pathways resulting in the formation of proteoglycans, any glycoprotein in which the carbohydrate units are glycosaminoglycans."" [PMID:35536939]",71,54,1,20972,0.018518518518518517,0.014084507042253521,query_1,"['GO:0006029', 'GO:0009101']"
GO:BP,GO:0030163,protein catabolic process,1.0,False,"""The chemical reactions and pathways resulting in the breakdown of a protein by the destruction of the native, active configuration, with or without the hydrolysis of peptide bonds."" [GOC:mah]",1057,54,1,20972,0.018518518518518517,0.000946073793755913,query_1,"['GO:0009057', 'GO:0019538']"
GO:BP,GO:0033108,mitochondrial respiratory chain complex assembly,1.0,False,"""The aggregation, arrangement and bonding together of a set of components to form a mitochondrial respiratory chain complex or between respiratory chain complexes to form high-order structures."" [GOC:mah]",103,54,2,20972,0.037037037037037035,0.019417475728155338,query_1,"['GO:0007005', 'GO:0065003']"
GO:BP,GO:0033173,calcineurin-NFAT signaling cascade,1.0,False,"""Any intracellular signal transduction in which the signal is passed on within the cell by activation of a member of the NFAT protein family as a consequence of NFAT dephosphorylation by Ca(2+)-activated calcineurin. The cascade begins with calcium-dependent activation of the phosphatase calcineurin. Calcineurin dephosphorylates multiple phosphoserine residues on NFAT, resulting in the translocation of NFAT to the nucleus. The cascade ends with regulation of transcription by NFAT. The calcineurin-NFAT cascade lies downstream of many cell surface receptors, including G protein-coupled receptors (GPCRs) and receptor tyrosine kinases (RTKs) that signal to mobilize calcium ions (Ca2+)."" [GOC:lm, GOC:mah, PMID:12975316, PMID:15928679]",47,54,1,20972,0.018518518518518517,0.02127659574468085,query_1,['GO:0097720']
GO:BP,GO:0033209,tumor necrosis factor-mediated signaling pathway,1.0,False,"""The series of molecular signals initiated by tumor necrosis factor binding to its receptor on the surface of a cell, and ending with the regulation of a downstream cellular process, e.g. transcription."" [GOC:mah, GOC:signaling]",111,54,1,20972,0.018518518518518517,0.009009009009009009,query_1,"['GO:0019221', 'GO:0071356']"
GO:BP,GO:0033365,protein localization to organelle,1.0,False,"""A process in which a protein is transported to, or maintained in, a location within an organelle."" [GOC:mah]",887,54,3,20972,0.05555555555555555,0.0033821871476888386,query_1,['GO:0008104']
GO:BP,GO:0033554,cellular response to stress,1.0,False,"""Any process that results in a change in state or activity of a cell (in terms of movement, secretion, enzyme production, gene expression, etc.) as a result of a stimulus indicating the organism is under stress. The stress is usually, but not necessarily, exogenous (e.g. temperature, humidity, ionizing radiation)."" [GOC:mah]",1856,54,5,20972,0.09259259259259259,0.0026939655172413795,query_1,"['GO:0006950', 'GO:0051716']"
GO:BP,GO:0033555,multicellular organismal response to stress,1.0,False,"""Any process that results in a change in state or activity of a multicellular organism (in terms of movement, secretion, enzyme production, gene expression, etc.) as a result of a stimulus indicating the organism is under stress. The stress is usually, but not necessarily, exogenous (e.g. temperature, humidity, ionizing radiation)."" [GOC:mah]",95,54,1,20972,0.018518518518518517,0.010526315789473684,query_1,"['GO:0006950', 'GO:0032501']"
GO:BP,GO:0033627,cell adhesion mediated by integrin,1.0,False,"""The attachment of a cell, either to another cell or to an underlying substrate such as the extracellular matrix, via an integrin, a heterodimeric adhesion receptor formed by the non-covalent association of particular alpha and beta subunits."" [GOC:add, PMID:12213832, PMID:14754902]",89,54,1,20972,0.018518518518518517,0.011235955056179775,query_1,['GO:0007155']
GO:BP,GO:0033674,positive regulation of kinase activity,1.0,False,"""Any process that activates or increases the frequency, rate or extent of kinase activity, the catalysis of the transfer of a phosphate group, usually from ATP, to a substrate molecule."" [GOC:mah]",204,54,1,20972,0.018518518518518517,0.004901960784313725,query_1,"['GO:0042327', 'GO:0043085', 'GO:0043549']"
GO:BP,GO:0033687,osteoblast proliferation,1.0,False,"""The multiplication or reproduction of osteoblasts, resulting in the expansion of an osteoblast cell population. An osteoblast is a bone-forming cell which secretes an extracellular matrix. Hydroxyapatite crystals are then deposited into the matrix to form bone."" [GOC:mah]",32,54,1,20972,0.018518518518518517,0.03125,query_1,['GO:0008283']
GO:BP,GO:0032502,developmental process,1.0,False,"""A biological process whose specific outcome is the progression of an integrated living unit: an anatomical structure (which may be a subcellular structure, cell, tissue, or organ), or organism over time from an initial condition to a later condition."" [GOC:isa_complete]",6535,54,24,20972,0.4444444444444444,0.003672532517214996,query_1,['GO:0008150']
GO:BP,GO:0033043,regulation of organelle organization,1.0,False,"""Any process that modulates the frequency, rate or extent of a process involved in the formation, arrangement of constituent parts, or disassembly of an organelle."" [GOC:mah]",1167,54,1,20972,0.018518518518518517,0.000856898029134533,query_1,"['GO:0006996', 'GO:0051128']"
GO:BP,GO:0032543,mitochondrial translation,1.0,False,"""The chemical reactions and pathways resulting in the formation of a protein in a mitochondrion. This is a ribosome-mediated process in which the information in messenger RNA (mRNA) is used to specify the sequence of amino acids in the protein; the mitochondrion has its own ribosomes and transfer RNAs, and uses a genetic code that differs from the nuclear code."" [GOC:go_curators]",131,54,1,20972,0.018518518518518517,0.007633587786259542,query_1,"['GO:0006412', 'GO:0140053']"
GO:BP,GO:0032596,protein transport into membrane raft,1.0,False,"""The directed movement of a protein into a membrane raft. Membrane rafts are small (10-200 nm), heterogeneous, highly dynamic, sterol- and sphingolipid-enriched membrane domains that compartmentalize cellular processes."" [GOC:mah]",5,54,1,20972,0.018518518518518517,0.2,query_1,"['GO:0032594', 'GO:0090150', 'GO:1903044']"
GO:BP,GO:0032637,interleukin-8 production,1.0,False,"""The appearance of interleukin-8 due to biosynthesis or secretion following a cellular stimulus, resulting in an increase in its intracellular or extracellular levels."" [GOC:mah]",84,54,1,20972,0.018518518518518517,0.011904761904761904,query_1,['GO:0001816']
GO:BP,GO:0032677,regulation of interleukin-8 production,1.0,False,"""Any process that modulates the frequency, rate, or extent of interleukin-8 production."" [GOC:mah]",84,54,1,20972,0.018518518518518517,0.011904761904761904,query_1,"['GO:0001817', 'GO:0032637']"
GO:BP,GO:0032757,positive regulation of interleukin-8 production,1.0,False,"""Any process that activates or increases the frequency, rate, or extent of interleukin-8 production."" [GOC:mah]",64,54,1,20972,0.018518518518518517,0.015625,query_1,"['GO:0001819', 'GO:0032637', 'GO:0032677']"
GO:BP,GO:0032774,RNA biosynthetic process,1.0,False,"""The chemical reactions and pathways resulting in the formation of RNA, ribonucleic acid, one of the two main type of nucleic acid, consisting of a long, unbranched macromolecule formed from ribonucleotides joined in 3',5'-phosphodiester linkage. Includes polymerization of ribonucleotide monomers. Refers not only to transcription but also to e.g. viral RNA replication."" [GOC:mah, GOC:txnOH]",6627,54,5,20972,0.09259259259259259,0.0007544892108042855,query_1,"['GO:0016070', 'GO:0141187']"
GO:BP,GO:0032787,monocarboxylic acid metabolic process,1.0,False,"""The chemical reactions and pathways involving monocarboxylic acids, any organic acid containing one carboxyl (COOH) group or anion (COO-)."" [GOC:vk]",604,54,4,20972,0.07407407407407407,0.006622516556291391,query_1,['GO:0019752']
GO:BP,GO:0032835,glomerulus development,1.0,False,"""The progression of the glomerulus over time from its initial formation until its mature state. The glomerulus is a capillary tuft which forms a close network with the visceral epithelium (podocytes) and the mesangium to form the filtration barrier and is surrounded by Bowman's capsule in nephrons of the vertebrate kidney. The glomerulus is part of the nephron and is restricted to one body segment."" [GOC:mah, GOC:mtg_kidney_jan10]",72,54,1,20972,0.018518518518518517,0.013888888888888888,query_1,"['GO:0048856', 'GO:0072006']"
GO:BP,GO:0032879,regulation of localization,1.0,False,"""Any process that modulates the frequency, rate or extent of any process in which a cell, a substance, or a cellular entity is transported to, or maintained in, a specific location."" [GOC:mah]",1914,54,7,20972,0.12962962962962962,0.0036572622779519333,query_1,"['GO:0050789', 'GO:0051179']"
GO:BP,GO:0032880,regulation of protein localization,1.0,False,"""Any process that modulates the frequency, rate or extent of any process in which a protein is transported to, or maintained in, a specific location."" [GOC:dph, GOC:mah, GOC:tb]",859,54,2,20972,0.037037037037037035,0.002328288707799767,query_1,"['GO:0008104', 'GO:0032879']"
GO:BP,GO:0032922,circadian regulation of gene expression,1.0,False,"""Any process that modulates the frequency, rate or extent of gene expression such that an expression pattern recurs with a regularity of approximately 24 hours."" [GOC:mah]",67,54,1,20972,0.018518518518518517,0.014925373134328358,query_1,"['GO:0007623', 'GO:0010468']"
GO:BP,GO:0032594,protein transport within lipid bilayer,1.0,False,"""The directed movement of a protein from one location to another within a lipid bilayer."" [GOC:mah]",7,54,1,20972,0.018518518518518517,0.14285714285714285,query_1,"['GO:0006886', 'GO:0061024']"
GO:BP,GO:0033036,macromolecule localization,1.0,False,"""Any process in which a macromolecule is transported to, or maintained in, a specific location."" [GOC:mah]",2876,54,11,20972,0.2037037037037037,0.0038247566063977748,query_1,['GO:0051179']
GO:BP,GO:0033015,tetrapyrrole catabolic process,1.0,False,"""The chemical reactions and pathways leading to the breakdown of tetrapyrroles, natural pigments containing four pyrrole rings joined by one-carbon units linking position 2 of one pyrrole ring to position 5 of the next."" [GOC:mah]",13,54,1,20972,0.018518518518518517,0.07692307692307693,query_1,"['GO:0009056', 'GO:0033013']"
GO:BP,GO:0033013,tetrapyrrole metabolic process,1.0,False,"""The chemical reactions and pathways involving tetrapyrroles, natural pigments containing four pyrrole rings joined by one-carbon units linking position 2 of one pyrrole ring to position 5 of the next."" [GOC:mah]",64,54,1,20972,0.018518518518518517,0.015625,query_1,['GO:0008152']
GO:BP,GO:0034655,nucleobase-containing compound catabolic process,1.0,False,"""The chemical reactions and pathways resulting in the breakdown of nucleobases, nucleosides, nucleotides and nucleic acids."" [GOC:mah]",526,54,1,20972,0.018518518518518517,0.0019011406844106464,query_1,"['GO:0006139', 'GO:0009056']"
GO:BP,GO:0034762,regulation of transmembrane transport,1.0,False,"""Any process that modulates the frequency, rate or extent of the directed movement of a solute from one side of a membrane to the other."" [GOC:mah]",410,54,2,20972,0.037037037037037035,0.004878048780487805,query_1,"['GO:0050794', 'GO:0051049', 'GO:0055085']"
GO:BP,GO:0034763,negative regulation of transmembrane transport,1.0,False,"""Any process that stops, prevents, or reduces the frequency, rate or extent of the directed movement of a solute from one side of a membrane to the other."" [GOC:mah]",103,54,1,20972,0.018518518518518517,0.009708737864077669,query_1,"['GO:0034762', 'GO:0048523', 'GO:0051051', 'GO:0055085']"
GO:BP,GO:0034764,positive regulation of transmembrane transport,1.0,False,"""Any process that activates or increases the frequency, rate or extent of the directed movement of a solute from one side of a membrane to the other."" [GOC:mah]",183,54,2,20972,0.037037037037037035,0.01092896174863388,query_1,"['GO:0034762', 'GO:0048522', 'GO:0051050', 'GO:0055085']"
GO:BP,GO:0033688,regulation of osteoblast proliferation,1.0,False,"""Any process that modulates the frequency, rate or extent of osteoblast proliferation."" [GOC:mah]",27,54,1,20972,0.018518518518518517,0.037037037037037035,query_1,"['GO:0033687', 'GO:0042127']"
GO:BP,GO:0033690,positive regulation of osteoblast proliferation,1.0,False,"""Any process that activates or increases the rate or extent of osteoblast proliferation."" [GOC:mah]",12,54,1,20972,0.018518518518518517,0.08333333333333333,query_1,"['GO:0008284', 'GO:0033687', 'GO:0033688']"
GO:BP,GO:0033993,response to lipid,1.0,False,"""Any process that results in a change in state or activity of a cell or an organism (in terms of movement, secretion, enzyme production, gene expression, etc.) as a result of a lipid stimulus."" [GOC:sl]",880,54,2,20972,0.037037037037037035,0.0022727272727272726,query_1,['GO:0042221']
GO:BP,GO:0034097,response to cytokine,1.0,False,"""Any process that results in a change in state or activity of a cell or an organism (in terms of movement, secretion, enzyme production, gene expression, etc.) as a result of a cytokine stimulus."" [GOC:sl]",979,54,4,20972,0.07407407407407407,0.0040858018386108275,query_1,['GO:1901652']
GO:BP,GO:0034101,erythrocyte homeostasis,1.0,False,"""Any process of regulating the production and elimination of erythrocytes within an organism."" [GOC:add, PMID:10694114, PMID:14754397]",149,54,1,20972,0.018518518518518517,0.006711409395973154,query_1,['GO:0002262']
GO:BP,GO:0034113,heterotypic cell-cell adhesion,1.0,False,"""The attachment of a cell to a cell of a different type via adhesion molecules."" [GOC:add]",61,54,1,20972,0.018518518518518517,0.01639344262295082,query_1,['GO:0098609']
GO:BP,GO:0034121,regulation of toll-like receptor signaling pathway,1.0,False,"""Any process that modulates the frequency, rate, or extent of toll-like receptor signaling pathway."" [GOC:add, PMID:16551253, PMID:17328678]",36,54,2,20972,0.037037037037037035,0.05555555555555555,query_1,"['GO:0002224', 'GO:0062207']"
GO:BP,GO:0034122,negative regulation of toll-like receptor signaling pathway,1.0,False,"""Any process that stops, prevents, or reduces the frequency, rate, or extent of toll-like receptor signaling pathway."" [GOC:add, PMID:16551253, PMID:17328678]",20,54,1,20972,0.018518518518518517,0.05,query_1,"['GO:0002224', 'GO:0002683', 'GO:0009968', 'GO:0034121']"
GO:BP,GO:0034123,positive regulation of toll-like receptor signaling pathway,1.0,False,"""Any process that activates or increases the frequency, rate, or extent of toll-like receptor signaling pathway."" [GOC:add, PMID:16551253, PMID:17328678]",4,54,1,20972,0.018518518518518517,0.25,query_1,"['GO:0002224', 'GO:0034121', 'GO:0062208']"
GO:BP,GO:0034124,regulation of MyD88-dependent toll-like receptor signaling pathway,1.0,False,"""Any process that modulates the frequency, rate, or extent of MyD88-dependent toll-like receptor signaling pathway."" [GOC:add, PMID:16551253, PMID:17328678]",5,54,1,20972,0.018518518518518517,0.2,query_1,"['GO:0002755', 'GO:0034121']"
GO:BP,GO:0034126,positive regulation of MyD88-dependent toll-like receptor signaling pathway,1.0,False,"""Any process that activates or increases the frequency, rate, or extent of MyD88-dependent toll-like receptor signaling pathway."" [GOC:add, PMID:16551253, PMID:17328678]",1,54,1,20972,0.018518518518518517,1.0,query_1,"['GO:0002755', 'GO:0034123', 'GO:0034124']"
GO:BP,GO:0034198,cellular response to amino acid starvation,1.0,False,"""Any process that results in a change in state or activity of a cell (in terms of movement, secretion, enzyme production, gene expression, etc.) as a result of deprivation of amino acids."" [GOC:ecd]",53,54,1,20972,0.018518518518518517,0.018867924528301886,query_1,"['GO:0009267', 'GO:1990928']"
GO:BP,GO:0034214,protein hexamerization,1.0,False,"""The formation of a protein hexamer, a macromolecular structure consisting of six noncovalently associated identical or nonidentical subunits."" [GOC:ecd]",9,54,1,20972,0.018518518518518517,0.1111111111111111,query_1,['GO:0051259']
GO:BP,GO:0034220,monoatomic ion transmembrane transport,1.0,False,"""A process in which a monoatomic ion is transported across a membrane. Monatomic ions (also called simple ions) are ions consisting of exactly one atom."" [GOC:mah]",1025,54,3,20972,0.05555555555555555,0.002926829268292683,query_1,"['GO:0006811', 'GO:0055085']"
GO:BP,GO:0034308,primary alcohol metabolic process,1.0,False,"""The chemical reactions and pathways involving primary alcohols. A primary alcohol is any alcohol in which a hydroxy group, -OH, is attached to a saturated carbon atom which has either three hydrogen atoms attached to it or only one other carbon atom and two hydrogen atoms attached to it."" [GOC:mah]",103,54,2,20972,0.037037037037037035,0.019417475728155338,query_1,['GO:0006066']
GO:BP,GO:0034329,cell junction assembly,1.0,False,"""A cellular process that results in the aggregation, arrangement and bonding together of a set of components to form a cell junction."" [GOC:mah]",509,54,1,20972,0.018518518518518517,0.0019646365422396855,query_1,"['GO:0022607', 'GO:0034330']"
GO:BP,GO:0032965,regulation of collagen biosynthetic process,1.0,False,"""Any process that modulates the frequency, rate or extent of the chemical reactions and pathways resulting in the formation of collagen, any of a group of fibrous proteins of very high tensile strength that form the main component of connective tissue in animals."" [GOC:mah]",32,54,1,20972,0.018518518518518517,0.03125,query_1,"['GO:0009889', 'GO:0010712', 'GO:0032964']"
GO:BP,GO:0032967,positive regulation of collagen biosynthetic process,1.0,False,"""Any process that activates or increases the frequency, rate or extent of the chemical reactions and pathways resulting in the formation of collagen, any of a group of fibrous proteins of very high tensile strength that form the main component of connective tissue in animals."" [GOC:mah]",22,54,1,20972,0.018518518518518517,0.045454545454545456,query_1,"['GO:0009891', 'GO:0010714', 'GO:0032964', 'GO:0032965']"
GO:BP,GO:0032984,protein-containing complex disassembly,1.0,False,"""The disaggregation of a protein-containing macromolecular complex into its constituent components."" [GOC:mah]",258,54,1,20972,0.018518518518518517,0.003875968992248062,query_1,"['GO:0022411', 'GO:0043933']"
GO:BP,GO:0032940,secretion by cell,1.0,False,"""The controlled release of a substance by a cell."" [GOC:mah]",835,54,1,20972,0.018518518518518517,0.0011976047904191617,query_1,"['GO:0046903', 'GO:0140352']"
GO:BP,GO:0034620,cellular response to unfolded protein,1.0,False,"""Any process that results in a change in state or activity of a cell (in terms of movement, secretion, enzyme production, gene expression, etc.) as a result of an unfolded protein stimulus."" [GOC:mah]",100,54,1,20972,0.018518518518518517,0.01,query_1,"['GO:0006986', 'GO:0035967']"
GO:BP,GO:0032963,collagen metabolic process,1.0,False,"""The chemical reactions and pathways involving collagen, any of a group of fibrous proteins of very high tensile strength that form the main component of connective tissue in animals. Collagen is highly enriched in glycine (some regions are 33% glycine) and proline, occurring predominantly as 3-hydroxyproline (about 20%)."" [GOC:mah, ISBN:0198506732]",102,54,1,20972,0.018518518518518517,0.00980392156862745,query_1,['GO:0008152']
GO:BP,GO:0032006,regulation of TOR signaling,1.0,False,"""Any process that modulates the frequency, rate or extent of TOR signaling."" [GOC:mah]",152,54,1,20972,0.018518518518518517,0.006578947368421052,query_1,"['GO:0031929', 'GO:1902531']"
GO:BP,GO:0031646,positive regulation of nervous system process,1.0,False,"""Any process that activates or increases the frequency, rate or extent of a neurophysiological process."" [GOC:dph, GOC:mah, GOC:tb]",33,54,1,20972,0.018518518518518517,0.030303030303030304,query_1,"['GO:0031644', 'GO:0050877', 'GO:0051240']"
GO:BP,GO:0031667,response to nutrient levels,1.0,False,"""Any process that results in a change in state or activity of a cell or an organism (in terms of movement, secretion, enzyme production, gene expression, etc.) as a result of a stimulus reflecting the presence, absence, or concentration of nutrients."" [GOC:mah]",475,54,1,20972,0.018518518518518517,0.002105263157894737,query_1,['GO:0050896']
GO:BP,GO:0031669,cellular response to nutrient levels,1.0,False,"""Any process that results in a change in state or activity of a cell (in terms of movement, secretion, enzyme production, gene expression, etc.) as a result of a stimulus reflecting the presence, absence, or concentration of nutrients."" [GOC:mah]",250,54,1,20972,0.018518518518518517,0.004,query_1,"['GO:0031667', 'GO:0051716']"
GO:BP,GO:0031929,TOR signaling,1.0,False,"""The series of molecular signals mediated by TOR (Target of rapamycin) proteins, members of the phosphoinositide (PI) 3-kinase related kinase (PIKK) family that act as serine/threonine kinases in response to nutrient availability or growth factors."" [PMID:12372295]",179,54,1,20972,0.018518518518518517,0.00558659217877095,query_1,['GO:0035556']
GO:BP,GO:0030282,bone mineralization,1.0,False,"""The deposition of hydroxyapatite, a form of calcium phosphate with the formula Ca10(PO4)6(OH)2, in bone tissue."" [GOC:mah, PMID:22936354]",125,54,1,20972,0.018518518518518517,0.008,query_1,"['GO:0001503', 'GO:0031214']"
GO:BP,GO:0030307,positive regulation of cell growth,1.0,False,"""Any process that activates or increases the frequency, rate, extent or direction of cell growth."" [GOC:go_curators]",155,54,2,20972,0.037037037037037035,0.012903225806451613,query_1,"['GO:0001558', 'GO:0016049', 'GO:0045927', 'GO:0048522']"
GO:BP,GO:0030323,respiratory tube development,1.0,False,"""The process whose specific outcome is the progression of the respiratory tube over time, from its formation to the mature structure. The respiratory tube is assumed to mean any tube in the respiratory tract."" [GOC:jid]",198,54,1,20972,0.018518518518518517,0.005050505050505051,query_1,"['GO:0035295', 'GO:0048513']"
GO:BP,GO:0030324,lung development,1.0,False,"""The process whose specific outcome is the progression of the lung over time, from its formation to the mature structure. In all air-breathing vertebrates the lungs are developed from the ventral wall of the oesophagus as a pouch which divides into two sacs. In amphibians and many reptiles the lungs retain very nearly this primitive sac-like character, but in the higher forms the connection with the esophagus becomes elongated into the windpipe and the inner walls of the sacs become more and more divided, until, in the mammals, the air spaces become minutely divided into tubes ending in small air cells, in the walls of which the blood circulates in a fine network of capillaries. In mammals the lungs are more or less divided into lobes, and each lung occupies a separate cavity in the thorax."" [GOC:jid, UBERON:0002048]",194,54,1,20972,0.018518518518518517,0.005154639175257732,query_1,"['GO:0030323', 'GO:0048513', 'GO:0060541']"
GO:BP,GO:0030334,regulation of cell migration,1.0,False,"""Any process that modulates the frequency, rate or extent of cell migration."" [GOC:go_curators]",944,54,1,20972,0.018518518518518517,0.001059322033898305,query_1,"['GO:0016477', 'GO:2000145']"
GO:BP,GO:0030335,positive regulation of cell migration,1.0,False,"""Any process that activates or increases the frequency, rate or extent of cell migration."" [GOC:go_curators]",544,54,1,20972,0.018518518518518517,0.001838235294117647,query_1,"['GO:0016477', 'GO:0030334', 'GO:2000147']"
GO:BP,GO:0031644,regulation of nervous system process,1.0,False,"""Any process that modulates the frequency, rate or extent of a neurophysiological process, an organ system process carried out by any of the organs or tissues of the nervous system."" [GOC:dph, GOC:mah, GOC:tb]",114,54,1,20972,0.018518518518518517,0.008771929824561403,query_1,"['GO:0044057', 'GO:0050877']"
GO:BP,GO:0030488,tRNA methylation,1.0,False,"""The posttranscriptional addition of methyl groups to specific residues in a tRNA molecule."" [GOC:mah]",40,54,1,20972,0.018518518518518517,0.025,query_1,"['GO:0001510', 'GO:0006400']"
GO:BP,GO:0030643,intracellular phosphate ion homeostasis,1.0,False,"""A homeostatic process involved in the maintenance of a steady state level of phosphate ions within a cell."" [GOC:mah]",10,54,1,20972,0.018518518518518517,0.1,query_1,"['GO:0055062', 'GO:0055082']"
GO:BP,GO:0030644,intracellular chloride ion homeostasis,1.0,False,"""A homeostatic process involved in the maintenance of a steady state level of chloride ions within a cell."" [GOC:mah]",10,54,1,20972,0.018518518518518517,0.1,query_1,"['GO:0030002', 'GO:0055064']"
GO:BP,GO:0030705,cytoskeleton-dependent intracellular transport,1.0,False,"""The directed movement of substances along cytoskeletal fibers such as microfilaments or microtubules within a cell."" [GOC:mah]",203,54,1,20972,0.018518518518518517,0.0049261083743842365,query_1,['GO:0046907']
GO:BP,GO:0030902,hindbrain development,1.0,False,"""The process whose specific outcome is the progression of the hindbrain over time, from its formation to the mature structure. The hindbrain is the posterior of the three primary divisions of the developing chordate brain, or the corresponding part of the adult brain (in vertebrates, includes the cerebellum, pons, and medulla oblongata and controls the autonomic functions and equilibrium)."" [PMID:4975589, PMID:4992177]",157,54,1,20972,0.018518518518518517,0.006369426751592357,query_1,"['GO:0007420', 'GO:0048856']"
GO:BP,GO:0031163,metallo-sulfur cluster assembly,1.0,False,"""The incorporation of a metal and exogenous sulfur into a metallo-sulfur cluster."" [GOC:jl, GOC:mah, GOC:pde, GOC:vw]",29,54,1,20972,0.018518518518518517,0.034482758620689655,query_1,['GO:0022607']
GO:BP,GO:0031175,neuron projection development,1.0,False,"""The process whose specific outcome is the progression of a neuron projection over time, from its formation to the mature structure. A neuron projection is any process extending from a neural cell, such as axons or dendrites (collectively called neurites)."" [GOC:mah]",1010,54,5,20972,0.09259259259259259,0.0049504950495049506,query_1,"['GO:0048666', 'GO:0120036']"
GO:BP,GO:0031214,biomineral tissue development,1.0,False,"""Formation of hard tissues that consist mainly of inorganic compounds, and also contain a small amounts of organic matrices that are believed to play important roles in their formation."" [PMID:15132736]",178,54,1,20972,0.018518518518518517,0.0056179775280898875,query_1,"['GO:0009888', 'GO:0048513']"
GO:BP,GO:0031341,regulation of cell killing,1.0,False,"""Any process that modulates the frequency, rate or extent of cell killing, the process in which a cell brings about the death of another cell, either in the same or a different organism."" [GOC:mah]",104,54,1,20972,0.018518518518518517,0.009615384615384616,query_1,"['GO:0001906', 'GO:0050794']"
GO:BP,GO:0030155,regulation of cell adhesion,1.0,False,"""Any process that modulates the frequency, rate or extent of attachment of a cell to another cell or to the extracellular matrix."" [GOC:mah]",780,54,1,20972,0.018518518518518517,0.001282051282051282,query_1,"['GO:0007155', 'GO:0050794']"
GO:BP,GO:0030162,regulation of proteolysis,1.0,False,"""Any process that modulates the frequency, rate or extent of the hydrolysis of a peptide bond or bonds within a protein."" [GOC:mah]",166,54,1,20972,0.018518518518518517,0.006024096385542169,query_1,"['GO:0006508', 'GO:0051246']"
GO:BP,GO:0030539,male genitalia development,1.0,False,"""The process whose specific outcome is the progression of the male genitalia over time, from its formation to the mature structure."" [GOC:ems, ISBN:0140512888]",23,54,1,20972,0.018518518518518517,0.043478260869565216,query_1,"['GO:0046661', 'GO:0048806', 'GO:0061458']"
GO:BP,GO:0031643,positive regulation of myelination,1.0,False,"""Any process that activates or increases the frequency, rate or extent of the formation of a myelin sheath around nerve axons."" [GOC:mah]",19,54,1,20972,0.018518518518518517,0.05263157894736842,query_1,"['GO:0031641', 'GO:0031646', 'GO:0042552', 'GO:0048522']"
GO:BP,GO:0031641,regulation of myelination,1.0,False,"""Any process that modulates the frequency, rate or extent of the formation of a myelin sheath around nerve axons."" [GOC:mah]",45,54,1,20972,0.018518518518518517,0.022222222222222223,query_1,"['GO:0042552', 'GO:0050794', 'GO:0051960']"
GO:BP,GO:0031640,killing of cells of another organism,1.0,False,"""Any process in an organism that results in the killing of cells of another organism, including in some cases the death of the other organism. Killing here refers to the induction of death in one cell by another cell, not cell-autonomous death due to internal or other environmental conditions."" [GOC:add]",79,54,2,20972,0.037037037037037035,0.02531645569620253,query_1,"['GO:0001906', 'GO:0141061']"
GO:BP,GO:0032007,negative regulation of TOR signaling,1.0,False,"""Any process that stops, prevents, or reduces the frequency, rate or extent of TOR signaling."" [GOC:mah]",73,54,1,20972,0.018518518518518517,0.0136986301369863,query_1,"['GO:0031929', 'GO:0032006', 'GO:1902532']"
GO:BP,GO:0032024,positive regulation of insulin secretion,1.0,False,"""Any process that activates or increases the frequency, rate or extent of the regulated release of insulin."" [GOC:mah]",88,54,1,20972,0.018518518518518517,0.011363636363636364,query_1,"['GO:0030073', 'GO:0050714', 'GO:0050796', 'GO:0090277']"
GO:BP,GO:0032101,regulation of response to external stimulus,1.0,False,"""Any process that modulates the frequency, rate or extent of a response to an external stimulus."" [GOC:mah]",1092,54,7,20972,0.12962962962962962,0.00641025641025641,query_1,"['GO:0009605', 'GO:0048583']"
GO:BP,GO:0032102,negative regulation of response to external stimulus,1.0,False,"""Any process that stops, prevents, or reduces the frequency, rate or extent of a response to an external stimulus."" [GOC:mah]",393,54,2,20972,0.037037037037037035,0.005089058524173028,query_1,"['GO:0009605', 'GO:0032101', 'GO:0048585']"
GO:BP,GO:0032103,positive regulation of response to external stimulus,1.0,False,"""Any process that activates, maintains or increases the rate of a response to an external stimulus."" [GOC:mah]",645,54,5,20972,0.09259259259259259,0.007751937984496124,query_1,"['GO:0009605', 'GO:0032101', 'GO:0048584']"
GO:BP,GO:0032147,activation of protein kinase activity,1.0,False,"""Any process that initiates the activity of an inactive protein kinase."" [GOC:mah]",51,54,1,20972,0.018518518518518517,0.0196078431372549,query_1,['GO:0045860']
GO:BP,GO:0032259,methylation,1.0,False,"""The process in which a methyl group is covalently attached to a molecule."" [GOC:mah]",238,54,1,20972,0.018518518518518517,0.004201680672268907,query_1,['GO:0008152']
GO:BP,GO:0032365,intracellular lipid transport,1.0,False,"""The directed movement of lipids within cells."" [GOC:mah]",47,54,1,20972,0.018518518518518517,0.02127659574468085,query_1,"['GO:0006869', 'GO:0046907']"
GO:BP,GO:0032368,regulation of lipid transport,1.0,False,"""Any process that modulates the frequency, rate or extent of the directed movement of lipids into, out of or within a cell, or between cells, by means of some agent such as a transporter or pore."" [GOC:mah]",128,54,1,20972,0.018518518518518517,0.0078125,query_1,"['GO:0006869', 'GO:0051049', 'GO:1905952']"
GO:BP,GO:0032369,negative regulation of lipid transport,1.0,False,"""Any process that stops, prevents, or reduces the frequency, rate or extent of the directed movement of lipids into, out of or within a cell, or between cells, by means of some agent such as a transporter or pore."" [GOC:mah]",29,54,1,20972,0.018518518518518517,0.034482758620689655,query_1,"['GO:0006869', 'GO:0032368', 'GO:0051051', 'GO:1905953']"
GO:BP,GO:0032446,protein modification by small protein conjugation,1.0,False,"""A protein modification process in which one or more groups of a small protein, such as ubiquitin or a ubiquitin-like protein, are covalently attached to a target protein."" [GOC:mah]",810,54,2,20972,0.037037037037037035,0.0024691358024691358,query_1,['GO:0070647']
GO:BP,GO:0032456,endocytic recycling,1.0,False,"""The directed movement of membrane-bounded vesicles from endosomes back to the plasma membrane, a trafficking pathway that promotes the recycling of internalized transmembrane proteins."" [PMID:16473635, PMID:23563491]",86,54,2,20972,0.037037037037037035,0.023255813953488372,query_1,"['GO:0016197', 'GO:0098876']"
GO:BP,GO:0032482,Rab protein signal transduction,1.0,False,"""An intracellular signaling cassette in which a small monomeric GTPase of the Rab subfamily relays a signal."" [GOC:mah]",23,54,2,20972,0.037037037037037035,0.08695652173913043,query_1,['GO:0007264']
GO:BP,GO:0032496,response to lipopolysaccharide,1.0,False,"""Any process that results in a change in state or activity of an organism (in terms of movement, secretion, enzyme production, gene expression, etc.) as a result of a lipopolysaccharide stimulus; lipopolysaccharide is a major component of the cell wall of gram-negative bacteria."" [GOC:add, ISBN:0721601464]",326,54,2,20972,0.037037037037037035,0.006134969325153374,query_1,"['GO:0002237', 'GO:0033993', 'GO:1901700']"
GO:BP,GO:0032501,multicellular organismal process,1.0,False,"""Any biological process, occurring at the level of a multicellular organism, pertinent to its function."" [GOC:curators, GOC:dph, GOC:isa_complete, GOC:tb]",7337,54,26,20972,0.48148148148148145,0.003543682704102494,query_1,['GO:0008150']
GO:BP,GO:0031344,regulation of cell projection organization,1.0,False,"""Any process that modulates the frequency, rate or extent of a process involved in the formation, arrangement of constituent parts, or disassembly of cell projections."" [GOC:mah]",639,54,1,20972,0.018518518518518517,0.001564945226917058,query_1,"['GO:0030030', 'GO:0051128']"
GO:BP,GO:0031346,positive regulation of cell projection organization,1.0,False,"""Any process that activates or increases the frequency, rate or extent of the process involved in the formation, arrangement of constituent parts, or disassembly of cell projections."" [GOC:mah]",342,54,1,20972,0.018518518518518517,0.0029239766081871343,query_1,"['GO:0030030', 'GO:0031344', 'GO:0051130']"
GO:BP,GO:0031347,regulation of defense response,1.0,False,"""Any process that modulates the frequency, rate or extent of a defense response."" [GOC:mah]",831,54,5,20972,0.09259259259259259,0.006016847172081829,query_1,"['GO:0006952', 'GO:0080134']"
GO:BP,GO:0031349,positive regulation of defense response,1.0,False,"""Any process that activates or increases the frequency, rate or extent of a defense response."" [GOC:mah]",519,54,4,20972,0.07407407407407407,0.007707129094412331,query_1,"['GO:0006952', 'GO:0031347', 'GO:0048584']"
GO:BP,GO:0031399,regulation of protein modification process,1.0,False,"""Any process that modulates the frequency, rate or extent of the covalent alteration of one or more amino acid residues within a protein."" [GOC:mah, GOC:tb]",748,54,1,20972,0.018518518518518517,0.001336898395721925,query_1,"['GO:0036211', 'GO:0051246']"
GO:BP,GO:0031401,positive regulation of protein modification process,1.0,False,"""Any process that activates or increases the frequency, rate or extent of the covalent alteration of one or more amino acid residues within a protein."" [GOC:mah, GOC:tb]",450,54,1,20972,0.018518518518518517,0.0022222222222222222,query_1,"['GO:0031399', 'GO:0036211', 'GO:0051247']"
GO:BP,GO:0031503,protein-containing complex localization,1.0,False,"""A localization process that acts on a protein complex; the complex is transported to, or maintained in, a specific location."" [GOC:mah]",88,54,1,20972,0.018518518518518517,0.011363636363636364,query_1,['GO:0033036']
GO:BP,GO:0031589,cell-substrate adhesion,1.0,False,"""The attachment of a cell to the underlying substrate via adhesion molecules."" [GOC:mah, GOC:pf]",349,54,1,20972,0.018518518518518517,0.0028653295128939827,query_1,['GO:0007155']
GO:BP,GO:0032964,collagen biosynthetic process,1.0,False,"""The chemical reactions and pathways resulting in the formation of collagen, any of a group of fibrous proteins of very high tensile strength that form the main component of connective tissue in animals. Collagen is highly enriched in glycine (some regions are 33% glycine) and proline, occurring predominantly as 3-hydroxyproline (about 20%)."" [GOC:mah, ISBN:0198506732]",44,54,1,20972,0.018518518518518517,0.022727272727272728,query_1,"['GO:0009058', 'GO:0032963']"
GO:BP,GO:0000038,very long-chain fatty acid metabolic process,1.0,False,"""The chemical reactions and pathways involving a very long-chain fatty acid. A very long-chain fatty acid has an aliphatic tail containing more than 22 carbons."" [GOC:hjd]",35,54,2,20972,0.037037037037037035,0.05714285714285714,query_1,['GO:0006631']
